_MEMBER_hits,_LogP_hits,GO,_PATTERN_,_RANK_,GiniIndex,Category,CategoryID,Description,PARENT_GO,LogP,Enrichment,Z-score,#TotalGeneInLibrary,#GeneInGO,#GeneInHitList,#GeneInGOAndHitList,%InGO,STDV %InGO,GeneID,Hits,Log(q-value),EvidenceCutoff
1,-49,M39070,M1,1,0,Cell Type Signatures,7,MANNO MIDBRAIN NEUROTYPES HNBGABA,,-49,11,25,30284,703,266,67,25,2.7,107|286|478|481|1826|1993|1996|2070|2258|2259|2554|2561|2566|2572|3746|3747|4045|4131|4978|5126|5178|5332|5579|6323|6334|6546|9201|9699|9758|9900|10369|10891|11122|22987|23305|26470|27303|51555|54715|55605|55691|55711|57468|59283|59338|60468|64753|80031|80034|80852|81539|83992|84969|114815|134829|145581|152330|154661|161357|221336|222008|222183|254531|256714|286205|388662|401145,ADCY1|ANK1|ATP1A3|ATP1B1|DSCAM|ELAVL2|ELAVL4|EYA4|FGF13|FGF14|GABRA1|GABRB2|GABRG2|GAD2|KCNC1|KCNC2|LSAMP|MAP1B|OPCML|PCSK2|PEG3|PLCB4|PRKCB|SCN1A|SCN8A|SLC8A1|DCLK1|RIMS2|FRMPD4|SV2A|CACNG2|PPARGC1A|PTPRT|SV2C|ACSL6|SEZ6L2|RBMS3|PEX5L|RBFOX1|KIF21A|FRMD4A|FAR2|SLC12A5|CACNG8|PLEKHA1|BACH2|CCDC136|SEMA6D|CSRNP3|GRIP2|SLC38A1|CTTNBP2|TOX2|SORCS1|CLVS2|LRFN5|CNTN4|RUNDC3B|MDGA2|BEND6|VSTM2A|SRRM3|LPCAT4|MAP7D2|SCAI|SLC6A17|CCSER1,-44,0
1,-39,M39068,M1,1,0,Cell Type Signatures,7,MANNO MIDBRAIN NEUROTYPES HDA1,,-39,11,22,30284,584,266,55,21,2.5,107|286|478|481|1612|1826|1993|1996|2258|2566|3763|4045|4131|5126|5178|5218|5332|5578|6095|6334|6546|7447|8604|8618|8905|9201|9498|9758|9900|10231|10369|22854|22987|23236|23281|23305|26470|50650|53616|54212|55605|57468|64753|79750|80031|80034|81539|84969|93664|114880|154661|222008|254531|388336|401145,ADCY1|ANK1|ATP1A3|ATP1B1|DAPK1|DSCAM|ELAVL2|ELAVL4|FGF13|GABRG2|KCNJ6|LSAMP|MAP1B|PCSK2|PEG3|CDK14|PLCB4|PRKCA|RORA|SCN8A|SLC8A1|VSNL1|SLC25A12|CADPS|AP1S2|DCLK1|SLC4A8|FRMPD4|SV2A|RCAN2|CACNG2|NTNG1|SV2C|PLCB1|MTUS2|ACSL6|SEZ6L2|ARHGEF3|ADAM22|SNTG1|KIF21A|SLC12A5|CCDC136|ZNF385D|SEMA6D|CSRNP3|SLC38A1|TOX2|CADPS2|OSBPL6|RUNDC3B|VSTM2A|LPCAT4|SHISA6|CCSER1,-35,0
1,-32,M39069,M1,1,0,Cell Type Signatures,7,MANNO MIDBRAIN NEUROTYPES HDA2,,-32,10,20,30284,513,266,46,17,2.3,478|481|1826|1993|1996|2258|2566|3747|3763|4131|4163|5126|5218|5578|5579|6334|7447|8618|9331|9628|9699|9758|9900|10231|10369|22987|23281|23359|25834|26470|50650|51555|54212|56172|59283|80031|80034|80852|84969|85004|114880|145581|152330|154661|222008|256714,ATP1A3|ATP1B1|DSCAM|ELAVL2|ELAVL4|FGF13|GABRG2|KCNC2|KCNJ6|MAP1B|MCC|PCSK2|CDK14|PRKCA|PRKCB|SCN8A|VSNL1|CADPS|B4GALT6|RGS6|RIMS2|FRMPD4|SV2A|RCAN2|CACNG2|SV2C|MTUS2|ENTREP2|MGAT4C|SEZ6L2|ARHGEF3|PEX5L|SNTG1|ANKH|CACNG8|SEMA6D|CSRNP3|GRIP2|TOX2|RERG|OSBPL6|LRFN5|CNTN4|RUNDC3B|VSTM2A|MAP7D2,-28,0
1,-31,M39066,M1,1,0,Cell Type Signatures,7,MANNO MIDBRAIN NEUROTYPES HNBML5,,-31,11,20,30284,465,266,44,17,2.3,478|636|1826|1993|1996|2104|2259|2554|2561|2566|2572|3746|3747|4131|4978|5178|5579|6334|7447|8618|9699|9900|10369|11122|11249|22854|22895|23047|23281|26470|54715|55605|57468|79750|80034|80852|81539|84969|114880|161357|222008|222183|256714|286205,ATP1A3|BICD1|DSCAM|ELAVL2|ELAVL4|ESRRG|FGF14|GABRA1|GABRB2|GABRG2|GAD2|KCNC1|KCNC2|MAP1B|OPCML|PEG3|PRKCB|SCN8A|VSNL1|CADPS|RIMS2|SV2A|CACNG2|PTPRT|NXPH2|NTNG1|RPH3A|PDS5B|MTUS2|SEZ6L2|RBFOX1|KIF21A|SLC12A5|ZNF385D|CSRNP3|GRIP2|SLC38A1|TOX2|OSBPL6|MDGA2|VSTM2A|SRRM3|MAP7D2|SCAI,-27,0
1,-30,M39072,M1,1,0,Cell Type Signatures,7,MANNO MIDBRAIN NEUROTYPES HSERT,,-30,11,19,30284,450,266,42,16,2.2,107|478|1290|1993|2258|2259|2561|2566|2805|3746|3815|4131|4978|5178|5579|7447|9498|9699|9758|9806|23236|23281|23305|25834|26470|27303|51310|53616|54715|55711|57468|59283|79750|80034|80852|145581|152330|154661|222008|254531|256714|401145,ADCY1|ATP1A3|COL5A2|ELAVL2|FGF13|FGF14|GABRB2|GABRG2|GOT1|KCNC1|KIT|MAP1B|OPCML|PEG3|PRKCB|VSNL1|SLC4A8|RIMS2|FRMPD4|SPOCK2|PLCB1|MTUS2|ACSL6|MGAT4C|SEZ6L2|RBMS3|SLC22A17|ADAM22|RBFOX1|FAR2|SLC12A5|CACNG8|ZNF385D|CSRNP3|GRIP2|LRFN5|CNTN4|RUNDC3B|VSTM2A|LPCAT4|MAP7D2|CCSER1,-26,0
1,-23,M39073,M1,1,0,Cell Type Signatures,7,MANNO MIDBRAIN NEUROTYPES HOMTN,,-23,10,17,30284,389,266,34,13,2,107|478|1993|1996|2104|2258|2566|4131|4249|6334|9498|10369|22987|23236|26470|27303|51555|53616|54674|54715|55605|60468|79698|80031|81539|114804|114880|145581|152330|154661|161357|222008|222183|256714,ADCY1|ATP1A3|ELAVL2|ELAVL4|ESRRG|FGF13|GABRG2|MAP1B|MGAT5|SCN8A|SLC4A8|CACNG2|SV2C|PLCB1|SEZ6L2|RBMS3|PEX5L|ADAM22|LRRN3|RBFOX1|KIF21A|BACH2|ZMAT4|SEMA6D|SLC38A1|RNF157|OSBPL6|LRFN5|CNTN4|RUNDC3B|MDGA2|VSTM2A|SRRM3|MAP7D2,-19,0
1,-23,M39234,M1,1,0,Cell Type Signatures,7,LAKE ADULT KIDNEY C15 CONNECTING TUBULE,,-23,17,19,30284,171,266,25,9.4,1.8,132|481|549|2104|2258|3708|4306|5578|6095|6546|9353|10529|10891|11278|22848|23136|23254|26031|26040|54212|80144|84159|90627|93664|401145,ADK|ATP1B1|AUH|ESRRG|FGF13|ITPR1|NR3C2|PRKCA|RORA|SLC8A1|SLIT2|NEBL|PPARGC1A|KLF12|AAK1|EPB41L3|KAZN|OSBPL3|SETBP1|SNTG1|FRAS1|ARID5B|STARD13|CADPS2|CCSER1,-19,0
1,-22,M39067,M1,1,0,Cell Type Signatures,7,MANNO MIDBRAIN NEUROTYPES HDA,,-22,8.3,16,30284,506,266,37,14,2.1,286|478|1826|1993|1996|2258|2566|4045|4131|5578|5579|8618|8905|9201|9498|9628|9699|9900|10369|22854|23281|26470|50650|57468|59338|64753|79750|80031|80034|80820|80852|83992|84969|134829|154661|254531|401145,ANK1|ATP1A3|DSCAM|ELAVL2|ELAVL4|FGF13|GABRG2|LSAMP|MAP1B|PRKCA|PRKCB|CADPS|AP1S2|DCLK1|SLC4A8|RGS6|RIMS2|SV2A|CACNG2|NTNG1|MTUS2|SEZ6L2|ARHGEF3|SLC12A5|PLEKHA1|CCDC136|ZNF385D|SEMA6D|CSRNP3|EEPD1|GRIP2|CTTNBP2|TOX2|CLVS2|RUNDC3B|LPCAT4|CCSER1,-19,0
1,-20,M39233,M1,1,0,Cell Type Signatures,7,LAKE ADULT KIDNEY C14 DISTAL CONVOLUTED TUBULE,,-20,14,17,30284,208,266,25,9.4,1.8,481|549|785|2104|2258|3708|4306|5218|6095|6546|10891|11278|23078|26031|27327|55074|55799|56243|79750|80144|93664|158326|342184|401145|104472715,ATP1B1|AUH|CACNB4|ESRRG|FGF13|ITPR1|NR3C2|CDK14|RORA|SLC8A1|PPARGC1A|KLF12|VWA8|OSBPL3|TNRC6A|OXR1|CACNA2D3|KIAA1217|ZNF385D|FRAS1|CADPS2|FREM1|FMN1|CCSER1|SNHG14,-17,0
1,-20,M39065,M1,1,0,Cell Type Signatures,7,MANNO MIDBRAIN NEUROTYPES HRN,,-20,9.9,15,30284,335,266,29,11,1.9,478|1993|1996|2104|2257|2259|2566|3746|4131|5126|8618|8905|9201|9472|9900|10369|23281|23305|26470|51555|54715|81539|114880|134829|145581|152330|154661|256714|388336,ATP1A3|ELAVL2|ELAVL4|ESRRG|FGF12|FGF14|GABRG2|KCNC1|MAP1B|PCSK2|CADPS|AP1S2|DCLK1|AKAP6|SV2A|CACNG2|MTUS2|ACSL6|SEZ6L2|PEX5L|RBFOX1|SLC38A1|OSBPL6|CLVS2|LRFN5|CNTN4|RUNDC3B|MAP7D2|SHISA6,-16,0
1,-16,M39232,M1,1,0,Cell Type Signatures,7,LAKE ADULT KIDNEY C13 THICK ASCENDING LIMB,,-16,16,16,30284,131,266,18,6.8,1.5,132|476|481|549|2104|4306|5587|10891|11278|23078|23236|26031|27327|55074|55799|56243|401145|104472715,ADK|ATP1A1|ATP1B1|AUH|ESRRG|NR3C2|PRKD1|PPARGC1A|KLF12|VWA8|PLCB1|OSBPL3|TNRC6A|OXR1|CACNA2D3|KIAA1217|CCSER1|SNHG14,-12,0
1,-15,M40312,M1,1,0,Cell Type Signatures,7,DESCARTES FETAL THYMUS THYMIC EPITHELIAL CELLS,,-15,10,14,30284,245,266,22,8.3,1.7,785|1310|1956|2070|2104|2567|10891|11122|23245|25834|27303|51059|63876|65268|80034|80144|114815|158326|221935|256714|342184|400954,CACNB4|COL19A1|EGFR|EYA4|ESRRG|GABRG3|PPARGC1A|PTPRT|ASTN2|MGAT4C|RBMS3|FAM135B|PKNOX2|WNK2|CSRNP3|FRAS1|SORCS1|FREM1|SDK1|MAP7D2|FMN1|EML6,-12,0
1,-15,M39064,M1,1,0,Cell Type Signatures,7,MANNO MIDBRAIN NEUROTYPES HNBML1,,-15,8.3,13,30284,328,266,24,9,1.8,478|785|1826|1993|1996|2257|2259|2566|4131|6334|8618|8905|9498|9900|23359|26470|51555|55605|79698|80034|81539|254531|256714|388336,ATP1A3|CACNB4|DSCAM|ELAVL2|ELAVL4|FGF12|FGF14|GABRG2|MAP1B|SCN8A|CADPS|AP1S2|SLC4A8|SV2A|ENTREP2|SEZ6L2|PEX5L|KIF21A|ZMAT4|CSRNP3|SLC38A1|LPCAT4|MAP7D2|SHISA6,-11,0
1,-14,M39230,M1,1,0,Cell Type Signatures,7,LAKE ADULT KIDNEY C11 THIN ASCENDING LIMB,,-14,12,14,30284,169,266,18,6.8,1.5,132|476|2120|5581|5587|9208|9699|11228|23236|23254|26031|50650|55799|57186|59338|79750|283131|375449,ADK|ATP1A1|ETV6|PRKCE|PRKD1|LRRFIP1|RIMS2|RASSF8|PLCB1|KAZN|OSBPL3|ARHGEF3|CACNA2D3|RALGAPA2|PLEKHA1|ZNF385D|NEAT1|MAST4,-11,0
1,-14,M39248,M1,1,0,Cell Type Signatures,7,LAKE ADULT KIDNEY C29 UNKNOWN NOVEL PT CFH POS SUBPOPULATION S2,,-14,19,15,30284,86,266,14,5.3,1.4,636|5332|6095|7704|23331|23359|25834|27303|54715|55691|83992|85004|152330|201134,BICD1|PLCB4|RORA|ZBTB16|TTC28|ENTREP2|MGAT4C|RBMS3|RBFOX1|FRMD4A|CTTNBP2|RERG|CNTN4|CEP112,-10,0
1,-14,M39239,M1,1,0,Cell Type Signatures,7,LAKE ADULT KIDNEY C20 COLLECTING DUCT INTERCALATED CELLS TYPE A CORTEX,,-14,13,14,30284,152,266,17,6.4,1.5,2104|3708|4306|5578|5581|9353|10231|10891|11059|11249|26031|26040|55074|55605|56243|158326|104472715,ESRRG|ITPR1|NR3C2|PRKCA|PRKCE|SLIT2|RCAN2|PPARGC1A|WWP1|NXPH2|OSBPL3|SETBP1|OXR1|KIF21A|KIAA1217|FREM1|SNHG14,-10,0
1,-13,M39104,M1,1,0,Cell Type Signatures,7,ZHONG PFC C3 MICROGLIA,,-13,6.3,11,30284,488,266,27,10,1.9,107|758|2257|2258|4045|4131|4915|4978|5179|5579|9201|9900|10123|10815|11278|23359|23768|26470|53616|54674|59283|80034|114804|134829|157627|221935|375449,ADCY1|MPPED1|FGF12|FGF13|LSAMP|MAP1B|NTRK2|OPCML|PENK|PRKCB|DCLK1|SV2A|ARL4C|CPLX1|KLF12|ENTREP2|FLRT2|SEZ6L2|ADAM22|LRRN3|CACNG8|CSRNP3|RNF157|CLVS2|MIR124-1HG|SDK1|MAST4,-10,0
1,-13,M39236,M1,1,0,Cell Type Signatures,7,LAKE ADULT KIDNEY C17 COLLECTING SYSTEM PCS STRESSED DISSOC SUBSET,,-13,9.5,12,30284,240,266,20,7.5,1.6,132|571|4306|5578|5581|6095|6546|7378|9208|10891|22848|26031|56243|60468|80144|81539|93664|221935|283131|401145,ADK|BACH1|NR3C2|PRKCA|PRKCE|RORA|SLC8A1|UPP1|LRRFIP1|PPARGC1A|AAK1|OSBPL3|KIAA1217|BACH2|FRAS1|SLC38A1|CADPS2|SDK1|NEAT1|CCSER1,-10,0
1,-13,M39170,M1,1,0,Cell Type Signatures,7,MURARO PANCREAS DELTA CELL,,-13,9.1,12,30284,250,266,20,7.5,1.6,1996|2257|2259|2554|2566|2572|3423|4131|4163|5121|5178|5218|8618|9498|22876|26040|79884|81539|145581|388662,ELAVL4|FGF12|FGF14|GABRA1|GABRG2|GAD2|IDS|MAP1B|MCC|PCP4|PEG3|CDK14|CADPS|SLC4A8|INPP5F|SETBP1|MAP9|SLC38A1|LRFN5|SLC6A17,-9.8,0
1,-13,M39222,M1,1,0,Cell Type Signatures,7,LAKE ADULT KIDNEY C3 PROXIMAL TUBULE EPITHELIAL CELLS S1 S2,,-13,9.8,12,30284,221,266,19,7.1,1.6,5218|6095|7704|9353|23078|23136|23245|23331|26040|27327|51390|80144|85004|114815|152330|221935|283131|375449|104472715,CDK14|RORA|ZBTB16|SLIT2|VWA8|EPB41L3|ASTN2|TTC28|SETBP1|TNRC6A|AIG1|FRAS1|RERG|SORCS1|CNTN4|SDK1|NEAT1|MAST4|SNHG14,-9.8,0
1,-13,M39168,M1,1,0,Cell Type Signatures,7,MURARO PANCREAS ALPHA CELL,,-13,5.6,10,30284,568,266,28,11,1.9,107|2257|2778|3423|3708|3760|3763|4045|5126|5581|6197|6489|8618|8905|9699|9935|10231|11122|23136|25849|26470|51310|51390|56172|80034|114880|152330|221935,ADCY1|FGF12|GNAS|IDS|ITPR1|KCNJ3|KCNJ6|LSAMP|PCSK2|PRKCE|RPS6KA3|ST8SIA1|CADPS|AP1S2|RIMS2|MAFB|RCAN2|PTPRT|EPB41L3|PARM1|SEZ6L2|SLC22A17|AIG1|ANKH|CSRNP3|OSBPL6|CNTN4|SDK1,-9.5,0
1,-11,M40228,M1,1,0,Cell Type Signatures,7,DESCARTES FETAL LIVER MESOTHELIAL CELLS,,-11,7.3,11,30284,310,266,20,7.5,1.6,2051|2561|2903|4045|9228|9806|9912|10529|11122|11228|11249|22854|25834|25849|26470|51555|54715|92293|222008|222537,EPHB6|GABRB2|GRIN2A|LSAMP|DLGAP2|SPOCK2|ARHGAP44|NEBL|PTPRT|RASSF8|NXPH2|NTNG1|MGAT4C|PARM1|SEZ6L2|PEX5L|RBFOX1|TMEM132C|VSTM2A|HS3ST5,-8.3,0
1,-10,M39223,M1,1,0,Cell Type Signatures,7,LAKE ADULT KIDNEY C4 PROXIMAL TUBULE EPITHELIAL CELLS S2,,-10,9.7,11,30284,176,266,15,5.6,1.4,5218|6095|7704|11278|23078|23331|27303|55074|56243|59277|85004|152330|221935|283131|375449,CDK14|RORA|ZBTB16|KLF12|VWA8|TTC28|RBMS3|OXR1|KIAA1217|NTN4|RERG|CNTN4|SDK1|NEAT1|MAST4,-7.3,0
1,-10,M40249,M1,1,0,Cell Type Signatures,7,DESCARTES FETAL LUNG VISCERAL NEURONS,,-10,8.6,10,30284,212,266,16,6,1.5,478|1826|2258|3756|4131|9758|10369|23245|54212|54715|134829|157627|161357|200150|204962|222537,ATP1A3|DSCAM|FGF13|KCNH1|MAP1B|FRMPD4|CACNG2|ASTN2|SNTG1|RBFOX1|CLVS2|MIR124-1HG|MDGA2|PLD5|SLC44A5|HS3ST5,-7.2,0
1,-10,M39246,M1,1,0,Cell Type Signatures,7,LAKE ADULT KIDNEY C27 VASCULAR SMOOTH MUSCLE CELLS AND PERICYTES,,-10,10,11,30284,155,266,14,5.3,1.4,4208|6546|8395|8404|9472|9628|10231|23331|27303|60495|84159|85004|221935|283131,MEF2C|SLC8A1|PIP5K1B|SPARCL1|AKAP6|RGS6|RCAN2|TTC28|RBMS3|HPSE2|ARID5B|RERG|SDK1|NEAT1,-7.1,0
1,-9.5,M39102,M1,1,0,Cell Type Signatures,7,ZHONG PFC C3 ASTROCYTE,,-9.5,5.9,9.1,30284,389,266,20,7.5,1.6,107|1993|2572|4208|4861|5579|6197|10815|23768|26470|51466|57731|59283|81539|134829|152330|157627|222183|283131|442213,ADCY1|ELAVL2|GAD2|MEF2C|NPAS1|PRKCB|RPS6KA3|CPLX1|FLRT2|SEZ6L2|EVL|SPTBN4|CACNG8|SLC38A1|CLVS2|CNTN4|MIR124-1HG|SRRM3|NEAT1|PTCHD4,-6.7,0
1,-9.5,M39056,M1,1,0,Cell Type Signatures,7,MANNO MIDBRAIN NEUROTYPES HRGL3,,-9.5,4.8,8.6,30284,574,266,24,9,1.8,1612|2903|4915|6323|8404|8622|9201|9331|9353|9628|10529|23136|54212|54674|79698|80820|81539|85004|92293|114815|114880|152330|388336|642987,DAPK1|GRIN2A|NTRK2|SCN1A|SPARCL1|PDE8B|DCLK1|B4GALT6|SLIT2|RGS6|NEBL|EPB41L3|SNTG1|LRRN3|ZMAT4|EEPD1|SLC38A1|RERG|TMEM132C|SORCS1|OSBPL6|CNTN4|SHISA6|TMEM232,-6.6,0
1,-9.4,M39161,M1,1,0,Cell Type Signatures,7,GAO LARGE INTESTINE ADULT CA ENTEROENDOCRINE CELLS,,-9.4,6.6,9.3,30284,312,266,18,6.8,1.5,18|107|1290|1996|3746|3760|4131|5587|8618|9472|9699|22987|26040|57731|79884|83988|121551|256714,ABAT|ADCY1|COL5A2|ELAVL4|KCNC1|KCNJ3|MAP1B|PRKD1|CADPS|AKAP6|RIMS2|SV2C|SETBP1|SPTBN4|MAP9|NCALD|ABTB3|MAP7D2,-6.6,0
1,-9.2,M39245,M1,1,0,Cell Type Signatures,7,LAKE ADULT KIDNEY C26 MESANGIAL CELLS,,-9.2,9,10,30284,177,266,14,5.3,1.4,3708|4208|5578|6095|7704|8395|8848|23047|23331|27303|55691|84159|90627|283131,ITPR1|MEF2C|PRKCA|RORA|ZBTB16|PIP5K1B|TSC22D1|PDS5B|TTC28|RBMS3|FRMD4A|ARID5B|STARD13|NEAT1,-6.4,0
1,-8.7,M39240,M1,1,0,Cell Type Signatures,7,LAKE ADULT KIDNEY C21 COLLECTING DUCT INTERCALATED CELLS TYPE B,,-8.7,12,11,30284,103,266,11,4.1,1.2,2104|4306|5581|6095|10231|10529|10891|26031|55605|57186|158326,ESRRG|NR3C2|PRKCE|RORA|RCAN2|NEBL|PPARGC1A|OSBPL3|KIF21A|RALGAPA2|FREM1,-6,0
1,-8.5,M39241,M1,1,0,Cell Type Signatures,7,LAKE ADULT KIDNEY C22 ENDOTHELIAL CELLS GLOMERULAR CAPILLARIES,,-8.5,10,9.9,30284,137,266,12,4.5,1.3,5578|5581|7704|23294|23331|27303|50650|56243|59277|90627|93664|201134,PRKCA|PRKCE|ZBTB16|ANKS1A|TTC28|RBMS3|ARHGEF3|KIAA1217|NTN4|STARD13|CADPS2|CEP112,-5.8,0
1,-8.3,M39235,M1,1,0,Cell Type Signatures,7,LAKE ADULT KIDNEY C16 COLLECTING SYSTEM PRINCIPAL CELLS CORTEX,,-8.3,9.7,9.7,30284,141,266,12,4.5,1.3,132|4306|5578|6546|23254|80144|81539|90627|93664|221935|401145|104472715,ADK|NR3C2|PRKCA|SLC8A1|KAZN|FRAS1|SLC38A1|STARD13|CADPS2|SDK1|CCSER1|SNHG14,-5.7,0
1,-8.2,M39224,M1,1,0,Cell Type Signatures,7,LAKE ADULT KIDNEY C5 PROXIMAL TUBULE EPITHELIAL CELLS STRESS INFLAM,,-8.2,5.2,8.1,30284,417,266,19,7.1,1.6,18|286|3084|4045|5581|6095|7704|9699|23245|27327|51390|55691|80144|114815|114876|152330|342184|388336|642987,ABAT|ANK1|NRG1|LSAMP|PRKCE|RORA|ZBTB16|RIMS2|ASTN2|TNRC6A|AIG1|FRMD4A|FRAS1|SORCS1|OSBPL1A|CNTN4|FMN1|SHISA6|TMEM232,-5.6,0
1,-8.2,M39221,M1,1,0,Cell Type Signatures,7,LAKE ADULT KIDNEY C2 PODOCYTES,,-8.2,7.5,9,30284,212,266,14,5.3,1.4,571|636|4249|9806|10529|11228|22854|50650|54715|55297|83992|84448|85004|201134,BACH1|BICD1|MGAT5|SPOCK2|NEBL|RASSF8|NTNG1|ARHGEF3|RBFOX1|CCDC91|CTTNBP2|ABLIM2|RERG|CEP112,-5.6,0
1,-8,M40153,M1,1,0,Cell Type Signatures,7,DESCARTES FETAL ADRENAL CHROMAFFIN CELLS,,-8,11,9.8,30284,119,266,11,4.1,1.2,956|1993|2070|4131|22895|22987|51555|54715|92293|204962|222537,ENTPD3|ELAVL2|EYA4|MAP1B|RPH3A|SV2C|PEX5L|RBFOX1|TMEM132C|SLC44A5|HS3ST5,-5.5,0
1,-8,M39063,M1,1,0,Cell Type Signatures,7,MANNO MIDBRAIN NEUROTYPES HNBM,,-8,6.2,8.4,30284,295,266,16,6,1.5,478|1993|1996|4131|5126|6334|8618|9201|9498|23281|51555|57453|79698|80034|81539|134829,ATP1A3|ELAVL2|ELAVL4|MAP1B|PCSK2|SCN8A|CADPS|DCLK1|SLC4A8|MTUS2|PEX5L|DSCAML1|ZMAT4|CSRNP3|SLC38A1|CLVS2,-5.4,0
1,-8,M39231,M1,1,0,Cell Type Signatures,7,LAKE ADULT KIDNEY C12 THICK ASCENDING LIMB,,-8,5.4,8.1,30284,381,266,18,6.8,1.5,476|481|2104|2597|2778|2805|4190|4249|4915|8566|10891|23236|26031|55074|55799|56243|158326|342184,ATP1A1|ATP1B1|ESRRG|GAPDH|GNAS|GOT1|MDH1|MGAT5|NTRK2|PDXK|PPARGC1A|PLCB1|OSBPL3|OXR1|CACNA2D3|KIAA1217|FREM1|FMN1,-5.4,0
1,-7.7,M40214,M1,1,0,Cell Type Signatures,7,DESCARTES FETAL INTESTINE ENS NEURONS,,-7.7,8.5,9,30284,160,266,12,4.5,1.3,478|956|1996|2258|4131|5179|9201|10369|10815|23245|27133|222537,ATP1A3|ENTPD3|ELAVL4|FGF13|MAP1B|PENK|DCLK1|CACNG2|CPLX1|ASTN2|KCNH5|HS3ST5,-5.2,0
1,-7.4,M39053,M1,1,0,Cell Type Signatures,7,MANNO MIDBRAIN NEUROTYPES HRGL2C,,-7.4,5.6,7.8,30284,326,266,16,6,1.5,481|1956|4978|5578|5791|6323|8404|9201|11122|23305|80820|80852|114880|145581|161357|642987,ATP1B1|EGFR|OPCML|PRKCA|PTPRE|SCN1A|SPARCL1|DCLK1|PTPRT|ACSL6|EEPD1|GRIP2|OSBPL6|LRFN5|MDGA2|TMEM232,-4.9,0
1,-7,M39269,M1,1,0,Cell Type Signatures,7,HU FETAL RETINA RGC,,-7,4.6,7.2,30284,443,266,18,6.8,1.5,107|1993|1996|2258|2597|4131|5126|8848|9201|9472|26470|54674|55711|81539|84969|145581|154661|222553,ADCY1|ELAVL2|ELAVL4|FGF13|GAPDH|MAP1B|PCSK2|TSC22D1|DCLK1|AKAP6|SEZ6L2|LRRN3|FAR2|SLC38A1|TOX2|LRFN5|RUNDC3B|SLC35F1,-4.6,0
1,-7,M39017,M1,1,0,Cell Type Signatures,7,FAN EMBRYONIC CTX BIG GROUPS CAJAL RETZIUS,,-7,4.3,7.1,30284,499,266,19,7.1,1.6,478|956|2805|4045|4190|4978|5121|5178|5218|5332|9806|10231|10891|26470|55799|56243|57185|256714|375449,ATP1A3|ENTPD3|GOT1|LSAMP|MDH1|OPCML|PCP4|PEG3|CDK14|PLCB4|SPOCK2|RCAN2|PPARGC1A|SEZ6L2|CACNA2D3|KIAA1217|NIPAL3|MAP7D2|MAST4,-4.5,0
1,-6.8,M40019,M1,1,0,Cell Type Signatures,7,BUSSLINGER GASTRIC X CELLS,,-6.8,7.2,8,30284,191,266,12,4.5,1.3,2259|3423|3760|4131|8622|9208|9699|9935|10983|26470|27327|51310,FGF14|IDS|KCNJ3|MAP1B|PDE8B|LRRFIP1|RIMS2|MAFB|CCNI|SEZ6L2|TNRC6A|SLC22A17,-4.4,0
1,-6.6,M40270,M1,1,0,Cell Type Signatures,7,DESCARTES FETAL PANCREAS ENS NEURONS,,-6.6,7.7,8.1,30284,163,266,11,4.1,1.2,478|1826|1996|2258|3084|4131|5179|9472|23245|134829|348980,ATP1A3|DSCAM|ELAVL4|FGF13|NRG1|MAP1B|PENK|AKAP6|ASTN2|CLVS2|HCN1,-4.3,0
1,-6,M39052,M1,1,0,Cell Type Signatures,7,MANNO MIDBRAIN NEUROTYPES HOPC,,-6,4.7,6.6,30284,366,266,15,5.6,1.4,481|1956|4978|5578|5791|6323|9331|10369|11122|51310|53616|54212|114880|161357|222553,ATP1B1|EGFR|OPCML|PRKCA|PTPRE|SCN1A|B4GALT6|CACNG2|PTPRT|SLC22A17|ADAM22|SNTG1|OSBPL6|MDGA2|SLC35F1,-3.7,0
1,-5.6,M41746,M1,1,0,Cell Type Signatures,7,RUBENSTEIN SKELETAL MUSCLE SMOOTH MUSCLE CELLS,,-5.6,4.1,6.2,30284,445,266,16,6,1.5,956|2597|3423|4131|4190|4208|4915|8395|8404|8848|10231|10983|23261|51390|59277|84159,ENTPD3|GAPDH|IDS|MAP1B|MDH1|MEF2C|NTRK2|PIP5K1B|SPARCL1|TSC22D1|RCAN2|CCNI|CAMTA1|AIG1|NTN4|ARID5B,-3.4,0
1,-5.1,M40291,M1,1,0,Cell Type Signatures,7,DESCARTES FETAL SPLEEN STROMAL CELLS,,-5.1,13,8.1,30284,54,266,6,2.3,0.91,2104|4045|5915|8618|27303|63876,ESRRG|LSAMP|RARB|CADPS|RBMS3|PKNOX2,-3,0
1,-5.1,M40083,M1,1,0,Cell Type Signatures,7,DESCARTES MAIN FETAL UNIPOLAR BRUSH CELLS,,-5.1,18,8.9,30284,32,266,5,1.9,0.83,7222|7224|22895|84162|375567,TRPC3|TRPC5|RPH3A|BLTP1|VWC2,-2.9,0
1,-5.1,M40248,M1,1,0,Cell Type Signatures,7,DESCARTES FETAL LUNG STROMAL CELLS,,-5.1,12,8,30284,55,266,6,2.3,0.91,2567|9353|60495|79750|92293|158326,GABRG3|SLIT2|HPSE2|ZNF385D|TMEM132C|FREM1,-2.9,0
1,-5,M40201,M1,1,0,Cell Type Signatures,7,DESCARTES FETAL HEART SATB2 LRRC7 POSITIVE CELLS,,-5,7.9,7,30284,116,266,8,3,1,107|758|2567|3747|7224|23254|59283|157627,ADCY1|MPPED1|GABRG3|KCNC2|TRPC5|KAZN|CACNG8|MIR124-1HG,-2.9,0
1,-5,M39247,M1,1,0,Cell Type Signatures,7,LAKE ADULT KIDNEY C28 INTERSTITIUM,,-5,9.3,7.2,30284,86,266,7,2.6,0.98,5578|7704|23331|26040|27303|56243|85004,PRKCA|ZBTB16|TTC28|SETBP1|RBMS3|KIAA1217|RERG,-2.8,0
1,-4.8,M39254,M1,1,0,Cell Type Signatures,7,MENON FETAL KIDNEY 4 PODOCYTES,,-4.8,5.5,6.1,30284,206,266,10,3.8,1.2,4915|9208|9806|9935|10529|11228|22854|51466|54737|283131,NTRK2|LRRFIP1|SPOCK2|MAFB|NEBL|RASSF8|NTNG1|EVL|MPHOSPH8|NEAT1,-2.7,0
1,-4.4,M39317,M1,1,0,Cell Type Signatures,7,CUI DEVELOPING HEART CARDIAC FIBROBLASTS,,-4.4,7.5,6.3,30284,106,266,7,2.6,0.98,2257|2597|2805|4190|5178|10529|158326,FGF12|GAPDH|GOT1|MDH1|PEG3|NEBL|FREM1,-2.3,0
1,-4.3,M40099,M1,1,0,Cell Type Signatures,7,DESCARTES MAIN FETAL PDE11A FAM19A2 POSITIVE CELLS,,-4.3,9.1,6.6,30284,75,266,6,2.3,0.91,785|2563|2903|6334|9353|54715,CACNB4|GABRD|GRIN2A|SCN8A|SLIT2|RBFOX1,-2.3,0
1,-4.2,M39202,M1,1,0,Cell Type Signatures,7,HAY BONE MARROW NAIVE T CELL,,-4.2,3.7,5.1,30284,403,266,13,4.9,1.3,5578|6095|9806|22848|23305|51466|54674|54737|57185|57489|81539|84159|114804,PRKCA|RORA|SPOCK2|AAK1|ACSL6|EVL|LRRN3|MPHOSPH8|NIPAL3|ODF2L|SLC38A1|ARID5B|RNF157,-2.2,0
1,-4.1,M39171,M1,1,0,Cell Type Signatures,7,MURARO PANCREAS PANCREATIC POLYPEPTIDE CELL,,-4.1,5.9,5.7,30284,155,266,8,3,1,2572|2778|3423|3760|22876|23305|83992|221935,GAD2|GNAS|IDS|KCNJ3|INPP5F|ACSL6|CTTNBP2|SDK1,-2.2,0
1,-4.1,M40149,M1,1,0,Cell Type Signatures,7,DESCARTES FETAL ADRENAL SYMPATHOBLASTS,,-4.1,6.8,5.9,30284,117,266,7,2.6,0.98,2554|3763|5126|5179|51059|388662|401145,GABRA1|KCNJ6|PCSK2|PENK|FAM135B|SLC6A17|CCSER1,-2.1,0
1,-4.1,M40251,M1,1,0,Cell Type Signatures,7,DESCARTES FETAL MUSCLE SCHWANN CELLS,,-4.1,6.8,5.9,30284,117,266,7,2.6,0.98,3747|4978|5126|27133|114815|161357|221336,KCNC2|OPCML|PCSK2|KCNH5|SORCS1|MDGA2|BEND6,-2.1,0
1,-4,M41716,M1,1,0,Cell Type Signatures,7,FAN OVARY CL14 MATURE SMOOTH MUSCLE CELL,,-4,4.1,5.1,30284,306,266,11,4.1,1.2,2778|4131|4190|4208|4915|8404|8848|9935|10231|10983|85004,GNAS|MAP1B|MDH1|MEF2C|NTRK2|SPARCL1|TSC22D1|MAFB|RCAN2|CCNI|RERG,-2.1,0
1,-4,M39150,M1,1,0,Cell Type Signatures,7,GAO SMALL INTESTINE 24W C7 SECRETORY PROGENITOR,,-4,11,6.8,30284,52,266,5,1.9,0.83,785|2561|2572|151126|348980,CACNB4|GABRB2|GAD2|ZNF385B|HCN1,-2.1,0
1,-4,M39095,M1,1,0,Cell Type Signatures,7,ZHONG PFC C8 UNKNOWN NEUROD2 POS INTERNEURON,,-4,8.1,6.2,30284,84,266,6,2.3,0.91,2051|4915|5179|54715|59283|83988,EPHB6|NTRK2|PENK|RBFOX1|CACNG8|NCALD,-2,0
1,-4,M39092,M1,1,0,Cell Type Signatures,7,ZHONG PFC C3 PROX1 CCK POS INTERNEURON,,-4,31,9.4,30284,11,266,3,1.1,0.65,8905|10123|222008,AP1S2|ARL4C|VSTM2A,-2,0
1,-4,M40295,M1,1,0,Cell Type Signatures,7,DESCARTES FETAL SPLEEN STC2 TLX1 POSITIVE CELLS,,-4,31,9.4,30284,11,266,3,1.1,0.65,478|2566|134829,ATP1A3|GABRG2|CLVS2,-2,0
1,-3.8,M39299,M1,1,0,Cell Type Signatures,7,CUI DEVELOPING HEART C2 CARDIOMYOCYTE,,-3.8,7.5,5.9,30284,91,266,6,2.3,0.91,2257|2805|4190|6546|10529|23281,FGF12|GOT1|MDH1|SLC8A1|NEBL|MTUS2,-1.9,0
1,-3.8,M39209,M1,1,0,Cell Type Signatures,7,HAY BONE MARROW STROMAL,,-3.8,2.7,4.4,30284,765,266,18,6.8,1.5,1290|1956|2070|3756|4163|4915|8404|9201|9353|23768|27303|55691|56243|80031|80034|84940|92293|145581,COL5A2|EGFR|EYA4|KCNH1|MCC|NTRK2|SPARCL1|DCLK1|SLIT2|FLRT2|RBMS3|FRMD4A|KIAA1217|SEMA6D|CSRNP3|CORO6|TMEM132C|LRFN5,-1.9,0
1,-3.7,M39308,M1,1,0,Cell Type Signatures,7,CUI DEVELOPING HEART TRABECULAR ATRIAL CARDIOMYOCYTE,,-3.7,5.1,5.2,30284,179,266,8,3,1,476|481|5586|6546|25849|80144|81539|84162,ATP1A1|ATP1B1|PKN2|SLC8A1|PARM1|FRAS1|SLC38A1|BLTP1,-1.8,0
1,-3.7,M39225,M1,1,0,Cell Type Signatures,7,LAKE ADULT KIDNEY C6 PROXIMAL TUBULE EPITHELIAL CELLS FIBRINOGEN POS S3,,-3.7,5,5.1,30284,181,266,8,3,1,3084|50650|55605|57186|59338|152330|283131|375449,NRG1|ARHGEF3|KIF21A|RALGAPA2|PLEKHA1|CNTN4|NEAT1|MAST4,-1.8,0
1,-3.6,M39288,M1,1,0,Cell Type Signatures,7,DURANTE ADULT OLFACTORY NEUROEPITHELIUM IMMATURE NEURONS,,-3.6,5.7,5.3,30284,139,266,7,2.6,0.98,1996|4131|8618|9201|9806|10983|152330,ELAVL4|MAP1B|CADPS|DCLK1|SPOCK2|CCNI|CNTN4,-1.8,0
1,-3.5,M39229,M1,1,0,Cell Type Signatures,7,LAKE ADULT KIDNEY C10 THIN ASCENDING LIMB,,-3.5,3.5,4.5,30284,353,266,11,4.1,1.2,476|2597|2778|5587|8848|9208|9699|26031|55799|57186|59338,ATP1A1|GAPDH|GNAS|PRKD1|TSC22D1|LRRFIP1|RIMS2|OSBPL3|CACNA2D3|RALGAPA2|PLEKHA1,-1.6,0
1,-3.5,M39303,M1,1,0,Cell Type Signatures,7,CUI DEVELOPING HEART C6 EPICARDIAL CELL,,-3.5,4.7,4.8,30284,195,266,8,3,1,1612|2051|9806|23768|26470|79745|84159|85004,DAPK1|EPHB6|SPOCK2|FLRT2|SEZ6L2|CLIP4|ARID5B|RERG,-1.6,0
1,-3.4,M39243,M1,1,0,Cell Type Signatures,7,LAKE ADULT KIDNEY C24 ENDOTHELIAL CELLS AEA AND DVR,,-3.4,5.2,4.9,30284,152,266,7,2.6,0.98,4208|5332|11278|23236|23331|27303|57186,MEF2C|PLCB4|KLF12|PLCB1|TTC28|RBMS3|RALGAPA2,-1.6,0
1,-3.4,M41711,M1,1,0,Cell Type Signatures,7,FAN OVARY CL9 PUTATIVE APOPTOTIC ENDOTHELIAL CELL,,-3.4,3.4,4.4,30284,365,266,11,4.1,1.2,476|2778|4208|7798|8404|8848|8905|9208|79750|283131|375449,ATP1A1|GNAS|MEF2C|LUZP1|SPARCL1|TSC22D1|AP1S2|LRRFIP1|ZNF385D|NEAT1|MAST4,-1.5,0
1,-3.3,M39128,M1,1,0,Cell Type Signatures,7,AIZARANI LIVER C29 MVECS 2,,-3.3,3.6,4.4,30284,313,266,10,3.8,1.2,476|2778|7378|7798|8404|8848|23331|27303|84159|375449,ATP1A1|GNAS|UPP1|LUZP1|SPARCL1|TSC22D1|TTC28|RBMS3|ARID5B|MAST4,-1.5,0
1,-3.3,M40305,M1,1,0,Cell Type Signatures,7,DESCARTES FETAL STOMACH ENS NEURONS,,-3.3,7.7,5.4,30284,74,266,5,1.9,0.83,478|1826|1996|200150|348980,ATP1A3|DSCAM|ELAVL4|PLD5|HCN1,-1.5,0
1,-3.2,M39258,M1,1,0,Cell Type Signatures,7,MENON FETAL KIDNEY 8 CONNECTING TUBULE CELLS,,-3.2,3.8,4.4,30284,267,266,9,3.4,1.1,476|481|6546|9208|10123|54737|55691|283131|104472715,ATP1A1|ATP1B1|SLC8A1|LRRFIP1|ARL4C|MPHOSPH8|FRMD4A|NEAT1|SNHG14,-1.4,0
1,-3.2,M41699,M1,1,0,Cell Type Signatures,7,TRAVAGLINI LUNG CLASSICAL MONOCYTE CELL,,-3.2,3.8,4.3,30284,270,266,9,3.4,1.1,526|571|3084|4208|5791|6546|8905|9935|283131,ATP6V1B2|BACH1|NRG1|MEF2C|PTPRE|SLC8A1|AP1S2|MAFB|NEAT1,-1.4,0
1,-3.1,M40263,M1,1,0,Cell Type Signatures,7,DESCARTES FETAL PANCREAS ISLET ENDOCRINE CELLS,,-3.1,4.7,4.6,30284,168,266,7,2.6,0.98,2572|3760|3763|5126|6000|51059|57512,GAD2|KCNJ3|KCNJ6|PCSK2|RGS7|FAM135B|GPR158,-1.3,0
1,-3.1,M41659,M1,1,0,Cell Type Signatures,7,TRAVAGLINI LUNG ALVEOLAR EPITHELIAL TYPE 1 CELL,,-3.1,3.2,4.1,30284,391,266,11,4.1,1.2,2070|5791|9806|11228|23136|23294|59338|64901|79745|80031|283131,EYA4|PTPRE|SPOCK2|RASSF8|EPB41L3|ANKS1A|PLEKHA1|RANBP17|CLIP4|SEMA6D|NEAT1,-1.3,0
1,-3.1,M39019,M1,1,0,Cell Type Signatures,7,FAN EMBRYONIC CTX BIG GROUPS EXCITATORY NEURON,,-3.1,9.7,5.6,30284,47,266,4,1.5,0.75,107|2051|54715|59283,ADCY1|EPHB6|RBFOX1|CACNG8,-1.3,0
1,-3.1,M39132,M1,1,0,Cell Type Signatures,7,AIZARANI LIVER C33 STELLATE CELLS 2,,-3.1,5.4,4.7,30284,126,266,6,2.3,0.91,2778|4131|8404|8848|10231|27303,GNAS|MAP1B|SPARCL1|TSC22D1|RCAN2|RBMS3,-1.3,0
1,-3,M39055,M1,1,0,Cell Type Signatures,7,MANNO MIDBRAIN NEUROTYPES HRGL2A,,-3,2.7,3.9,30284,600,266,14,5.3,1.4,18|1956|4163|4915|5578|6323|8404|9201|9472|54674|80820|92521|114880|642987,ABAT|EGFR|MCC|NTRK2|PRKCA|SCN1A|SPARCL1|DCLK1|AKAP6|LRRN3|EEPD1|SPECC1|OSBPL6|TMEM232,-1.3,0
1,-3,M40289,M1,1,0,Cell Type Signatures,7,DESCARTES FETAL SPLEEN MYELOID CELLS,,-3,5.3,4.6,30284,129,266,6,2.3,0.91,1826|5791|6546|11059|23136|342184,DSCAM|PTPRE|SLC8A1|WWP1|EPB41L3|FMN1,-1.2,0
1,-3,M40203,M1,1,0,Cell Type Signatures,7,DESCARTES FETAL HEART VISCERAL NEURONS,,-3,6.5,4.9,30284,87,266,5,1.9,0.83,1993|1996|2070|3756|23245,ELAVL2|ELAVL4|EYA4|KCNH1|ASTN2,-1.2,0
1,-2.9,M40170,M1,1,0,Cell Type Signatures,7,DESCARTES FETAL CEREBRUM SKOR2 NPSR1 POSITIVE CELLS,,-2.9,6.4,4.8,30284,89,266,5,1.9,0.83,3708|5121|6095|7222|79750,ITPR1|PCP4|RORA|TRPC3|ZNF385D,-1.2,0
1,-2.8,M40292,M1,1,0,Cell Type Signatures,7,DESCARTES FETAL SPLEEN MESOTHELIAL CELLS,,-2.8,4.1,4.1,30284,195,266,7,2.6,0.98,1993|2051|2903|9806|9912|10529|11249,ELAVL2|EPHB6|GRIN2A|SPOCK2|ARHGAP44|NEBL|NXPH2,-1,0
1,-2.8,M40018,M1,1,0,Cell Type Signatures,7,BUSSLINGER GASTRIC G CELLS,,-2.8,5.8,4.5,30284,98,266,5,1.9,0.83,4131|5126|8618|8622|375449,MAP1B|PCSK2|CADPS|PDE8B|MAST4,-1,0
1,-2.7,M39054,M1,1,0,Cell Type Signatures,7,MANNO MIDBRAIN NEUROTYPES HRGL2B,,-2.7,2.8,3.7,30284,440,266,11,4.1,1.2,18|481|1956|4163|4915|6323|8404|23305|80820|92521|114880,ABAT|ATP1B1|EGFR|MCC|NTRK2|SCN1A|SPARCL1|ACSL6|EEPD1|SPECC1|OSBPL6,-1,0
1,-2.6,M39220,M1,1,0,Cell Type Signatures,7,LAKE ADULT KIDNEY C1 EPITHELIAL CELLS UNASSIGNED,,-2.6,11,5.4,30284,30,266,3,1.1,0.65,7704|23136|375449,ZBTB16|EPB41L3|MAST4,-0.95,0
1,-2.6,M39034,M1,1,0,Cell Type Signatures,7,FAN EMBRYONIC CTX ASTROCYTE 2,,-2.6,4.5,4,30284,153,266,6,2.3,0.91,4915|6095|6489|9806|23305|80031,NTRK2|RORA|ST8SIA1|SPOCK2|ACSL6|SEMA6D,-0.93,0
1,-2.6,M40037,M1,1,0,Cell Type Signatures,7,BUSSLINGER DUODENAL EC CELLS,,-2.6,11,5.3,30284,31,266,3,1.1,0.65,4131|5126|8618,MAP1B|PCSK2|CADPS,-0.92,0
1,-2.6,M40085,M1,1,0,Cell Type Signatures,7,DESCARTES MAIN FETAL INHIBITORY INTERNEURONS,,-2.6,11,5.2,30284,32,266,3,1.1,0.65,2572|3815|25834,GAD2|KIT|MGAT4C,-0.89,0
1,-2.5,M39080,M1,1,0,Cell Type Signatures,7,ZHONG PFC C7 ORG UNDERGOING NEURONAL DIFFERENTIATION,,-2.5,6.8,4.5,30284,67,266,4,1.5,0.75,4208|54715|59283|157627,MEF2C|RBFOX1|CACNG8|MIR124-1HG,-0.87,0
1,-2.5,M39037,M1,1,0,Cell Type Signatures,7,FAN EMBRYONIC CTX OLIG,,-2.5,2.3,3.3,30284,754,266,15,5.6,1.4,481|2120|2805|2903|4249|5121|8395|10314|23136|51555|56172|57185|59338|84448|114876,ATP1B1|ETV6|GOT1|GRIN2A|MGAT5|PCP4|PIP5K1B|LANCL1|EPB41L3|PEX5L|ANKH|NIPAL3|PLEKHA1|ABLIM2|OSBPL1A,-0.86,0
1,-2.5,M41678,M1,1,0,Cell Type Signatures,7,TRAVAGLINI LUNG PERICYTE CELL,,-2.5,5,4,30284,114,266,5,1.9,0.83,2561|7447|8622|23236|80031,GABRB2|VSNL1|PDE8B|PLCB1|SEMA6D,-0.81,0
1,-2.4,M41683,M1,1,0,Cell Type Signatures,7,TRAVAGLINI LUNG CD4 MEMORY EFFECTOR T CELL,,-2.4,6.4,4.3,30284,71,266,4,1.5,0.75,6095|9806|51466|81539,RORA|SPOCK2|EVL|SLC38A1,-0.79,0
1,-2.4,M41668,M1,1,0,Cell Type Signatures,7,TRAVAGLINI LUNG BRONCHIAL VESSEL 1 CELL,,-2.4,3.6,3.6,30284,224,266,7,2.6,0.98,4208|7378|8404|51466|79750|84159|154661,MEF2C|UPP1|SPARCL1|EVL|ZNF385D|ARID5B|RUNDC3B,-0.77,0
1,-2.3,M41697,M1,1,0,Cell Type Signatures,7,TRAVAGLINI LUNG EREG DENDRITIC CELL,,-2.3,2.4,3.1,30284,579,266,12,4.5,1.3,526|571|2120|2597|5791|7378|8566|9208|9935|23136|56172|283131,ATP6V1B2|BACH1|ETV6|GAPDH|PTPRE|UPP1|PDXK|LRRFIP1|MAFB|EPB41L3|ANKH|NEAT1,-0.63,0
1,-2.3,M41658,M1,1,0,Cell Type Signatures,7,TRAVAGLINI LUNG NEUROENDOCRINE CELL,,-2.3,4.4,3.7,30284,128,266,5,1.9,0.83,1996|4045|4131|5126|9699,ELAVL4|LSAMP|MAP1B|PCSK2|RIMS2,-0.63,0
1,-2.2,M39039,M1,1,0,Cell Type Signatures,7,FAN EMBRYONIC CTX BRAIN ENDOTHELIAL 1,,-2.2,2.6,3.2,30284,440,266,10,3.8,1.2,1290|5332|7804|8404|8566|8848|9806|55074|154661|201134,COL5A2|PLCB4|LRP8|SPARCL1|PDXK|TSC22D1|SPOCK2|OXR1|RUNDC3B|CEP112,-0.61,0
1,-2.2,M39226,M1,1,0,Cell Type Signatures,7,LAKE ADULT KIDNEY C7 PROXIMAL TUBULE EPITHELIAL CELLS S3,,-2.2,4.2,3.5,30284,135,266,5,1.9,0.83,10983|23331|84159|85004|221935,CCNI|TTC28|ARID5B|RERG|SDK1,-0.55,0
1,-2.2,M39262,M1,1,0,Cell Type Signatures,7,HU FETAL RETINA BIPOLAR,,-2.2,5.3,3.8,30284,86,266,4,1.5,0.75,8618|9699|151126|157627,CADPS|RIMS2|ZNF385B|MIR124-1HG,-0.54,0
1,-2.2,M40097,M1,1,0,Cell Type Signatures,7,DESCARTES MAIN FETAL BIPOLAR CELLS,,-2.2,5.3,3.8,30284,86,266,4,1.5,0.75,1826|3084|8618|151126,DSCAM|NRG1|CADPS|ZNF385B,-0.54,0
1,-2.1,M39122,M1,1,0,Cell Type Signatures,7,AIZARANI LIVER C21 STELLATE CELLS 1,,-2.1,3.5,3.3,30284,194,266,6,2.3,0.91,4131|8848|10983|23254|27303|84159,MAP1B|TSC22D1|CCNI|KAZN|RBMS3|ARID5B,-0.52,0
1,-2.1,M39200,M1,1,0,Cell Type Signatures,7,HAY BONE MARROW IMMATURE NEUTROPHIL,,-2.1,3.5,3.3,30284,194,266,6,2.3,0.91,571|6546|7378|9935|23136|283131,BACH1|SLC8A1|UPP1|MAFB|EPB41L3|NEAT1,-0.52,0
1,-2.1,M39237,M1,1,0,Cell Type Signatures,7,LAKE ADULT KIDNEY C18 COLLECTING DUCT PRINCIPAL CELLS MEDULLA,,-2.1,2.8,3.1,30284,322,266,8,3,1,481|2597|2778|4673|10983|23254|59338|81539,ATP1B1|GAPDH|GNAS|NAP1L1|CCNI|KAZN|PLEKHA1|SLC38A1,-0.51,0
1,-2.1,M40280,M1,1,0,Cell Type Signatures,7,DESCARTES FETAL PLACENTA SMOOTH MUSCLE CELLS,,-2.1,5.1,3.6,30284,90,266,4,1.5,0.75,7222|9912|23236|152330,TRPC3|ARHGAP44|PLCB1|CNTN4,-0.49,0
1,-2.1,M39238,M1,1,0,Cell Type Signatures,7,LAKE ADULT KIDNEY C19 COLLECTING DUCT INTERCALATED CELLS TYPE A MEDULLA,,-2.1,2.8,3.1,30284,326,266,8,3,1,481|2597|2778|3815|4190|10231|11059|81539,ATP1B1|GAPDH|GNAS|KIT|MDH1|RCAN2|WWP1|SLC38A1,-0.48,0
1,-2,M39279,M1,1,0,Cell Type Signatures,7,DURANTE ADULT OLFACTORY NEUROEPITHELIUM VASCULAR SMOOTH MUSCLE CELLS,,-2,4.9,3.5,30284,93,266,4,1.5,0.75,4131|8404|10231|84159,MAP1B|SPARCL1|RCAN2|ARID5B,-0.46,0
1,-2,M39099,M1,1,0,Cell Type Signatures,7,ZHONG PFC C4 PTGDS POS OPC,,-2,3.9,3.3,30284,147,266,5,1.9,0.83,2903|4045|54674|55691|59338,GRIN2A|LSAMP|LRRN3|FRMD4A|PLEKHA1,-0.44,0
