_MEMBER_hits,_LogP_hits,GO,_PATTERN_,_RANK_,GiniIndex,Category,CategoryID,Description,PARENT_GO,LogP,Enrichment,Z-score,#TotalGeneInLibrary,#GeneInGO,#GeneInHitList,#GeneInGOAndHitList,%InGO,STDV %InGO,GeneID,Hits,Log(q-value),EvidenceCutoff
1,-5.5,COVID035,M1,1,0,COVID,200,RNA_Sun_Calu-3_0h_Down,,-5.5,6.7,7,30284,171,266,10,3.8,1.2,4208|5587|5915|51555|55691|80034|127495|284697|440279|642987,MEF2C|PRKD1|RARB|PEX5L|FRMD4A|CSRNP3|LRRC39|BTBD8|UNC13C|TMEM232,-3.3,0
1,-4.8,COVID060,M1,1,0,COVID,200,Phosphoproteome_Bouhaddou_Vero_E6_24h_Up,,-4.8,4.6,5.8,30284,300,266,12,4.5,1.3,1956|2597|4131|5576|7798|9815|23047|23331|54737|55074|57186|80820,EGFR|GAPDH|MAP1B|PRKAR2A|LUZP1|GIT2|PDS5B|TTC28|MPHOSPH8|OXR1|RALGAPA2|EEPD1,-2.7,0
1,-4.1,COVID024,M1,1,0,COVID,200,RNA_Keller_B-cells-Infected_CD21pos_Up,,-4.1,4.2,5.2,30284,300,266,11,4.1,1.2,1310|4249|4306|6000|7704|9472|9806|59338|60468|92521|401145,COL19A1|MGAT5|NR3C2|RGS7|ZBTB16|AKAP6|SPOCK2|PLEKHA1|BACH2|SPECC1|CCSER1,-2.1,0
1,-3.5,COVID202,M1,1,0,COVID,200,RNA_Vanderheiden_pHAE_48h_Down,,-3.5,4.8,5,30284,189,266,8,3,1,286|6489|7704|10891|25849|85004|256714|283131,ANK1|ST8SIA1|ZBTB16|PPARGC1A|PARM1|RERG|MAP7D2|NEAT1,-1.7,0
1,-3.4,COVID088,M1,1,0,COVID,200,Interactome_Gordon_HEK-293T_38h_NSP13,,-3.4,11,6.2,30284,40,266,4,1.5,0.75,5576|11113|79745|201134,PRKAR2A|CIT|CLIP4|CEP112,-1.5,0
1,-3.1,COVID344,M1,1,0,COVID,200,RNA_Wilk_B-cells_patient-C4_Down,,-3.1,4.7,4.6,30284,169,266,7,2.6,0.98,4208|4673|5579|8527|10983|51466|81539,MEF2C|NAP1L1|PRKCB|DGKD|CCNI|EVL|SLC38A1,-1.3,0
1,-3,COVID257,M1,1,0,COVID,200,RNA_Wilk_CD14+Monocytes_patient-C6_Down,,-3,6.6,4.9,30284,86,266,5,1.9,0.83,2778|4673|8905|10983|283131,GNAS|NAP1L1|AP1S2|CCNI|NEAT1,-1.2,0
1,-2.9,COVID056,M1,1,0,COVID,200,Phosphoproteome_Bouhaddou_Vero_E6_0h_Up,,-2.9,4.3,4.3,30284,184,266,7,2.6,0.98,4131|5218|7798|9201|57186|80820|114880,MAP1B|CDK14|LUZP1|DCLK1|RALGAPA2|EEPD1|OSBPL6,-1.2,0
1,-2.8,COVID057,M1,1,0,COVID,200,Phosphoproteome_Bouhaddou_Vero_E6_12h_Down,,-2.8,3.4,4,30284,300,266,9,3.4,1.1,5218|7798|11113|11228|55691|56243|57186|84159|85021,CDK14|LUZP1|CIT|RASSF8|FRMD4A|KIAA1217|RALGAPA2|ARID5B|REPS1,-1.1,0
1,-2.8,COVID062,M1,1,0,COVID,200,Phosphoproteome_Bouhaddou_Vero_E6_2h_Up,,-2.8,3.4,4,30284,300,266,9,3.4,1.1,2778|4131|5576|6197|9201|23047|54737|80820|90627,GNAS|MAP1B|PRKAR2A|RPS6KA3|DCLK1|PDS5B|MPHOSPH8|EEPD1|STARD13,-1.1,0
1,-2.8,COVID065,M1,1,0,COVID,200,Phosphoproteome_Bouhaddou_Vero_E6_8h_Down,,-2.8,3.4,4,30284,300,266,9,3.4,1.1,5218|7798|11113|11228|55691|56243|57186|84159|85021,CDK14|LUZP1|CIT|RASSF8|FRMD4A|KIAA1217|RALGAPA2|ARID5B|REPS1,-1.1,0
1,-2.7,COVID063,M1,1,0,COVID,200,Phosphoproteome_Bouhaddou_Vero_E6_4h_Down,,-2.7,4,4,30284,197,266,7,2.6,0.98,4131|7798|11113|22848|55691|85021|121536,MAP1B|LUZP1|CIT|AAK1|FRMD4A|REPS1|AEBP2,-1,0
1,-2.5,COVID348,M1,1,0,COVID,200,RNA_Wilk_B-cells_patient-C6_Down,,-2.5,10,5.1,30284,33,266,3,1.1,0.65,2778|4673|10983,GNAS|NAP1L1|CCNI,-0.86,0
1,-2.3,COVID008,M1,1,0,COVID,200,RNA_Blanco-Melo_A549_Up,,-2.3,3,3.3,30284,300,266,8,3,1,571|1956|3756|4131|4673|5581|59277|81539,BACH1|EGFR|KCNH1|MAP1B|NAP1L1|PRKCE|NTN4|SLC38A1,-0.65,0
1,-2.3,COVID030,M1,1,0,COVID,200,RNA_Liao_BALF-mild_Up,,-2.3,3,3.3,30284,300,266,8,3,1,1956|4131|5332|11122|54715|55605|56243|83988,EGFR|MAP1B|PLCB4|PTPRT|RBFOX1|KIF21A|KIAA1217|NCALD,-0.65,0
1,-2.3,COVID346,M1,1,0,COVID,200,RNA_Wilk_B-cells_patient-C5_Down,,-2.3,3.8,3.5,30284,181,266,6,2.3,0.91,4673|5579|8527|9208|10983|51466,NAP1L1|PRKCB|DGKD|LRRFIP1|CCNI|EVL,-0.63,0
1,-2.1,COVID255,M1,1,0,COVID,200,RNA_Wilk_CD14+Monocytes_patient-C5_Down,,-2.1,4,3.4,30284,142,266,5,1.9,0.83,2778|4673|8905|10983|283131,GNAS|NAP1L1|AP1S2|CCNI|NEAT1,-0.48,0
