_MEMBER_hits,_LogP_hits,GO,_PATTERN_,_RANK_,GiniIndex,Category,CategoryID,Description,PARENT_GO,LogP,Enrichment,Z-score,#TotalGeneInLibrary,#GeneInGO,#GeneInHitList,#GeneInGOAndHitList,%InGO,STDV %InGO,GeneID,Hits,Log(q-value),EvidenceCutoff
1,-17,C0038220,M1,1,0,DisGeNET,35,Status Epilepticus,,-17,6.8,13,30284,533,266,32,12,2,18|132|476|478|785|1996|2257|2554|2561|2563|2566|2597|2805|2903|3760|3763|4208|4915|5121|5579|5816|6323|6334|6546|7222|8566|9900|55297|57468|57582|284697|348980,ABAT|ADK|ATP1A1|ATP1A3|CACNB4|ELAVL4|FGF12|GABRA1|GABRB2|GABRD|GABRG2|GAPDH|GOT1|GRIN2A|KCNJ3|KCNJ6|MEF2C|NTRK2|PCP4|PRKCB|PVALB|SCN1A|SCN8A|SLC8A1|TRPC3|PDXK|SV2A|CCDC91|SLC12A5|KCNT1|BTBD8|HCN1,-13,0
1,-14,C0543888,M1,1,0,DisGeNET,35,Epileptic encephalopathy,,-14,12,14,30284,187,266,19,7.1,1.6,478|2257|2554|2561|2566|2903|3746|4208|4915|6323|6334|8604|10815|23236|53616|56479|57468|57582|348980,ATP1A3|FGF12|GABRA1|GABRB2|GABRG2|GRIN2A|KCNC1|MEF2C|NTRK2|SCN1A|SCN8A|SLC25A12|CPLX1|PLCB1|ADAM22|KCNQ5|SLC12A5|KCNT1|HCN1,-11,0
1,-13,C0014548,M1,1,0,DisGeNET,35,"Epilepsy, Generalized",,-13,17,15,30284,93,266,14,5.3,1.4,478|526|785|2554|2563|2566|2572|2903|6323|9900|54715|57582|348980|375449,ATP1A3|ATP6V1B2|CACNB4|GABRA1|GABRD|GABRG2|GAD2|GRIN2A|SCN1A|SV2A|RBFOX1|KCNT1|HCN1|MAST4,-9.9,0
1,-12,C1837461,M1,1,0,DisGeNET,35,"SCOLIOSIS, ISOLATED, SUSCEPTIBILITY TO, 3",,-12,5.5,10,30284,578,266,28,11,1.9,132|571|1956|2104|2805|3747|4978|8848|9472|9758|11113|11278|23245|23254|23281|25849|50650|54212|54715|55297|55691|56243|79698|80031|90627|92293|121551|151126,ADK|BACH1|EGFR|ESRRG|GOT1|KCNC2|OPCML|TSC22D1|AKAP6|FRMPD4|CIT|KLF12|ASTN2|KAZN|MTUS2|PARM1|ARHGEF3|SNTG1|RBFOX1|CCDC91|FRMD4A|KIAA1217|ZMAT4|SEMA6D|STARD13|TMEM132C|ABTB3|ZNF385B,-9.4,0
1,-12,C0021704,M1,1,0,DisGeNET,35,Intelligence,,-12,5.1,10,30284,645,266,29,11,1.9,1993|2104|3747|3760|4208|4861|5576|5587|6095|8395|8604|9472|9628|9699|23236|23262|27133|27327|54715|55799|57512|64753|79745|79884|80031|80034|151126|152330|160518,ELAVL2|ESRRG|KCNC2|KCNJ3|MEF2C|NPAS1|PRKAR2A|PRKD1|RORA|PIP5K1B|SLC25A12|AKAP6|RGS6|RIMS2|PLCB1|PPIP5K2|KCNH5|TNRC6A|RBFOX1|CACNA2D3|GPR158|CCDC136|CLIP4|MAP9|SEMA6D|CSRNP3|ZNF385B|CNTN4|DENND5B,-9,0
1,-12,C0410702,M1,1,0,DisGeNET,35,Adolescent idiopathic scoliosis,,-12,5,9.8,30284,656,266,29,11,1.9,132|571|1956|2104|2805|3747|4978|6095|8848|9472|9758|11113|11278|23245|23254|23281|25849|50650|54212|54715|55297|55691|56243|79698|80031|90627|92293|121551|151126,ADK|BACH1|EGFR|ESRRG|GOT1|KCNC2|OPCML|RORA|TSC22D1|AKAP6|FRMPD4|CIT|KLF12|ASTN2|KAZN|MTUS2|PARM1|ARHGEF3|SNTG1|RBFOX1|CCDC91|FRMD4A|KIAA1217|ZMAT4|SEMA6D|STARD13|TMEM132C|ABTB3|ZNF385B,-8.9,0
1,-12,C0009952,M1,1,0,DisGeNET,35,Febrile Convulsions,,-12,10,12,30284,191,266,17,6.4,1.5,478|549|785|2258|2554|2563|2566|2805|2903|4208|6197|6323|6334|7222|10815|57468|348980,ATP1A3|AUH|CACNB4|FGF13|GABRA1|GABRD|GABRG2|GOT1|GRIN2A|MEF2C|RPS6KA3|SCN1A|SCN8A|TRPC3|CPLX1|SLC12A5|HCN1,-8.8,0
1,-12,C0001973,M1,1,0,DisGeNET,35,"Alcoholic Intoxication, Chronic",,-12,5.3,9.9,30284,577,266,27,10,1.9,18|107|1956|2104|2554|2561|2566|2567|2572|2597|2903|3763|4208|4915|5179|7704|7804|9228|10891|11278|57453|63876|80034|83988|152330|284697|401145,ABAT|ADCY1|EGFR|ESRRG|GABRA1|GABRB2|GABRG2|GABRG3|GAD2|GAPDH|GRIN2A|KCNJ6|MEF2C|NTRK2|PENK|ZBTB16|LRP8|DLGAP2|PPARGC1A|KLF12|DSCAML1|PKNOX2|CSRNP3|NCALD|CNTN4|BTBD8|CCSER1,-8.7,0
1,-11,C4316903,M1,1,0,DisGeNET,35,Absence Seizures,,-11,9.5,11,30284,204,266,17,6.4,1.5,18|785|2554|2563|2566|2572|5332|5816|6197|6323|6334|6546|9758|10815|54715|57468|348980,ABAT|CACNB4|GABRA1|GABRD|GABRG2|GAD2|PLCB4|PVALB|RPS6KA3|SCN1A|SCN8A|SLC8A1|FRMPD4|CPLX1|RBFOX1|SLC12A5|HCN1,-8.4,0
1,-11,C0751122,M1,1,0,DisGeNET,35,Infantile Severe Myoclonic Epilepsy,,-11,20,14,30284,62,266,11,4.1,1.2,785|2554|2563|2566|2597|5816|6323|6334|10815|27327|57468,CACNB4|GABRA1|GABRD|GABRG2|GAPDH|PVALB|SCN1A|SCN8A|CPLX1|TNRC6A|SLC12A5,-8.2,0
1,-11,C0038580,M1,1,0,DisGeNET,35,Substance Dependence,,-11,11,12,30284,156,266,15,5.6,1.4,481|1826|2120|2566|3084|5179|5581|11278|55297|55691|63876|79750|80031|80034|93664,ATP1B1|DSCAM|ETV6|GABRG2|NRG1|PENK|PRKCE|KLF12|CCDC91|FRMD4A|PKNOX2|ZNF385D|SEMA6D|CSRNP3|CADPS2,-8.1,0
1,-9.8,C3548479,M1,1,0,DisGeNET,35,response to bronchodilator,,-9.8,11,11,30284,131,266,13,4.9,1.3,2104|2257|2778|3084|3747|5579|25834|27303|80031|84969|152330|161357|375449,ESRRG|FGF12|GNAS|NRG1|KCNC2|PRKCB|MGAT4C|RBMS3|SEMA6D|TOX2|CNTN4|MDGA2|MAST4,-6.9,0
1,-9.6,C4505072,M1,1,0,DisGeNET,35,Epileptic Syndromes,,-9.6,22,14,30284,46,266,9,3.4,1.1,2554|2563|2566|2903|6323|6334|23236|53616|57468,GABRA1|GABRD|GABRG2|GRIN2A|SCN1A|SCN8A|PLCB1|ADAM22|SLC12A5,-6.8,0
1,-9.6,C1314691,M1,1,0,DisGeNET,35,Age at menarche,,-9.6,7.2,9.7,30284,267,266,17,6.4,1.5,5126|5587|6095|9228|11278|22848|23236|26033|27303|27327|54715|80031|93664|154661|196074|221336|440279,PCSK2|PRKD1|RORA|DLGAP2|KLF12|AAK1|PLCB1|ATRNL1|RBMS3|TNRC6A|RBFOX1|SEMA6D|CADPS2|RUNDC3B|METTL15|BEND6|UNC13C,-6.7,0
1,-9.4,C0040822,M1,1,0,DisGeNET,35,Tremor,,-9.4,5,8.6,30284,528,266,23,8.6,1.7,478|2257|2259|2554|2561|2563|2566|3708|3746|4306|4915|6095|6323|6334|9628|9758|10367|11113|57731|222183|342184|348980|388662,ATP1A3|FGF12|FGF14|GABRA1|GABRB2|GABRD|GABRG2|ITPR1|KCNC1|NR3C2|NTRK2|RORA|SCN1A|SCN8A|RGS6|FRMPD4|MICU1|CIT|SPTBN4|SRRM3|FMN1|HCN1|SLC6A17,-6.6,0
1,-9.4,C0014556,M1,1,0,DisGeNET,35,"Epilepsy, Temporal Lobe",,-9.4,6.1,9.1,30284,353,266,19,7.1,1.6,132|1612|1826|2554|2561|2572|2597|2903|3084|4915|5816|6323|6334|9353|51555|54715|57468|283131|348980,ADK|DAPK1|DSCAM|GABRA1|GABRB2|GAD2|GAPDH|GRIN2A|NRG1|NTRK2|PVALB|SCN1A|SCN8A|SLIT2|PEX5L|RBFOX1|SLC12A5|NEAT1|HCN1,-6.6,0
1,-9.4,C0007758,M1,1,0,DisGeNET,35,Cerebellar Ataxia,,-9.4,5.4,8.8,30284,440,266,21,7.9,1.7,286|478|785|2259|2572|2903|3708|3746|3747|5578|5579|6095|6323|6334|7222|9628|10314|10815|23261|26470|146057,ANK1|ATP1A3|CACNB4|FGF14|GAD2|GRIN2A|ITPR1|KCNC1|KCNC2|PRKCA|PRKCB|RORA|SCN1A|SCN8A|TRPC3|RGS6|LANCL1|CPLX1|CAMTA1|SEZ6L2|TTBK2,-6.6,0
1,-9.3,C1535926,M1,1,0,DisGeNET,35,Neurodevelopmental Disorders,,-9.3,4.9,8.6,30284,534,266,23,8.6,1.7,478|1826|2554|2561|2566|2567|2903|3084|3708|3756|4208|5816|6323|6334|8905|22854|23245|26040|54715|55605|55799|57468|152330,ATP1A3|DSCAM|GABRA1|GABRB2|GABRG2|GABRG3|GRIN2A|NRG1|ITPR1|KCNH1|MEF2C|PVALB|SCN1A|SCN8A|AP1S2|NTNG1|ASTN2|SETBP1|RBFOX1|KIF21A|CACNA2D3|SLC12A5|CNTN4,-6.5,0
1,-9.3,C0424605,M1,1,0,DisGeNET,35,Developmental delay (disorder),,-9.3,4.7,8.5,30284,584,266,24,9,1.8,18|2104|2903|3084|3746|3756|3760|3763|4208|4915|4978|5816|6323|6334|9228|9900|9949|23261|26040|54715|57468|93664|152330|104472715,ABAT|ESRRG|GRIN2A|NRG1|KCNC1|KCNH1|KCNJ3|KCNJ6|MEF2C|NTRK2|OPCML|PVALB|SCN1A|SCN8A|DLGAP2|SV2A|AMMECR1|CAMTA1|SETBP1|RBFOX1|SLC12A5|CADPS2|CNTN4|SNHG14,-6.5,0
1,-9.1,C0270850,M1,1,0,DisGeNET,35,Idiopathic generalized epilepsy,,-9.1,13,11,30284,94,266,11,4.1,1.2,785|2554|2563|2566|2903|3760|3763|6323|54715|57468|348980,CACNB4|GABRA1|GABRD|GABRG2|GRIN2A|KCNJ3|KCNJ6|SCN1A|RBFOX1|SLC12A5|HCN1,-6.4,0
1,-9,C1096063,M1,1,0,DisGeNET,35,Drug Resistant Epilepsy,,-9,8.7,9.8,30284,184,266,14,5.3,1.4,132|1826|2554|2572|2903|4915|6323|6334|9900|22854|23236|54715|57468|57582,ADK|DSCAM|GABRA1|GAD2|GRIN2A|NTRK2|SCN1A|SCN8A|SV2A|NTNG1|PLCB1|RBFOX1|SLC12A5|KCNT1,-6.2,0
1,-8.8,C0236969,M1,1,0,DisGeNET,35,Substance-Related Disorders,,-8.8,11,10,30284,128,266,12,4.5,1.3,481|1826|2120|5581|11278|55297|55691|63876|79750|80031|80034|93664,ATP1B1|DSCAM|ETV6|PRKCE|KLF12|CCDC91|FRMD4A|PKNOX2|ZNF385D|SEMA6D|CSRNP3|CADPS2,-6.1,0
1,-8.8,C0494475,M1,1,0,DisGeNET,35,Tonic - clonic seizures,,-8.8,6.5,8.9,30284,300,266,17,6.4,1.5,18|2257|2554|2563|2566|2572|2903|3746|5816|6197|6323|6334|6546|9758|54715|57468|348980,ABAT|FGF12|GABRA1|GABRD|GABRG2|GAD2|GRIN2A|KCNC1|PVALB|RPS6KA3|SCN1A|SCN8A|SLC8A1|FRMPD4|RBFOX1|SLC12A5|HCN1,-6.1,0
1,-8.6,C0520966,M1,1,0,DisGeNET,35,Abnormal coordination,,-8.6,17,12,30284,59,266,9,3.4,1.1,478|785|2554|2563|2566|6095|6323|6334|348980,ATP1A3|CACNB4|GABRA1|GABRD|GABRG2|RORA|SCN1A|SCN8A|HCN1,-5.9,0
1,-8.6,C1854882,M1,1,0,DisGeNET,35,Absent speech,,-8.6,7.4,9.2,30284,232,266,15,5.6,1.4,2257|2561|2563|2566|4915|6334|8604|9758|10815|26040|55691|56479|57731|84162|388662,FGF12|GABRB2|GABRD|GABRG2|NTRK2|SCN8A|SLC25A12|FRMPD4|CPLX1|SETBP1|FRMD4A|KCNQ5|SPTBN4|BLTP1|SLC6A17,-5.9,0
1,-8.4,C0013384,M1,1,0,DisGeNET,35,Dyskinetic syndrome,,-8.4,6.1,8.6,30284,316,266,17,6.4,1.5,478|2257|2259|2561|2566|2778|2903|4208|4915|5179|5578|5579|5587|6334|11113|22895|348980,ATP1A3|FGF12|FGF14|GABRB2|GABRG2|GNAS|GRIN2A|MEF2C|NTRK2|PENK|PRKCA|PRKCB|PRKD1|SCN8A|CIT|RPH3A|HCN1,-5.8,0
1,-8.4,C0026650,M1,1,0,DisGeNET,35,Movement Disorders,,-8.4,5.7,8.4,30284,362,266,18,6.8,1.5,478|2070|2259|2566|2903|3084|3708|3763|4208|5915|6323|6334|8622|10367|22854|57582|146057|104472715,ATP1A3|EYA4|FGF14|GABRG2|GRIN2A|NRG1|ITPR1|KCNJ6|MEF2C|RARB|SCN1A|SCN8A|PDE8B|MICU1|NTNG1|KCNT1|TTBK2|SNHG14,-5.7,0
1,-8.2,C0014553,M1,1,0,DisGeNET,35,Absence Epilepsy,,-8.2,13,11,30284,88,266,10,3.8,1.2,2554|2563|2566|4208|5332|5816|6323|6334|10369|348980,GABRA1|GABRD|GABRG2|MEF2C|PLCB4|PVALB|SCN1A|SCN8A|CACNG2|HCN1,-5.6,0
1,-8.2,C0029231,M1,1,0,DisGeNET,35,"Organic Mental Disorders, Substance-Induced",,-8.2,11,10,30284,115,266,11,4.1,1.2,481|1826|2120|5581|11278|55297|55691|79750|80031|80034|93664,ATP1B1|DSCAM|ETV6|PRKCE|KLF12|CCDC91|FRMD4A|ZNF385D|SEMA6D|CSRNP3|CADPS2,-5.6,0
1,-8.2,C4316881,M1,1,0,DisGeNET,35,Prescription Drug Abuse,,-8.2,11,10,30284,115,266,11,4.1,1.2,481|1826|2120|5581|11278|55297|55691|79750|80031|80034|93664,ATP1B1|DSCAM|ETV6|PRKCE|KLF12|CCDC91|FRMD4A|ZNF385D|SEMA6D|CSRNP3|CADPS2,-5.6,0
1,-8.2,C1510472,M1,1,0,DisGeNET,35,Drug Dependence,,-8.2,6.9,8.8,30284,248,266,15,5.6,1.4,481|1826|1956|2120|2903|5581|11278|23236|55074|55297|55691|79750|80031|80034|93664,ATP1B1|DSCAM|EGFR|ETV6|GRIN2A|PRKCE|KLF12|PLCB1|OXR1|CCDC91|FRMD4A|ZNF385D|SEMA6D|CSRNP3|CADPS2,-5.6,0
1,-8.1,C4317109,M1,1,0,DisGeNET,35,Epileptic Seizures,,-8.1,6.8,8.7,30284,250,266,15,5.6,1.4,18|478|785|1956|2572|2903|5121|5816|6323|6334|6546|9900|54715|57468|348980,ABAT|ATP1A3|CACNB4|EGFR|GAD2|GRIN2A|PCP4|PVALB|SCN1A|SCN8A|SLC8A1|SV2A|RBFOX1|SLC12A5|HCN1,-5.5,0
1,-8,C0013222,M1,1,0,DisGeNET,35,Drug Use Disorders,,-8,10,9.7,30284,121,266,11,4.1,1.2,481|1826|2120|5581|11278|55297|55691|79750|80031|80034|93664,ATP1B1|DSCAM|ETV6|PRKCE|KLF12|CCDC91|FRMD4A|ZNF385D|SEMA6D|CSRNP3|CADPS2,-5.4,0
1,-8,C0740858,M1,1,0,DisGeNET,35,Substance abuse problem,,-8,8,9,30284,185,266,13,4.9,1.3,18|481|1826|2120|5581|11278|55297|55691|79750|80031|80034|93664|284697,ABAT|ATP1B1|DSCAM|ETV6|PRKCE|KLF12|CCDC91|FRMD4A|ZNF385D|SEMA6D|CSRNP3|CADPS2|BTBD8,-5.4,0
1,-7.8,C0027404,M1,1,0,DisGeNET,35,Narcolepsy,,-7.8,5.9,8.2,30284,307,266,16,6,1.5,2567|2572|4163|5179|9228|9472|10369|11278|23281|27303|54715|55074|79750|161357|201134|221935,GABRG3|GAD2|MCC|PENK|DLGAP2|AKAP6|CACNG2|KLF12|MTUS2|RBMS3|RBFOX1|OXR1|ZNF385D|MDGA2|CEP112|SDK1,-5.2,0
1,-7.7,C0016667,M1,1,0,DisGeNET,35,Fragile X Syndrome,,-7.7,7.6,8.7,30284,194,266,13,4.9,1.3,107|1826|1993|2563|2903|3084|3423|3756|4915|5816|27303|57582|84162,ADCY1|DSCAM|ELAVL2|GABRD|GRIN2A|NRG1|IDS|KCNH1|NTRK2|PVALB|RBMS3|KCNT1|BLTP1,-5.2,0
1,-7.7,C0013170,M1,1,0,DisGeNET,35,Drug habituation,,-7.7,7.6,8.7,30284,196,266,13,4.9,1.3,481|1826|2120|2903|3084|5581|11278|55297|55691|79750|80031|80034|93664,ATP1B1|DSCAM|ETV6|GRIN2A|NRG1|PRKCE|KLF12|CCDC91|FRMD4A|ZNF385D|SEMA6D|CSRNP3|CADPS2,-5.1,0
1,-7.6,C0020429,M1,1,0,DisGeNET,35,Hyperalgesia,,-7.6,4.8,7.6,30284,451,266,19,7.1,1.6,18|132|286|1956|2572|2903|3084|3708|4306|4915|5179|5578|5579|5581|7224|27303|57468|90627|348980,ABAT|ADK|ANK1|EGFR|GAD2|GRIN2A|NRG1|ITPR1|NR3C2|NTRK2|PENK|PRKCA|PRKCB|PRKCE|TRPC5|RBMS3|SLC12A5|STARD13|HCN1,-5.1,0
1,-7.6,C0013146,M1,1,0,DisGeNET,35,Drug abuse,,-7.6,5.1,7.8,30284,404,266,18,6.8,1.5,481|1826|2120|2259|2554|2566|4915|5579|5581|6095|11278|55074|55297|55691|79750|80031|80034|93664,ATP1B1|DSCAM|ETV6|FGF14|GABRA1|GABRG2|NTRK2|PRKCB|PRKCE|RORA|KLF12|OXR1|CCDC91|FRMD4A|ZNF385D|SEMA6D|CSRNP3|CADPS2,-5.1,0
1,-7.5,C1839333,M1,1,0,DisGeNET,35,"EPILEPTIC ENCEPHALOPATHY, EARLY INFANTILE, 2",,-7.5,16,11,30284,56,266,8,3,1,2554|2563|2566|2597|5816|6323|6334|57468,GABRA1|GABRD|GABRG2|GAPDH|PVALB|SCN1A|SCN8A|SLC12A5,-5,0
1,-7.4,C4023511,M1,1,0,DisGeNET,35,Obtundation status,,-7.4,47,15,30284,12,266,5,1.9,0.83,2554|2563|2566|6323|348980,GABRA1|GABRD|GABRG2|SCN1A|HCN1,-4.9,0
1,-7.4,C0270844,M1,1,0,DisGeNET,35,Tonic Seizures,,-7.4,11,9.4,30284,108,266,10,3.8,1.2,18|2572|5816|6323|6334|6546|23236|54715|57468|348980,ABAT|GAD2|PVALB|SCN1A|SCN8A|SLC8A1|PLCB1|RBFOX1|SLC12A5|HCN1,-4.9,0
1,-7.3,C0149958,M1,1,0,DisGeNET,35,Complex partial seizures,,-7.3,8.9,8.9,30284,140,266,11,4.1,1.2,18|2554|2563|2566|2572|5816|6323|6546|54715|57468|348980,ABAT|GABRA1|GABRD|GABRG2|GAD2|PVALB|SCN1A|SLC8A1|RBFOX1|SLC12A5|HCN1,-4.8,0
1,-7.3,C0751495,M1,1,0,DisGeNET,35,"Seizures, Focal",,-7.3,7,8.3,30284,210,266,13,4.9,1.3,18|2563|2572|4131|5816|6323|6334|6546|23236|54715|57468|57582|348980,ABAT|GABRD|GAD2|MAP1B|PVALB|SCN1A|SCN8A|SLC8A1|PLCB1|RBFOX1|SLC12A5|KCNT1|HCN1,-4.8,0
1,-7.3,C0236018,M1,1,0,DisGeNET,35,Aura,,-7.3,12,9.7,30284,83,266,9,3.4,1.1,2561|2903|3756|4208|6323|6334|8404|57468|348980,GABRB2|GRIN2A|KCNH1|MEF2C|SCN1A|SCN8A|SPARCL1|SLC12A5|HCN1,-4.8,0
1,-7.3,C0751111,M1,1,0,DisGeNET,35,Awakening Epilepsy,,-7.3,12,9.7,30284,83,266,9,3.4,1.1,2561|2903|3756|4208|6323|6334|8404|57468|348980,GABRB2|GRIN2A|KCNH1|MEF2C|SCN1A|SCN8A|SPARCL1|SLC12A5|HCN1,-4.8,0
1,-7.3,C0525045,M1,1,0,DisGeNET,35,Mood Disorders,,-7.3,4.1,7.1,30284,580,266,21,7.9,1.7,18|107|2554|2561|2563|2572|2903|4306|4915|5332|5816|9628|10891|23236|23254|23261|54715|57468|84162|204962|348980,ABAT|ADCY1|GABRA1|GABRB2|GABRD|GAD2|GRIN2A|NR3C2|NTRK2|PLCB4|PVALB|RGS6|PPARGC1A|PLCB1|KAZN|CAMTA1|RBFOX1|SLC12A5|BLTP1|SLC44A5|HCN1,-4.8,0
1,-7.2,C0036857,M1,1,0,DisGeNET,35,Severe intellectual disability,,-7.2,4.8,7.4,30284,429,266,18,6.8,1.5,132|476|2903|3708|3756|3763|4208|4915|6197|6323|6334|8905|9758|9949|10815|11113|55691|388662,ADK|ATP1A1|GRIN2A|ITPR1|KCNH1|KCNJ6|MEF2C|NTRK2|RPS6KA3|SCN1A|SCN8A|AP1S2|FRMPD4|AMMECR1|CPLX1|CIT|FRMD4A|SLC6A17,-4.8,0
1,-7.2,C0231686,M1,1,0,DisGeNET,35,"Gait, Unsteady",,-7.2,8.8,8.8,30284,143,266,11,4.1,1.2,478|2257|2561|2566|4915|6334|7222|23261|56479|255928|348980,ATP1A3|FGF12|GABRB2|GABRG2|NTRK2|SCN8A|TRPC3|CAMTA1|KCNQ5|SYT14|HCN1,-4.8,0
1,-7.2,C0270846,M1,1,0,DisGeNET,35,Epileptic drop attack,,-7.2,8.8,8.8,30284,143,266,11,4.1,1.2,18|2554|2563|2566|2572|5816|6323|6546|54715|57468|348980,ABAT|GABRA1|GABRD|GABRG2|GAD2|PVALB|SCN1A|SLC8A1|RBFOX1|SLC12A5|HCN1,-4.8,0
1,-7.2,C4023687,M1,1,0,DisGeNET,35,EEG with multifocal slow activity,,-7.2,19,11,30284,41,266,7,2.6,0.98,2257|2561|2566|2903|4915|6334|348980,FGF12|GABRB2|GABRG2|GRIN2A|NTRK2|SCN8A|HCN1,-4.7,0
1,-7.2,C0523465,M1,1,0,DisGeNET,35,Serum albumin measurement,,-7.2,4.7,7.4,30284,433,266,18,6.8,1.5,18|636|2104|2257|2258|3084|4978|8395|8527|8618|10891|23261|27303|54715|55691|60468|79698|401145,ABAT|BICD1|ESRRG|FGF12|FGF13|NRG1|OPCML|PIP5K1B|DGKD|CADPS|PPARGC1A|CAMTA1|RBMS3|RBFOX1|FRMD4A|BACH2|ZMAT4|CCSER1,-4.7,0
1,-7.2,C0750937,M1,1,0,DisGeNET,35,"Ataxia, Appendicular",,-7.2,12,9.5,30284,86,266,9,3.4,1.1,478|785|2257|2259|2554|3708|6334|255928|348980,ATP1A3|CACNB4|FGF12|FGF14|GABRA1|ITPR1|SCN8A|SYT14|HCN1,-4.7,0
1,-7.1,C0086237,M1,1,0,DisGeNET,35,"Epilepsy, Cryptogenic",,-7.1,12,9.4,30284,88,266,9,3.4,1.1,2561|2903|3756|4208|6323|6334|8404|57468|348980,GABRB2|GRIN2A|KCNH1|MEF2C|SCN1A|SCN8A|SPARCL1|SLC12A5|HCN1,-4.6,0
1,-7.1,C1863416,M1,1,0,DisGeNET,35,Autosomal dominant compelling helio ophthalmic outburst syndrome,,-7.1,26,12,30284,26,266,6,2.3,0.91,2104|9472|11278|23261|54715|63876,ESRRG|AKAP6|KLF12|CAMTA1|RBFOX1|PKNOX2,-4.6,0
1,-7,C0751494,M1,1,0,DisGeNET,35,Convulsive Seizures,,-7,9.7,8.9,30284,117,266,10,3.8,1.2,18|2572|5816|6323|6334|6546|9900|54715|57468|348980,ABAT|GAD2|PVALB|SCN1A|SCN8A|SLC8A1|SV2A|RBFOX1|SLC12A5|HCN1,-4.6,0
1,-7,C0037769,M1,1,0,DisGeNET,35,West Syndrome,,-7,8.4,8.5,30284,149,266,11,4.1,1.2,18|2257|2554|2561|2903|3763|4208|4915|6323|23236|57582,ABAT|FGF12|GABRA1|GABRB2|GRIN2A|KCNJ6|MEF2C|NTRK2|SCN1A|PLCB1|KCNT1,-4.6,0
1,-6.8,C0454644,M1,1,0,DisGeNET,35,Delayed speech and language development,,-6.8,4.1,6.9,30284,560,266,20,7.5,1.6,132|478|549|2257|2561|2566|2903|3708|4208|4915|5587|6095|6197|6323|6334|9758|23261|55074|85021|348980,ADK|ATP1A3|AUH|FGF12|GABRB2|GABRG2|GRIN2A|ITPR1|MEF2C|NTRK2|PRKD1|RORA|RPS6KA3|SCN1A|SCN8A|FRMPD4|CAMTA1|OXR1|REPS1|HCN1,-4.4,0
1,-6.8,C0085584,M1,1,0,DisGeNET,35,Encephalopathies,,-6.8,4.5,7.1,30284,457,266,18,6.8,1.5,478|2257|2554|2561|2566|2903|3746|4190|4208|4915|6323|6334|10891|22854|23236|56479|57582|348980,ATP1A3|FGF12|GABRA1|GABRB2|GABRG2|GRIN2A|KCNC1|MDH1|MEF2C|NTRK2|SCN1A|SCN8A|PPARGC1A|NTNG1|PLCB1|KCNQ5|KCNT1|HCN1,-4.4,0
1,-6.8,C0376532,M1,1,0,DisGeNET,35,"Epilepsy, Rolandic",,-6.8,17,10,30284,46,266,7,2.6,0.98,2566|2903|6323|23236|54715|57582|161357,GABRG2|GRIN2A|SCN1A|PLCB1|RBFOX1|KCNT1|MDGA2,-4.4,0
1,-6.8,C0427190,M1,1,0,DisGeNET,35,"Ataxia, Truncal",,-6.8,13,9.6,30284,68,266,8,3,1,478|785|2259|2554|3708|6334|255928|348980,ATP1A3|CACNB4|FGF14|GABRA1|ITPR1|SCN8A|SYT14|HCN1,-4.4,0
1,-6.8,C0004936,M1,1,0,DisGeNET,35,Mental disorders,,-6.8,3.5,6.6,30284,789,266,24,9,1.8,2259|2561|2903|3084|4045|4208|4306|4915|5179|5578|5816|6323|6334|9201|9900|11122|23245|23305|26470|57468|93664|114815|152330|284697,FGF14|GABRB2|GRIN2A|NRG1|LSAMP|MEF2C|NR3C2|NTRK2|PENK|PRKCA|PVALB|SCN1A|SCN8A|DCLK1|SV2A|PTPRT|ASTN2|ACSL6|SEZ6L2|SLC12A5|CADPS2|SORCS1|CNTN4|BTBD8,-4.4,0
1,-6.6,C1857704,M1,1,0,DisGeNET,35,Abnormal myelination,,-6.6,16,10,30284,49,266,7,2.6,0.98,2257|2561|2566|2903|4915|6334|348980,FGF12|GABRB2|GABRG2|GRIN2A|NTRK2|SCN8A|HCN1,-4.3,0
1,-6.6,C0524528,M1,1,0,DisGeNET,35,Pervasive Development Disorder,,-6.6,5.2,7.2,30284,328,266,15,5.6,1.4,2903|3084|4306|5816|6197|6323|6334|8604|10891|11278|50650|54715|93664|145581|152330,GRIN2A|NRG1|NR3C2|PVALB|RPS6KA3|SCN1A|SCN8A|SLC25A12|PPARGC1A|KLF12|ARHGEF3|RBFOX1|CADPS2|LRFN5|CNTN4,-4.2,0
1,-6.6,C0236970,M1,1,0,DisGeNET,35,Alcohol-Induced Disorders,,-6.6,16,10,30284,50,266,7,2.6,0.98,2104|3763|11278|63876|80034|83988|401145,ESRRG|KCNJ6|KLF12|PKNOX2|CSRNP3|NCALD|CCSER1,-4.2,0
1,-6.5,C0270853,M1,1,0,DisGeNET,35,Juvenile Myoclonic Epilepsy,,-6.5,12,9.2,30284,74,266,8,3,1,785|2554|2563|2566|3760|3763|6323|57468,CACNB4|GABRA1|GABRD|GABRG2|KCNJ3|KCNJ6|SCN1A|SLC12A5,-4.2,0
1,-6.4,C0024713,M1,1,0,DisGeNET,35,Manic Disorder,,-6.4,12,9,30284,76,266,8,3,1,478|2572|2903|4915|5816|7222|10815|22854,ATP1A3|GAD2|GRIN2A|NTRK2|PVALB|TRPC3|CPLX1|NTNG1,-4.1,0
1,-6.4,C0270824,M1,1,0,DisGeNET,35,Visual seizure,,-6.4,6.5,7.6,30284,209,266,12,4.5,1.3,18|2572|3084|4131|5816|6546|11113|54715|56172|57468|81539|348980,ABAT|GAD2|NRG1|MAP1B|PVALB|SLC8A1|CIT|RBFOX1|ANKH|SLC12A5|SLC38A1|HCN1,-4.1,0
1,-6.4,C0750940,M1,1,0,DisGeNET,35,"Tremor, Rubral",,-6.4,32,12,30284,18,266,5,1.9,0.83,785|2554|6334|11113|348980,CACNB4|GABRA1|SCN8A|CIT|HCN1,-4.1,0
1,-6.4,C0234533,M1,1,0,DisGeNET,35,Generalized seizures,,-6.4,6.5,7.5,30284,210,266,12,4.5,1.3,18|476|2566|2572|5816|6323|6334|6546|23236|54715|57468|348980,ABAT|ATP1A1|GABRG2|GAD2|PVALB|SCN1A|SCN8A|SLC8A1|PLCB1|RBFOX1|SLC12A5|HCN1,-4.1,0
1,-6.4,C0239676,M1,1,0,DisGeNET,35,High forehead,,-6.4,6.5,7.5,30284,211,266,12,4.5,1.3,526|2257|2561|2566|4208|4915|6334|8905|9758|10815|26040|348980,ATP6V1B2|FGF12|GABRB2|GABRG2|MEF2C|NTRK2|SCN8A|AP1S2|FRMPD4|CPLX1|SETBP1|HCN1,-4.1,0
1,-6.4,C0432072,M1,1,0,DisGeNET,35,Dysmorphic features,,-6.4,4.4,6.8,30284,439,266,17,6.4,1.5,132|478|549|1826|2070|2554|2778|4131|4208|5332|6197|6323|6334|23261|26033|26040|104472715,ADK|ATP1A3|AUH|DSCAM|EYA4|GABRA1|GNAS|MAP1B|MEF2C|PLCB4|RPS6KA3|SCN1A|SCN8A|CAMTA1|ATRNL1|SETBP1|SNHG14,-4.1,0
1,-6.4,C4048158,M1,1,0,DisGeNET,35,Convulsions,,-6.4,7.2,7.7,30284,173,266,11,4.1,1.2,18|2572|5578|5579|5587|5816|6323|6546|54715|57468|348980,ABAT|GAD2|PRKCA|PRKCB|PRKD1|PVALB|SCN1A|SLC8A1|RBFOX1|SLC12A5|HCN1,-4.1,0
1,-6.3,C0236664,M1,1,0,DisGeNET,35,Alcohol-Related Disorders,,-6.3,15,9.5,30284,54,266,7,2.6,0.98,2104|3763|11278|63876|80034|83988|401145,ESRRG|KCNJ6|KLF12|PKNOX2|CSRNP3|NCALD|CCSER1,-4,0
1,-6.2,C0025362,M1,1,0,DisGeNET,35,Mental Retardation,,-6.2,4.1,6.5,30284,504,266,18,6.8,1.5,1826|2070|2258|2778|2903|3423|3756|3763|4208|6197|6334|7224|8604|8905|54715|84162|151126|152330,DSCAM|EYA4|FGF13|GNAS|GRIN2A|IDS|KCNH1|KCNJ6|MEF2C|RPS6KA3|SCN8A|TRPC5|SLC25A12|AP1S2|RBFOX1|BLTP1|ZNF385B|CNTN4,-3.9,0
1,-6.2,C0033975,M1,1,0,DisGeNET,35,Psychotic Disorders,,-6.2,3.9,6.4,30284,559,266,19,7.1,1.6,2554|2561|2566|2567|2572|2778|2903|3084|4861|4915|5578|5816|5915|6197|7804|9628|10815|22987|27327,GABRA1|GABRB2|GABRG2|GABRG3|GAD2|GNAS|GRIN2A|NRG1|NPAS1|NTRK2|PRKCA|PVALB|RARB|RPS6KA3|LRP8|RGS6|CPLX1|SV2C|TNRC6A,-3.9,0
1,-6,C0026838,M1,1,0,DisGeNET,35,Muscle Spasticity,,-6,3.7,6.3,30284,579,266,19,7.1,1.6,2257|2259|2561|2566|4915|6334|8604|8905|9758|10891|11113|22854|23236|26040|53616|57468|57582|85021|348980,FGF12|FGF14|GABRB2|GABRG2|NTRK2|SCN8A|SLC25A12|AP1S2|FRMPD4|PPARGC1A|CIT|NTNG1|PLCB1|SETBP1|ADAM22|SLC12A5|KCNT1|REPS1|HCN1,-3.7,0
1,-5.9,C0041696,M1,1,0,DisGeNET,35,Unipolar Depression,,-5.9,3.6,6.1,30284,641,266,20,7.5,1.6,1956|1993|2258|2572|3084|4045|4306|4915|4978|5332|5579|5816|7704|7804|23236|50650|57512|84969|145581|348980,EGFR|ELAVL2|FGF13|GAD2|NRG1|LSAMP|NR3C2|NTRK2|OPCML|PLCB4|PRKCB|PVALB|ZBTB16|LRP8|PLCB1|ARHGEF3|GPR158|TOX2|LRFN5|HCN1,-3.6,0
1,-5.9,C4553743,M1,1,0,DisGeNET,35,"Spasticity, CTCAE",,-5.9,4.1,6.3,30284,477,266,17,6.4,1.5,2257|2561|2566|4915|6334|8604|8905|9758|10891|11113|22854|23236|26040|53616|57582|85021|348980,FGF12|GABRB2|GABRG2|NTRK2|SCN8A|SLC25A12|AP1S2|FRMPD4|PPARGC1A|CIT|NTNG1|PLCB1|SETBP1|ADAM22|KCNT1|REPS1|HCN1,-3.6,0
1,-5.9,C0349204,M1,1,0,DisGeNET,35,Nonorganic psychosis,,-5.9,4.5,6.5,30284,376,266,15,5.6,1.4,2554|2561|2566|2567|2572|2903|3084|4861|5578|5816|5915|6197|9628|22987|27327,GABRA1|GABRB2|GABRG2|GABRG3|GAD2|GRIN2A|NRG1|NPAS1|PRKCA|PVALB|RARB|RPS6KA3|RGS6|SV2C|TNRC6A,-3.6,0
1,-5.8,C0877017,M1,1,0,DisGeNET,35,Generalized tonic-clonic seizures with focal onset,,-5.8,25,11,30284,23,266,5,1.9,0.83,2554|2566|2903|6323|57468,GABRA1|GABRG2|GRIN2A|SCN1A|SLC12A5,-3.5,0
1,-5.8,C0270834,M1,1,0,DisGeNET,35,Complex partial seizure with impairment of consciousness,,-5.8,17,9.4,30284,41,266,6,2.3,0.91,2554|2563|2566|6323|6334|348980,GABRA1|GABRD|GABRG2|SCN1A|SCN8A|HCN1,-3.5,0
1,-5.8,C3887898,M1,1,0,DisGeNET,35,Infantile Spasm,,-5.8,9.8,8,30284,93,266,8,3,1,18|2554|2561|2903|3763|4208|6323|23236,ABAT|GABRA1|GABRB2|GRIN2A|KCNJ6|MEF2C|SCN1A|PLCB1,-3.5,0
1,-5.8,C1836830,M1,1,0,DisGeNET,35,Developmental regression,,-5.8,4.8,6.5,30284,333,266,14,5.3,1.4,2257|2561|2563|2566|3746|4915|6323|6334|10815|22854|23236|57468|57582|348980,FGF12|GABRB2|GABRD|GABRG2|KCNC1|NTRK2|SCN1A|SCN8A|CPLX1|NTNG1|PLCB1|SLC12A5|KCNT1|HCN1,-3.5,0
1,-5.7,C0036337,M1,1,0,DisGeNET,35,Schizoaffective Disorder,,-5.7,8.1,7.6,30284,126,266,9,3.4,1.1,2572|3084|5332|5578|5816|5915|9628|10815|23305,GAD2|NRG1|PLCB4|PRKCA|PVALB|RARB|RGS6|CPLX1|ACSL6,-3.5,0
1,-5.7,C1844690,M1,1,0,DisGeNET,35,Limited knee extension,,-5.7,41,13,30284,11,266,4,1.5,0.75,2563|2566|6323|348980,GABRD|GABRG2|SCN1A|HCN1,-3.5,0
1,-5.7,C3494976,M1,1,0,DisGeNET,35,Migrating partial seizures in infancy,,-5.7,41,13,30284,11,266,4,1.5,0.75,6323|6334|23236|57582,SCN1A|SCN8A|PLCB1|KCNT1,-3.5,0
1,-5.7,C1836543,M1,1,0,DisGeNET,35,Thick vermilion border,,-5.7,9.6,7.9,30284,95,266,8,3,1,526|3756|6197|8905|9949|11113|22854|53616,ATP6V1B2|KCNH1|RPS6KA3|AP1S2|AMMECR1|CIT|NTNG1|ADAM22,-3.4,0
1,-5.6,C0338831,M1,1,0,DisGeNET,35,Manic,,-5.6,6.9,7.1,30284,166,266,10,3.8,1.2,2572|2903|3084|4915|5578|5579|5816|7222|10815|22854,GAD2|GRIN2A|NRG1|NTRK2|PRKCA|PRKCB|PVALB|TRPC3|CPLX1|NTNG1,-3.4,0
1,-5.6,C0238111,M1,1,0,DisGeNET,35,Lennox-Gastaut syndrome,,-5.6,23,10,30284,25,266,5,1.9,0.83,18|2554|2561|6323|8527,ABAT|GABRA1|GABRB2|SCN1A|DGKD,-3.4,0
1,-5.6,C1865926,M1,1,0,DisGeNET,35,"Infantile convulsions and paroxysmal choreoathetosis, familial (disorder)",,-5.6,85,16,30284,4,266,3,1.1,0.65,5578|5579|6334,PRKCA|PRKCB|SCN8A,-3.3,0
1,-5.6,C0426900,M1,1,0,DisGeNET,35,Tibial torsion,,-5.6,38,12,30284,12,266,4,1.5,0.75,2563|2566|6323|348980,GABRD|GABRG2|SCN1A|HCN1,-3.3,0
1,-5.6,C1536075,M1,1,0,DisGeNET,35,Sudden unexplained death in epilepsy,,-5.6,38,12,30284,12,266,4,1.5,0.75,3423|6323|6334|57582,IDS|SCN1A|SCN8A|KCNT1,-3.3,0
1,-5.6,C1842581,M1,1,0,DisGeNET,35,Abnormal corpus callosum morphology,,-5.6,11,8.2,30284,70,266,7,2.6,0.98,2257|2561|2566|4915|6334|348980|104472715,FGF12|GABRB2|GABRG2|NTRK2|SCN8A|HCN1|SNHG14,-3.3,0
1,-5.5,C0234985,M1,1,0,DisGeNET,35,Mental deterioration,,-5.5,3.8,6,30284,508,266,17,6.4,1.5,478|2257|2561|2566|2778|3746|4208|4915|6197|6323|6334|7447|9472|10815|10891|23245|348980,ATP1A3|FGF12|GABRB2|GABRG2|GNAS|KCNC1|MEF2C|NTRK2|RPS6KA3|SCN1A|SCN8A|VSNL1|AKAP6|CPLX1|PPARGC1A|ASTN2|HCN1,-3.3,0
1,-5.5,C0014550,M1,1,0,DisGeNET,35,Myoclonic Epilepsy,,-5.5,11,8.1,30284,71,266,7,2.6,0.98,785|3746|4208|6323|6334|10815|27327,CACNB4|KCNC1|MEF2C|SCN1A|SCN8A|CPLX1|TNRC6A,-3.3,0
1,-5.4,C0008073,M1,1,0,DisGeNET,35,Developmental Disabilities,,-5.4,4.5,6.2,30284,355,266,14,5.3,1.4,478|1956|2563|2778|3084|3708|3756|3763|3815|4915|26040|57582|93664|152330,ATP1A3|EGFR|GABRD|GNAS|NRG1|ITPR1|KCNH1|KCNJ6|KIT|NTRK2|SETBP1|KCNT1|CADPS2|CNTN4,-3.2,0
1,-5.4,C0014547,M1,1,0,DisGeNET,35,"Epilepsies, Partial",,-5.4,11,8,30284,73,266,7,2.6,0.98,2903|4306|6323|6334|9628|54715|57582,GRIN2A|NR3C2|SCN1A|SCN8A|RGS6|RBFOX1|KCNT1,-3.2,0
1,-5.4,C0856975,M1,1,0,DisGeNET,35,Autistic behavior,,-5.4,5.2,6.5,30284,261,266,12,4.5,1.3,478|2257|2563|2566|4208|6095|6197|6323|8905|9758|23261|348980,ATP1A3|FGF12|GABRD|GABRG2|MEF2C|RORA|RPS6KA3|SCN1A|AP1S2|FRMPD4|CAMTA1|HCN1,-3.2,0
1,-5.4,C0001807,M1,1,0,DisGeNET,35,Aggressive behavior,,-5.4,6.5,6.8,30284,176,266,10,3.8,1.2,785|2259|2554|2563|6323|8905|9758|10815|23261|388662,CACNB4|FGF14|GABRA1|GABRD|SCN1A|AP1S2|FRMPD4|CPLX1|CAMTA1|SLC6A17,-3.2,0
1,-5.4,C3502809,M1,1,0,DisGeNET,35,Generalized Epilepsy with Febrile Seizures Plus,,-5.4,35,12,30284,13,266,4,1.5,0.75,2563|2566|6323|348980,GABRD|GABRG2|SCN1A|HCN1,-3.2,0
1,-5.4,C0020608,M1,1,0,DisGeNET,35,Hypodontia,,-5.4,5.7,6.6,30284,218,266,11,4.1,1.2,526|1956|2257|2561|2566|3756|4915|6197|6334|10815|348980,ATP6V1B2|EGFR|FGF12|GABRB2|GABRG2|KCNH1|NTRK2|RPS6KA3|SCN8A|CPLX1|HCN1,-3.2,0
1,-5.4,C0038586,M1,1,0,DisGeNET,35,Substance Use Disorders,,-5.4,5.7,6.6,30284,218,266,11,4.1,1.2,481|1826|2120|5581|11278|55297|55691|79750|80031|80034|93664,ATP1B1|DSCAM|ETV6|PRKCE|KLF12|CCDC91|FRMD4A|ZNF385D|SEMA6D|CSRNP3|CADPS2,-3.2,0
1,-5.4,C4021759,M1,1,0,DisGeNET,35,Generalized myoclonic seizures,,-5.4,8.7,7.4,30284,105,266,8,3,1,2554|2563|2566|3746|6323|10815|57468|348980,GABRA1|GABRD|GABRG2|KCNC1|SCN1A|CPLX1|SLC12A5|HCN1,-3.2,0
1,-5.4,C0027066,M1,1,0,DisGeNET,35,Myoclonus,,-5.4,5.2,6.4,30284,264,266,12,4.5,1.3,478|2257|2561|2566|2903|3746|4915|6323|6334|10815|23236|348980,ATP1A3|FGF12|GABRB2|GABRG2|GRIN2A|KCNC1|NTRK2|SCN1A|SCN8A|CPLX1|PLCB1|HCN1,-3.2,0
1,-5.4,C0311335,M1,1,0,DisGeNET,35,Grand Mal Status Epilepticus,,-5.4,11,7.9,30284,75,266,7,2.6,0.98,4208|4915|6323|6334|6546|8566|57468,MEF2C|NTRK2|SCN1A|SCN8A|SLC8A1|PDXK|SLC12A5,-3.2,0
1,-5.4,C0429028,M1,1,0,DisGeNET,35,QT interval feature (observable entity),,-5.4,11,7.9,30284,75,266,7,2.6,0.98,481|571|5578|6546|8618|11278|222553,ATP1B1|BACH1|PRKCA|SLC8A1|CADPS|KLF12|SLC35F1,-3.2,0
1,-5.3,C1838391,M1,1,0,DisGeNET,35,Limb hypertonia,,-5.3,10,7.7,30284,77,266,7,2.6,0.98,2257|2561|2566|4915|6334|55691|348980,FGF12|GABRB2|GABRG2|NTRK2|SCN8A|FRMD4A|HCN1,-3.1,0
1,-5.3,C1846131,M1,1,0,DisGeNET,35,Photosensitive tonic-clonic seizures,,-5.3,33,11,30284,14,266,4,1.5,0.75,785|2554|2563|10815,CACNB4|GABRA1|GABRD|CPLX1,-3.1,0
1,-5.3,C4024945,M1,1,0,DisGeNET,35,Generalized cerebral atrophy/hypoplasia,,-5.3,33,11,30284,14,266,4,1.5,0.75,2563|2566|6323|348980,GABRD|GABRG2|SCN1A|HCN1,-3.1,0
1,-5.2,C0026847,M1,1,0,DisGeNET,35,Spinal Muscular Atrophy,,-5.2,4.6,6.2,30284,319,266,13,4.9,1.3,526|636|1996|2597|2903|3084|3815|4131|5816|10891|83988|90627|348980,ATP6V1B2|BICD1|ELAVL4|GAPDH|GRIN2A|NRG1|KIT|MAP1B|PVALB|PPARGC1A|NCALD|STARD13|HCN1,-3.1,0
1,-5.2,C0151611,M1,1,0,DisGeNET,35,Electroencephalogram abnormal,,-5.2,5.5,6.4,30284,227,266,11,4.1,1.2,2554|2561|2563|2566|3746|6323|6334|8905|10815|22854|104472715,GABRA1|GABRB2|GABRD|GABRG2|KCNC1|SCN1A|SCN8A|AP1S2|CPLX1|NTNG1|SNHG14,-3.1,0
1,-5.2,C0014772,M1,1,0,DisGeNET,35,Red Blood Cell Count measurement,,-5.2,3.2,5.6,30284,717,266,20,7.5,1.6,286|3084|4208|5581|5586|6095|7704|10815|10891|22848|23254|23768|50650|55691|60468|84969|85004|90627|92521|342184,ANK1|NRG1|MEF2C|PRKCE|PKN2|RORA|ZBTB16|CPLX1|PPARGC1A|AAK1|KAZN|FLRT2|ARHGEF3|FRMD4A|BACH2|TOX2|RERG|STARD13|SPECC1|FMN1,-3,0
1,-5.2,C1846620,M1,1,0,DisGeNET,35,Hemiclonic seizures,,-5.2,68,14,30284,5,266,3,1.1,0.65,2554|6323|57468,GABRA1|SCN1A|SLC12A5,-3,0
1,-5.2,C4552072,M1,1,0,DisGeNET,35,X-linked infantile spasms,,-5.2,13,8.2,30284,53,266,6,2.3,0.91,478|6323|6334|23236|57582|348980,ATP1A3|SCN1A|SCN8A|PLCB1|KCNT1|HCN1,-3,0
1,-5.1,C4477055,M1,1,0,DisGeNET,35,Limb myoclonus,,-5.1,30,11,30284,15,266,4,1.5,0.75,2554|2566|3746|6334,GABRA1|GABRG2|KCNC1|SCN8A,-3,0
1,-5,C0005587,M1,1,0,DisGeNET,35,"Depression, Bipolar",,-5,7.9,7,30284,116,266,8,3,1,478|2572|2903|4915|5816|7222|10815|22854,ATP1A3|GAD2|GRIN2A|NTRK2|PVALB|TRPC3|CPLX1|NTNG1,-2.9,0
1,-5,C0278161,M1,1,0,DisGeNET,35,"Ataxia, Motor",,-5,28,10,30284,16,266,4,1.5,0.75,785|2554|6334|348980,CACNB4|GABRA1|SCN8A|HCN1,-2.9,0
1,-5,C0391958,M1,1,0,DisGeNET,35,Familial Epilepsies,,-5,28,10,30284,16,266,4,1.5,0.75,785|2566|6323|53616,CACNB4|GABRG2|SCN1A|ADAM22,-2.9,0
1,-5,C1719788,M1,1,0,DisGeNET,35,Episodic ataxia type 1,,-5,28,10,30284,16,266,4,1.5,0.75,2566|5578|5579|6323,GABRG2|PRKCA|PRKCB|SCN1A,-2.9,0
1,-5,C0037369,M1,1,0,DisGeNET,35,Smoking,,-5,4.1,5.8,30284,391,266,14,5.3,1.4,1996|2104|3708|4978|23236|25834|55297|55799|56243|64901|80031|84159|93664|221935,ELAVL4|ESRRG|ITPR1|OPCML|PLCB1|MGAT4C|CCDC91|CACNA2D3|KIAA1217|RANBP17|SEMA6D|ARID5B|CADPS2|SDK1,-2.8,0
1,-5,C0423110,M1,1,0,DisGeNET,35,Downward slant of palpebral fissure,,-5,4.1,5.8,30284,391,266,14,5.3,1.4,18|526|2257|2561|2566|3756|4915|6197|6334|9758|9949|23261|26040|348980,ABAT|ATP6V1B2|FGF12|GABRB2|GABRG2|KCNH1|NTRK2|RPS6KA3|SCN8A|FRMPD4|AMMECR1|CAMTA1|SETBP1|HCN1,-2.8,0
1,-4.9,C0428883,M1,1,0,DisGeNET,35,Diastolic blood pressure,,-4.9,3.6,5.5,30284,507,266,16,6,1.5,1612|2778|5578|5581|6000|6546|23236|23245|23261|27303|59277|85004|196074|222553|375449|400954,DAPK1|GNAS|PRKCA|PRKCE|RGS7|SLC8A1|PLCB1|ASTN2|CAMTA1|RBMS3|NTN4|RERG|METTL15|SLC35F1|MAST4|EML6,-2.8,0
1,-4.9,C0011904,M1,1,0,DisGeNET,35,"Diagnostic Techniques, Cardiovascular",,-4.9,57,13,30284,6,266,3,1.1,0.65,9353|222553|642987,SLIT2|SLC35F1|TMEM232,-2.8,0
1,-4.9,C3277940,M1,1,0,DisGeNET,35,Generalized hypertrichosis,,-4.9,57,13,30284,6,266,3,1.1,0.65,526|3756|26040,ATP6V1B2|KCNH1|SETBP1,-2.8,0
1,-4.9,C0240991,M1,1,0,DisGeNET,35,"Ataxia, Sensory",,-4.9,16,8.5,30284,35,266,5,1.9,0.83,785|2554|5816|6334|348980,CACNB4|GABRA1|PVALB|SCN8A|HCN1,-2.8,0
1,-4.8,C0233794,M1,1,0,DisGeNET,35,Memory impairment,,-4.8,3,5.2,30284,763,266,20,7.5,1.6,1612|2259|2903|3084|3423|3708|4306|4915|5578|5579|5816|6197|6334|9758|9900|10815|10891|23261|57468|283131,DAPK1|FGF14|GRIN2A|NRG1|IDS|ITPR1|NR3C2|NTRK2|PRKCA|PRKCB|PVALB|RPS6KA3|SCN8A|FRMPD4|SV2A|CPLX1|PPARGC1A|CAMTA1|SLC12A5|NEAT1,-2.7,0
1,-4.8,C1834433,M1,1,0,DisGeNET,35,Obsessive-compulsive trait,,-4.8,25,9.7,30284,18,266,4,1.5,0.75,2563|2566|6323|348980,GABRD|GABRG2|SCN1A|HCN1,-2.7,0
1,-4.8,C1848207,M1,1,0,DisGeNET,35,Poor speech,,-4.8,5.5,6.1,30284,208,266,10,3.8,1.2,132|526|2257|2563|3746|6197|8905|9758|55691|104472715,ADK|ATP6V1B2|FGF12|GABRD|KCNC1|RPS6KA3|AP1S2|FRMPD4|FRMD4A|SNHG14,-2.7,0
1,-4.7,C0039273,M1,1,0,DisGeNET,35,Talipes cavus,,-4.7,5.3,6,30284,213,266,10,3.8,1.2,476|478|526|2259|2903|3423|3756|8566|9935|85021,ATP1A1|ATP1A3|ATP6V1B2|FGF14|GRIN2A|IDS|KCNH1|PDXK|MAFB|REPS1,-2.6,0
1,-4.7,C0013132,M1,1,0,DisGeNET,35,Drooling,,-4.7,8.4,6.8,30284,95,266,7,2.6,0.98,478|2566|2903|6197|6334|9758|57468,ATP1A3|GABRG2|GRIN2A|RPS6KA3|SCN8A|FRMPD4|SLC12A5,-2.6,0
1,-4.6,C4025792,M1,1,0,DisGeNET,35,EEG with irregular generalized spike and wave complexes,,-4.6,49,12,30284,7,266,3,1.1,0.65,2566|2903|10815,GABRG2|GRIN2A|CPLX1,-2.6,0
1,-4.6,C4518639,M1,1,0,DisGeNET,35,Epilepsy of infancy with migrating focal seizures,,-4.6,49,12,30284,7,266,3,1.1,0.65,2566|57468|57582,GABRG2|SLC12A5|KCNT1,-2.6,0
1,-4.6,C1836542,M1,1,0,DisGeNET,35,Depressed nasal bridge,,-4.6,3.7,5.4,30284,426,266,14,5.3,1.4,286|478|2563|2778|3756|4208|5587|6197|9758|9949|26040|56172|80144|84162,ANK1|ATP1A3|GABRD|GNAS|KCNH1|MEF2C|PRKD1|RPS6KA3|FRMPD4|AMMECR1|SETBP1|ANKH|FRAS1|BLTP1,-2.5,0
1,-4.5,C0393734,M1,1,0,DisGeNET,35,Complex Partial Status Epilepticus,,-4.5,10,7,30284,68,266,6,2.3,0.91,4208|4915|6334|6546|8566|57468,MEF2C|NTRK2|SCN8A|SLC8A1|PDXK|SLC12A5,-2.5,0
1,-4.5,C0751524,M1,1,0,DisGeNET,35,Simple Partial Status Epilepticus,,-4.5,10,7,30284,68,266,6,2.3,0.91,4208|4915|6334|6546|8566|57468,MEF2C|NTRK2|SCN8A|SLC8A1|PDXK|SLC12A5,-2.5,0
1,-4.5,C0042834,M1,1,0,DisGeNET,35,Vital capacity,,-4.5,3.7,5.3,30284,430,266,14,5.3,1.4,2070|3084|3708|3763|6546|7704|23236|23245|23768|55297|55799|84159|114880|255928,EYA4|NRG1|ITPR1|KCNJ6|SLC8A1|ZBTB16|PLCB1|ASTN2|FLRT2|CCDC91|CACNA2D3|ARID5B|OSBPL6|SYT14,-2.5,0
1,-4.5,C0751522,M1,1,0,DisGeNET,35,"Status Epilepticus, Subclinical",,-4.5,9.9,7,30284,69,266,6,2.3,0.91,4208|4915|6334|6546|8566|57468,MEF2C|NTRK2|SCN8A|SLC8A1|PDXK|SLC12A5,-2.4,0
1,-4.5,C0022333,M1,1,0,DisGeNET,35,Jacksonian Seizure,,-4.5,7.8,6.5,30284,102,266,7,2.6,0.98,18|2572|5816|6546|54715|57468|348980,ABAT|GAD2|PVALB|SLC8A1|RBFOX1|SLC12A5|HCN1,-2.4,0
1,-4.5,C0422850,M1,1,0,DisGeNET,35,"Seizures, Somatosensory",,-4.5,7.8,6.5,30284,102,266,7,2.6,0.98,18|2572|5816|6546|54715|57468|348980,ABAT|GAD2|PVALB|SLC8A1|RBFOX1|SLC12A5|HCN1,-2.4,0
1,-4.5,C0422852,M1,1,0,DisGeNET,35,"Seizures, Auditory",,-4.5,7.8,6.5,30284,102,266,7,2.6,0.98,18|2572|5816|6546|54715|57468|348980,ABAT|GAD2|PVALB|SLC8A1|RBFOX1|SLC12A5|HCN1,-2.4,0
1,-4.5,C0422853,M1,1,0,DisGeNET,35,Olfactory seizure,,-4.5,7.8,6.5,30284,102,266,7,2.6,0.98,18|2572|5816|6546|54715|57468|348980,ABAT|GAD2|PVALB|SLC8A1|RBFOX1|SLC12A5|HCN1,-2.4,0
1,-4.5,C0422854,M1,1,0,DisGeNET,35,Gustatory seizure,,-4.5,7.8,6.5,30284,102,266,7,2.6,0.98,18|2572|5816|6546|54715|57468|348980,ABAT|GAD2|PVALB|SLC8A1|RBFOX1|SLC12A5|HCN1,-2.4,0
1,-4.5,C0422855,M1,1,0,DisGeNET,35,Vertiginous seizure,,-4.5,7.8,6.5,30284,102,266,7,2.6,0.98,18|2572|5816|6546|54715|57468|348980,ABAT|GAD2|PVALB|SLC8A1|RBFOX1|SLC12A5|HCN1,-2.4,0
1,-4.5,C0751056,M1,1,0,DisGeNET,35,Non-epileptic convulsion,,-4.5,7.8,6.5,30284,102,266,7,2.6,0.98,18|2572|5816|6546|54715|57468|348980,ABAT|GAD2|PVALB|SLC8A1|RBFOX1|SLC12A5|HCN1,-2.4,0
1,-4.5,C0751110,M1,1,0,DisGeNET,35,Single Seizure,,-4.5,7.8,6.5,30284,102,266,7,2.6,0.98,18|2572|5816|6546|54715|57468|348980,ABAT|GAD2|PVALB|SLC8A1|RBFOX1|SLC12A5|HCN1,-2.4,0
1,-4.5,C0751123,M1,1,0,DisGeNET,35,Atonic Absence Seizures,,-4.5,7.8,6.5,30284,102,266,7,2.6,0.98,18|2572|5816|6546|54715|57468|348980,ABAT|GAD2|PVALB|SLC8A1|RBFOX1|SLC12A5|HCN1,-2.4,0
1,-4.5,C0751496,M1,1,0,DisGeNET,35,"Seizures, Sensory",,-4.5,7.8,6.5,30284,102,266,7,2.6,0.98,18|2572|5816|6546|54715|57468|348980,ABAT|GAD2|PVALB|SLC8A1|RBFOX1|SLC12A5|HCN1,-2.4,0
1,-4.5,C3495874,M1,1,0,DisGeNET,35,Nonepileptic Seizures,,-4.5,7.8,6.5,30284,102,266,7,2.6,0.98,18|2572|5816|6546|54715|57468|348980,ABAT|GAD2|PVALB|SLC8A1|RBFOX1|SLC12A5|HCN1,-2.4,0
1,-4.5,C4505436,M1,1,0,DisGeNET,35,Generalized Absence Seizures,,-4.5,7.8,6.5,30284,102,266,7,2.6,0.98,18|2572|5816|6546|54715|57468|348980,ABAT|GAD2|PVALB|SLC8A1|RBFOX1|SLC12A5|HCN1,-2.4,0
1,-4.4,C0796013,M1,1,0,DisGeNET,35,Zimmerman Laband syndrome,,-4.4,43,11,30284,8,266,3,1.1,0.65,526|3756|55799,ATP6V1B2|KCNH1|CACNA2D3,-2.4,0
1,-4.4,C0751523,M1,1,0,DisGeNET,35,Non-Convulsive Status Epilepticus,,-4.4,9.6,6.8,30284,71,266,6,2.3,0.91,4208|4915|6334|6546|8566|57468,MEF2C|NTRK2|SCN8A|SLC8A1|PDXK|SLC12A5,-2.4,0
1,-4.4,C0025363,M1,1,0,DisGeNET,35,"Mental Retardation, Psychosocial",,-4.4,6.4,6.1,30284,142,266,8,3,1,132|2778|4163|4208|6000|6323|6334|26040,ADK|GNAS|MCC|MEF2C|RGS7|SCN1A|SCN8A|SETBP1,-2.4,0
1,-4.4,C0748607,M1,1,0,DisGeNET,35,Recurrent seizure,,-4.4,13,7.5,30284,44,266,5,1.9,0.83,132|2554|2566|5816|6323,ADK|GABRA1|GABRG2|PVALB|SCN1A,-2.4,0
1,-4.3,C4023683,M1,1,0,DisGeNET,35,EEG with spike-wave complexes,,-4.3,20,8.5,30284,23,266,4,1.5,0.75,2563|2566|6323|348980,GABRD|GABRG2|SCN1A|HCN1,-2.3,0
1,-4.3,C0205682,M1,1,0,DisGeNET,35,Waist-Hip Ratio,,-4.3,3.2,5,30284,565,266,16,6,1.5,2070|3763|4163|4978|6095|8618|8622|23245|23274|23331|26040|27327|84159|114804|286205|375449,EYA4|KCNJ6|MCC|OPCML|RORA|CADPS|PDE8B|ASTN2|CLEC16A|TTC28|SETBP1|TNRC6A|ARID5B|RNF157|SCAI|MAST4,-2.3,0
1,-4.3,C0017168,M1,1,0,DisGeNET,35,Gastroesophageal reflux disease,,-4.3,3.6,5.2,30284,446,266,14,5.3,1.4,18|1956|2257|2561|2563|2566|4131|4915|6334|10815|22854|23261|221935|348980,ABAT|EGFR|FGF12|GABRB2|GABRD|GABRG2|MAP1B|NTRK2|SCN8A|CPLX1|NTNG1|CAMTA1|SDK1|HCN1,-2.3,0
1,-4.3,C0497202,M1,1,0,DisGeNET,35,Abnormal ocular motility,,-4.3,13,7.4,30284,45,266,5,1.9,0.83,478|785|2554|2563|3763,ATP1A3|CACNB4|GABRA1|GABRD|KCNJ6,-2.3,0
1,-4.3,C0917816,M1,1,0,DisGeNET,35,Mental deficiency,,-4.3,6.2,5.9,30284,148,266,8,3,1,132|2778|4163|4208|6000|6323|6334|26040,ADK|GNAS|MCC|MEF2C|RGS7|SCN1A|SCN8A|SETBP1,-2.3,0
1,-4.3,C0010051,M1,1,0,DisGeNET,35,Coronary Aneurysm,,-4.3,9.1,6.6,30284,75,266,6,2.3,0.91,3756|5332|5587|10529|23236|26040,KCNH1|PLCB4|PRKD1|NEBL|PLCB1|SETBP1,-2.3,0
1,-4.3,C0027796,M1,1,0,DisGeNET,35,Neuralgia,,-4.3,2.8,4.8,30284,766,266,19,7.1,1.6,1956|1993|2572|3084|4163|4915|5179|5578|5579|5816|6000|6095|6334|9935|22848|22876|57468|283131|348980,EGFR|ELAVL2|GAD2|NRG1|MCC|NTRK2|PENK|PRKCA|PRKCB|PVALB|RGS7|RORA|SCN8A|MAFB|AAK1|INPP5F|SLC12A5|NEAT1|HCN1,-2.3,0
1,-4.3,C1845029,M1,1,0,DisGeNET,35,Nonprogressive cerebellar ataxia,,-4.3,38,10,30284,9,266,3,1.1,0.65,3708|23261|55691,ITPR1|CAMTA1|FRMD4A,-2.3,0
1,-4.2,C3161330,M1,1,0,DisGeNET,35,Profound intellectual disabilities,,-4.2,7.1,6.1,30284,112,266,7,2.6,0.98,3423|3763|6197|6334|8905|9758|53616,IDS|KCNJ6|RPS6KA3|SCN8A|AP1S2|FRMPD4|ADAM22,-2.2,0
1,-4.2,C0684276,M1,1,0,DisGeNET,35,Hypsarrhythmia,,-4.2,6,5.8,30284,152,266,8,3,1,2257|2561|2566|4915|6334|23236|26040|348980,FGF12|GABRB2|GABRG2|NTRK2|SCN8A|PLCB1|SETBP1|HCN1,-2.2,0
1,-4.2,C0270823,M1,1,0,DisGeNET,35,Petit mal status,,-4.2,8.8,6.5,30284,78,266,6,2.3,0.91,4208|4915|6334|6546|8566|57468,MEF2C|NTRK2|SCN8A|SLC8A1|PDXK|SLC12A5,-2.2,0
1,-4.2,C1963184,M1,1,0,DisGeNET,35,"Nystagmus, CTCAE 3.0",,-4.2,2.8,4.7,30284,779,266,19,7.1,1.6,286|478|2257|2561|2563|2566|2778|3708|4915|5587|6095|6323|6334|9758|9935|10815|85021|146057|348980,ANK1|ATP1A3|FGF12|GABRB2|GABRD|GABRG2|GNAS|ITPR1|NTRK2|PRKD1|RORA|SCN1A|SCN8A|FRMPD4|MAFB|CPLX1|REPS1|TTBK2|HCN1,-2.2,0
1,-4.2,C4554036,M1,1,0,DisGeNET,35,"Nystagmus, CTCAE 5.0",,-4.2,2.8,4.7,30284,779,266,19,7.1,1.6,286|478|2257|2561|2563|2566|2778|3708|4915|5587|6095|6323|6334|9758|9935|10815|85021|146057|348980,ANK1|ATP1A3|FGF12|GABRB2|GABRD|GABRG2|GNAS|ITPR1|NTRK2|PRKD1|RORA|SCN1A|SCN8A|FRMPD4|MAFB|CPLX1|REPS1|TTBK2|HCN1,-2.2,0
1,-4.2,C0087012,M1,1,0,DisGeNET,35,"Ataxia, Spinocerebellar",,-4.2,5.9,5.8,30284,154,266,8,3,1,2259|3708|6334|7222|146057|152330|255928|283131,FGF14|ITPR1|SCN8A|TRPC3|TTBK2|CNTN4|SYT14|NEAT1,-2.2,0
1,-4.1,C0027126,M1,1,0,DisGeNET,35,Myotonic Dystrophy,,-4.1,5.9,5.7,30284,155,266,8,3,1,478|4208|5578|5579|23236|26033|27303|54715,ATP1A3|MEF2C|PRKCA|PRKCB|PLCB1|ATRNL1|RBMS3|RBFOX1,-2.2,0
1,-4.1,C3887506,M1,1,0,DisGeNET,35,Hyperkinesia,,-4.1,8.5,6.4,30284,80,266,6,2.3,0.91,18|107|3763|4208|4915|6323,ABAT|ADCY1|KCNJ6|MEF2C|NTRK2|SCN1A,-2.1,0
1,-4.1,C0020534,M1,1,0,DisGeNET,35,Orbital separation excessive,,-4.1,3.1,4.8,30284,590,266,16,6,1.5,132|286|526|2259|3756|4208|6197|6323|10815|11113|23261|26040|56172|80144|84162|158326,ADK|ANK1|ATP6V1B2|FGF14|KCNH1|MEF2C|RPS6KA3|SCN1A|CPLX1|CIT|CAMTA1|SETBP1|ANKH|FRAS1|BLTP1|FREM1,-2.1,0
1,-4.1,C0232466,M1,1,0,DisGeNET,35,Feeding difficulties,,-4.1,3.4,4.9,30284,473,266,14,5.3,1.4,286|2257|2561|2566|4208|4306|4915|5332|5587|6334|8905|10815|57731|348980,ANK1|FGF12|GABRB2|GABRG2|MEF2C|NR3C2|NTRK2|PLCB4|PRKD1|SCN8A|AP1S2|CPLX1|SPTBN4|HCN1,-2.1,0
1,-4,C0020796,M1,1,0,DisGeNET,35,Profound Mental Retardation,,-4,5.7,5.6,30284,160,266,8,3,1,132|2778|4163|4208|6000|6323|6334|26040,ADK|GNAS|MCC|MEF2C|RGS7|SCN1A|SCN8A|SETBP1,-2.1,0
1,-4,C0162701,M1,1,0,DisGeNET,35,Polysomnography,,-4,6.7,5.9,30284,119,266,7,2.6,0.98,1826|3708|4673|5126|23274|50650|161357,DSCAM|ITPR1|NAP1L1|PCSK2|CLEC16A|ARHGEF3|MDGA2,-2.1,0
1,-4,C1504404,M1,1,0,DisGeNET,35,Hippocampal sclerosis,,-4,8.1,6.2,30284,84,266,6,2.3,0.91,132|2903|6323|54715|57468|348980,ADK|GRIN2A|SCN1A|RBFOX1|SLC12A5|HCN1,-2,0
1,-4,C4025843,M1,1,0,DisGeNET,35,Abnormality of refraction,,-4,16,7.6,30284,28,266,4,1.5,0.75,54715|56479|79698|388336,RBFOX1|KCNQ5|ZMAT4|SHISA6,-2,0
1,-4,C1319315,M1,1,0,DisGeNET,35,Adenocarcinoma of large intestine,,-4,3.1,4.7,30284,543,266,15,5.6,1.4,1956|2120|2778|3756|3815|4045|4163|5578|5579|5915|7378|83992|84969|160518|342184,EGFR|ETV6|GNAS|KCNH1|KIT|LSAMP|MCC|PRKCA|PRKCB|RARB|UPP1|CTTNBP2|TOX2|DENND5B|FMN1,-2,0
1,-4,C0917800,M1,1,0,DisGeNET,35,"Epilepsy, Myoclonic, Infantile",,-4,31,9.4,30284,11,266,3,1.1,0.65,6323|10815|27327,SCN1A|CPLX1|TNRC6A,-2,0
1,-4,C1847164,M1,1,0,DisGeNET,35,Morning myoclonic jerks,,-4,31,9.4,30284,11,266,3,1.1,0.65,785|2554|2563,CACNB4|GABRA1|GABRD,-2,0
1,-4,C4014430,M1,1,0,DisGeNET,35,"EPILEPTIC ENCEPHALOPATHY, EARLY INFANTILE, 21",,-4,31,9.4,30284,11,266,3,1.1,0.65,6323|6334|348980,SCN1A|SCN8A|HCN1,-2,0
1,-4,C0234535,M1,1,0,DisGeNET,35,Clonic Seizures,,-4,6.5,5.8,30284,122,266,7,2.6,0.98,18|2572|5816|6546|54715|57468|348980,ABAT|GAD2|PVALB|SLC8A1|RBFOX1|SLC12A5|HCN1,-2,0
1,-4,C0270736,M1,1,0,DisGeNET,35,Essential Tremor,,-4,6.5,5.8,30284,122,266,7,2.6,0.98,2554|4915|6334|10891|11113|27303|348980,GABRA1|NTRK2|SCN8A|PPARGC1A|CIT|RBMS3|HCN1,-2,0
1,-4,C4317123,M1,1,0,DisGeNET,35,Myoclonic Seizures,,-4,6.5,5.7,30284,123,266,7,2.6,0.98,18|2572|5816|6546|54715|57468|348980,ABAT|GAD2|PVALB|SLC8A1|RBFOX1|SLC12A5|HCN1,-2,0
1,-3.9,C0426421,M1,1,0,DisGeNET,35,Wide nose,,-3.9,7.9,6,30284,87,266,6,2.3,0.91,526|3756|6197|22854|23261|80144,ATP6V1B2|KCNH1|RPS6KA3|NTNG1|CAMTA1|FRAS1,-2,0
1,-3.9,C0393593,M1,1,0,DisGeNET,35,Dystonia Disorders,,-3.9,5.5,5.4,30284,167,266,8,3,1,478|2554|2566|3763|5179|6334|57468|57582,ATP1A3|GABRA1|GABRG2|KCNJ6|PENK|SCN8A|SLC12A5|KCNT1,-2,0
1,-3.9,C0542476,M1,1,0,DisGeNET,35,Forgetful,,-3.9,3.4,4.8,30284,429,266,13,4.9,1.3,1612|2259|3708|4306|5578|5579|5816|6334|9900|10815|10891|23261|283131,DAPK1|FGF14|ITPR1|NR3C2|PRKCA|PRKCB|PVALB|SCN8A|SV2A|CPLX1|PPARGC1A|CAMTA1|NEAT1,-2,0
1,-3.9,C1849367,M1,1,0,DisGeNET,35,Nasal bridge wide,,-3.9,3.4,4.8,30284,429,266,13,4.9,1.3,526|1290|2563|3756|3815|5915|6334|9758|9935|10815|56172|80144|158326,ATP6V1B2|COL5A2|GABRD|KCNH1|KIT|RARB|SCN8A|FRMPD4|MAFB|CPLX1|ANKH|FRAS1|FREM1,-2,0
1,-3.9,C0869220,M1,1,0,DisGeNET,35,"Adverse effects, not elsewhere classified",,-3.9,10,6.5,30284,55,266,5,1.9,0.83,2070|2104|23236|23245|55297,EYA4|ESRRG|PLCB1|ASTN2|CCDC91,-2,0
1,-3.9,C0279530,M1,1,0,DisGeNET,35,Malignant Bone Neoplasm,,-3.9,6.4,5.7,30284,125,266,7,2.6,0.98,1956|5179|5578|5579|7447|9353|57468,EGFR|PENK|PRKCA|PRKCB|VSNL1|SLIT2|SLC12A5,-2,0
1,-3.9,C0027092,M1,1,0,DisGeNET,35,Myopia,,-3.9,3.3,4.7,30284,490,266,14,5.3,1.4,1290|3756|3815|4915|5915|8604|9949|54715|55297|56479|57453|79698|145581|388336,COL5A2|KCNH1|KIT|NTRK2|RARB|SLC25A12|AMMECR1|RBFOX1|CCDC91|KCNQ5|DSCAML1|ZMAT4|LRFN5|SHISA6,-2,0
1,-3.9,C0005893,M1,1,0,DisGeNET,35,Body mass index procedure,,-3.9,7.8,6,30284,88,266,6,2.3,0.91,4915|5587|9472|23294|27133|158326,NTRK2|PRKD1|AKAP6|ANKS1A|KCNH5|FREM1,-2,0
1,-3.9,C0578022,M1,1,0,DisGeNET,35,Finding of body mass index,,-3.9,7.8,6,30284,88,266,6,2.3,0.91,4915|5587|9472|23294|27133|158326,NTRK2|PRKD1|AKAP6|ANKS1A|KCNH5|FREM1,-2,0
1,-3.9,C0235659,M1,1,0,DisGeNET,35,Reduced fetal movement,,-3.9,5.4,5.4,30284,169,266,8,3,1,2257|2561|2566|2778|4915|6334|10815|348980,FGF12|GABRB2|GABRG2|GNAS|NTRK2|SCN8A|CPLX1|HCN1,-2,0
1,-3.9,C0391957,M1,1,0,DisGeNET,35,idiopathic epilepsy,,-3.9,15,7.3,30284,30,266,4,1.5,0.75,2567|6323|54715|348980,GABRG3|SCN1A|RBFOX1|HCN1,-2,0
1,-3.9,C4021757,M1,1,0,DisGeNET,35,EEG with polyspike wave complexes,,-3.9,15,7.3,30284,30,266,4,1.5,0.75,785|2554|2563|2566,CACNB4|GABRA1|GABRD|GABRG2,-2,0
1,-3.9,C4025846,M1,1,0,DisGeNET,35,Abnormality of vision,,-3.9,6.3,5.6,30284,127,266,7,2.6,0.98,2257|2561|2566|2778|4915|6334|348980,FGF12|GABRB2|GABRG2|GNAS|NTRK2|SCN8A|HCN1,-1.9,0
1,-3.9,C0018776,M1,1,0,DisGeNET,35,"Hearing Loss, Central",,-3.9,28,9,30284,12,266,3,1.1,0.65,476|481|57731,ATP1A1|ATP1B1|SPTBN4,-1.9,0
1,-3.9,C0752323,M1,1,0,DisGeNET,35,Focal Clonic Seizures,,-3.9,28,9,30284,12,266,3,1.1,0.65,2554|2566|6323,GABRA1|GABRG2|SCN1A,-1.9,0
1,-3.9,C1333500,M1,1,0,DisGeNET,35,Extragastrointestinal Gastrointestinal Stromal Tumor,,-3.9,28,9,30284,12,266,3,1.1,0.65,3815|5578|5579,KIT|PRKCA|PRKCB,-1.9,0
1,-3.8,C1860787,M1,1,0,DisGeNET,35,DOWN SYNDROME CRITICAL REGION,,-3.8,10,6.4,30284,57,266,5,1.9,0.83,1826|2597|3763|10231|11113,DSCAM|GAPDH|KCNJ6|RCAN2|CIT,-1.9,0
1,-3.8,C1867864,M1,1,0,DisGeNET,35,Poor fine motor coordination,,-3.8,15,7.2,30284,31,266,4,1.5,0.75,2563|2566|6323|348980,GABRD|GABRG2|SCN1A|HCN1,-1.9,0
1,-3.8,C0346629,M1,1,0,DisGeNET,35,Malignant neoplasm of large intestine,,-3.8,5.3,5.3,30284,173,266,8,3,1,2120|2778|3756|4045|84969|92521|160518|342184,ETV6|GNAS|KCNH1|LSAMP|TOX2|SPECC1|DENND5B|FMN1,-1.9,0
1,-3.8,C1837397,M1,1,0,DisGeNET,35,Severe global developmental delay,,-3.8,6.1,5.5,30284,130,266,7,2.6,0.98,18|132|2566|3763|4915|5915|6197,ABAT|ADK|GABRG2|KCNJ6|NTRK2|RARB|RPS6KA3,-1.9,0
1,-3.8,C0006012,M1,1,0,DisGeNET,35,Borderline Personality Disorder,,-3.8,4.6,5.1,30284,221,266,9,3.4,1.1,1956|2561|2572|2778|3084|4306|5816|6334|10369,EGFR|GABRB2|GAD2|GNAS|NRG1|NR3C2|PVALB|SCN8A|CACNG2,-1.9,0
1,-3.8,C0029124,M1,1,0,DisGeNET,35,Optic Atrophy,,-3.8,3,4.6,30284,567,266,15,5.6,1.4,478|549|2257|2561|2563|2566|2778|4915|6197|6334|8566|9758|10367|53616|348980,ATP1A3|AUH|FGF12|GABRB2|GABRD|GABRG2|GNAS|NTRK2|RPS6KA3|SCN8A|PDXK|FRMPD4|MICU1|ADAM22|HCN1,-1.9,0
1,-3.8,C0200665,M1,1,0,DisGeNET,35,Platelet mean volume determination (procedure),,-3.8,4.6,5.1,30284,223,266,9,3.4,1.1,4208|7704|23047|23261|50650|55711|84162|375449|400954,MEF2C|ZBTB16|PDS5B|CAMTA1|ARHGEF3|FAR2|BLTP1|MAST4|EML6,-1.9,0
1,-3.8,C0494463,M1,1,0,DisGeNET,35,"Alzheimer Disease, Late Onset",,-3.8,3.5,4.7,30284,385,266,12,4.5,1.3,286|1612|2597|3084|4208|4306|6546|7447|9900|10891|55691|114815,ANK1|DAPK1|GAPDH|NRG1|MEF2C|NR3C2|SLC8A1|VSNL1|SV2A|PPARGC1A|FRMD4A|SORCS1,-1.9,0
1,-3.8,C0242184,M1,1,0,DisGeNET,35,Hypoxia,,-3.8,9.6,6.3,30284,59,266,5,1.9,0.83,132|2597|2778|3708|4673,ADK|GAPDH|GNAS|ITPR1|NAP1L1,-1.9,0
1,-3.8,C0178417,M1,1,0,DisGeNET,35,Anhedonia,,-3.8,7.3,5.8,30284,93,266,6,2.3,0.91,478|3423|5179|5816|6546|11113,ATP1A3|IDS|PENK|PVALB|SLC8A1|CIT,-1.9,0
1,-3.8,C0311394,M1,1,0,DisGeNET,35,Difficulty walking,,-3.8,4.6,5.1,30284,224,266,9,3.4,1.1,2257|2259|2561|2566|4915|6334|10367|146057|348980,FGF12|FGF14|GABRB2|GABRG2|NTRK2|SCN8A|MICU1|TTBK2|HCN1,-1.9,0
1,-3.7,C0021125,M1,1,0,DisGeNET,35,Impulsive Behavior,,-3.7,4.1,4.9,30284,276,266,10,3.8,1.2,2257|2561|2566|2903|4163|4915|5816|6334|11113|348980,FGF12|GABRB2|GABRG2|GRIN2A|MCC|NTRK2|PVALB|SCN8A|CIT|HCN1,-1.9,0
1,-3.7,C0233565,M1,1,0,DisGeNET,35,Bradykinesia,,-3.7,6,5.4,30284,133,266,7,2.6,0.98,478|2563|2566|2903|6323|8622|348980,ATP1A3|GABRD|GABRG2|GRIN2A|SCN1A|PDE8B|HCN1,-1.9,0
1,-3.7,C1720983,M1,1,0,DisGeNET,35,Channelopathies,,-3.7,7.3,5.7,30284,94,266,6,2.3,0.91,478|3423|3760|3763|6323|348980,ATP1A3|IDS|KCNJ3|KCNJ6|SCN1A|HCN1,-1.8,0
1,-3.7,C4281785,M1,1,0,DisGeNET,35,Childhood Absence Epilepsy,,-3.7,14,6.9,30284,33,266,4,1.5,0.75,2554|2563|2566|348980,GABRA1|GABRD|GABRG2|HCN1,-1.8,0
1,-3.7,C0240379,M1,1,0,DisGeNET,35,Open mouth (finding),,-3.7,7.1,5.6,30284,96,266,6,2.3,0.91,3763|4208|6197|6334|8905|53616,KCNJ6|MEF2C|RPS6KA3|SCN8A|AP1S2|ADAM22,-1.8,0
1,-3.7,C0018784,M1,1,0,DisGeNET,35,Sensorineural Hearing Loss (disorder),,-3.7,2.6,4.3,30284,783,266,18,6.8,1.5,476|478|481|526|2070|2563|2778|3756|3815|5579|6197|6323|8905|9935|9949|10529|23262|56172,ATP1A1|ATP1A3|ATP1B1|ATP6V1B2|EYA4|GABRD|GNAS|KCNH1|KIT|PRKCB|RPS6KA3|SCN1A|AP1S2|MAFB|AMMECR1|NEBL|PPIP5K2|ANKH,-1.8,0
1,-3.7,C0854917,M1,1,0,DisGeNET,35,Rhabdoid Tumor of the Kidney,,-3.7,9.2,6.1,30284,62,266,5,1.9,0.83,1956|3815|5578|5579|80144,EGFR|KIT|PRKCA|PRKCB|FRAS1,-1.8,0
1,-3.7,C0021841,M1,1,0,DisGeNET,35,Intestinal Neoplasms,,-3.7,5,5.1,30284,182,266,8,3,1,1956|3815|4163|5578|5579|9201|9353|79884,EGFR|KIT|MCC|PRKCA|PRKCB|DCLK1|SLIT2|MAP9,-1.8,0
1,-3.6,C0019147,M1,1,0,DisGeNET,35,Hepatic Coma,,-3.6,24,8.2,30284,14,266,3,1.1,0.65,2554|2566|6323,GABRA1|GABRG2|SCN1A,-1.8,0
1,-3.6,C0005938,M1,1,0,DisGeNET,35,Bone Density,,-3.6,5.8,5.3,30284,138,266,7,2.6,0.98,2070|4208|6546|8527|23294|79698|201134,EYA4|MEF2C|SLC8A1|DGKD|ANKS1A|ZMAT4|CEP112,-1.8,0
1,-3.6,C0016202,M1,1,0,DisGeNET,35,Flatfoot,,-3.6,4,4.8,30284,285,266,10,3.8,1.2,526|1290|2563|2566|3756|6197|6323|9758|9949|348980,ATP6V1B2|COL5A2|GABRD|GABRG2|KCNH1|RPS6KA3|SCN1A|FRMPD4|AMMECR1|HCN1,-1.8,0
1,-3.6,C0424230,M1,1,0,DisGeNET,35,Motor retardation,,-3.6,7,5.6,30284,98,266,6,2.3,0.91,18|2554|2566|6197|6323|255928,ABAT|GABRA1|GABRG2|RPS6KA3|SCN1A|SYT14,-1.8,0
1,-3.6,C0017654,M1,1,0,DisGeNET,35,Glomerular Filtration Rate,,-3.6,3.4,4.6,30284,399,266,12,4.5,1.3,2070|2778|3084|6546|8395|10891|23136|23236|23245|26040|84159|85004,EYA4|GNAS|NRG1|SLC8A1|PIP5K1B|PPARGC1A|EPB41L3|PLCB1|ASTN2|SETBP1|ARID5B|RERG,-1.8,0
1,-3.6,C0239174,M1,1,0,DisGeNET,35,Late tooth eruption,,-3.6,5.7,5.3,30284,139,266,7,2.6,0.98,2778|3423|3756|6197|9758|9949|26040,GNAS|IDS|KCNH1|RPS6KA3|FRMPD4|AMMECR1|SETBP1,-1.8,0
1,-3.6,C0019337,M1,1,0,DisGeNET,35,Heroin Dependence,,-3.6,6.8,5.5,30284,100,266,6,2.3,0.91,18|2561|2903|4306|5179|9208,ABAT|GABRB2|GRIN2A|NR3C2|PENK|LRRFIP1,-1.7,0
1,-3.6,C1720189,M1,1,0,DisGeNET,35,Episodic Ataxia,,-3.6,13,6.6,30284,36,266,4,1.5,0.75,478|785|2259|7222,ATP1A3|CACNB4|FGF14|TRPC3,-1.7,0
1,-3.6,C0018798,M1,1,0,DisGeNET,35,Congenital Heart Defects,,-3.6,3.4,4.5,30284,406,266,12,4.5,1.3,1826|1956|2903|3763|4208|4978|6323|9628|10891|11113|26040|80144,DSCAM|EGFR|GRIN2A|KCNJ6|MEF2C|OPCML|SCN1A|RGS6|PPARGC1A|CIT|SETBP1|FRAS1,-1.7,0
1,-3.5,C1332243,M1,1,0,DisGeNET,35,Adenocarcinoma of ampulla of Vater,,-3.5,23,7.9,30284,15,266,3,1.1,0.65,1956|2778|3815,EGFR|GNAS|KIT,-1.7,0
1,-3.5,C2363129,M1,1,0,DisGeNET,35,Benign Rolandic Epilepsy,,-3.5,23,7.9,30284,15,266,3,1.1,0.65,2566|2903|54715,GABRG2|GRIN2A|RBFOX1,-1.7,0
1,-3.5,C0427086,M1,1,0,DisGeNET,35,Involuntary Movements,,-3.5,12,6.5,30284,37,266,4,1.5,0.75,3708|5587|9900|10891,ITPR1|PRKD1|SV2A|PPARGC1A,-1.7,0
1,-3.5,C0424574,M1,1,0,DisGeNET,35,Duration of sleep,,-3.5,6.6,5.4,30284,104,266,6,2.3,0.91,6323|6546|23261|54715|80031|388336,SCN1A|SLC8A1|CAMTA1|RBFOX1|SEMA6D|SHISA6,-1.6,0
1,-3.5,C0009241,M1,1,0,DisGeNET,35,Cognition Disorders,,-3.5,2.8,4.3,30284,606,266,15,5.6,1.4,478|2259|3084|3708|3763|5578|5816|5915|6323|6334|7447|7804|10891|23245|55297,ATP1A3|FGF14|NRG1|ITPR1|KCNJ6|PRKCA|PVALB|RARB|SCN1A|SCN8A|VSNL1|LRP8|PPARGC1A|ASTN2|CCDC91,-1.6,0
1,-3.5,C0006009,M1,1,0,DisGeNET,35,Borderline intellectual disability,,-3.5,21,7.7,30284,16,266,3,1.1,0.65,2566|2778|2903,GABRG2|GNAS|GRIN2A,-1.6,0
1,-3.5,C0042420,M1,1,0,DisGeNET,35,Vasovagal syncope,,-3.5,21,7.7,30284,16,266,3,1.1,0.65,2778|3760|6197,GNAS|KCNJ3|RPS6KA3,-1.6,0
1,-3.5,C0024433,M1,1,0,DisGeNET,35,Macrostomia,,-3.5,5.4,5,30284,148,266,7,2.6,0.98,526|3756|6197|8905|22854|26040|80144,ATP6V1B2|KCNH1|RPS6KA3|AP1S2|NTNG1|SETBP1|FRAS1,-1.6,0
1,-3.4,C1859592,M1,1,0,DisGeNET,35,ATRICHIA WITH PAPULAR LESIONS,,-3.4,8.1,5.6,30284,70,266,5,1.9,0.83,2258|5578|5579|7704|283131,FGF13|PRKCA|PRKCB|ZBTB16|NEAT1,-1.6,0
1,-3.4,C0042024,M1,1,0,DisGeNET,35,Urinary Incontinence,,-3.4,5.3,5,30284,151,266,7,2.6,0.98,549|2554|2566|6197|6334|9758|60495,AUH|GABRA1|GABRG2|RPS6KA3|SCN8A|FRMPD4|HPSE2,-1.6,0
1,-3.4,C0026351,M1,1,0,DisGeNET,35,Moderate intellectual disability,,-3.4,4.1,4.6,30284,250,266,9,3.4,1.1,2257|2903|3708|4208|6197|6323|8905|9758|10369,FGF12|GRIN2A|ITPR1|MEF2C|RPS6KA3|SCN1A|AP1S2|FRMPD4|CACNG2,-1.6,0
1,-3.4,C0000772,M1,1,0,DisGeNET,35,Multiple congenital anomalies,,-3.4,4.1,4.6,30284,251,266,9,3.4,1.1,478|2120|2778|3708|4208|5332|5915|6197|26040,ATP1A3|ETV6|GNAS|ITPR1|MEF2C|PLCB4|RARB|RPS6KA3|SETBP1,-1.6,0
1,-3.4,C0034951,M1,1,0,DisGeNET,35,Refractive Errors,,-3.4,8,5.6,30284,71,266,5,1.9,0.83,54715|56479|79698|81539|388336,RBFOX1|KCNQ5|ZMAT4|SLC38A1|SHISA6,-1.6,0
1,-3.4,C0013362,M1,1,0,DisGeNET,35,Dysarthria,,-3.4,3,4.3,30284,487,266,13,4.9,1.3,478|549|785|2259|2903|3708|3746|8622|10815|23261|85021|146057|255928,ATP1A3|AUH|CACNB4|FGF14|GRIN2A|ITPR1|KCNC1|PDE8B|CPLX1|CAMTA1|REPS1|TTBK2|SYT14,-1.5,0
1,-3.4,C0018803,M1,1,0,DisGeNET,35,Heart Function Tests,,-3.4,20,7.4,30284,17,266,3,1.1,0.65,5578|11278|26040,PRKCA|KLF12|SETBP1,-1.5,0
1,-3.4,C0159020,M1,1,0,DisGeNET,35,Convulsions in the newborn,,-3.4,20,7.4,30284,17,266,3,1.1,0.65,6323|56479|57468,SCN1A|KCNQ5|SLC12A5,-1.5,0
1,-3.4,C0595948,M1,1,0,DisGeNET,35,Atypical absence seizure,,-3.4,20,7.4,30284,17,266,3,1.1,0.65,2566|2903|6323,GABRG2|GRIN2A|SCN1A,-1.5,0
1,-3.3,C0151888,M1,1,0,DisGeNET,35,Hyporeflexia,,-3.3,3.6,4.4,30284,312,266,10,3.8,1.2,18|476|2257|2561|2566|2778|2903|4915|6334|348980,ABAT|ATP1A1|FGF12|GABRB2|GABRG2|GNAS|GRIN2A|NTRK2|SCN8A|HCN1,-1.5,0
1,-3.3,C0023014,M1,1,0,DisGeNET,35,Language Development Disorders,,-3.3,19,7.2,30284,18,266,3,1.1,0.65,2903|26040|80031,GRIN2A|SETBP1|SEMA6D,-1.5,0
1,-3.3,C1560249,M1,1,0,DisGeNET,35,Adverse Event Associated with Cardiac Arrhythmia,,-3.3,11,6,30284,42,266,4,1.5,0.75,2104|3423|6323|6546,ESRRG|IDS|SCN1A|SLC8A1,-1.5,0
1,-3.3,C0150055,M1,1,0,DisGeNET,35,Chronic pain,,-3.3,4.4,4.6,30284,207,266,8,3,1,1956|2572|4915|5179|5578|5581|10369|57468,EGFR|GAD2|NTRK2|PENK|PRKCA|PRKCE|CACNG2|SLC12A5,-1.5,0
1,-3.3,C0236807,M1,1,0,DisGeNET,35,Amphetamine Abuse,,-3.3,7.6,5.4,30284,75,266,5,1.9,0.83,2566|3084|23245|23305|79750,GABRG2|NRG1|ASTN2|ACSL6|ZNF385D,-1.5,0
1,-3.3,C0752121,M1,1,0,DisGeNET,35,Spinocerebellar Ataxia Type 2,,-3.3,7.5,5.3,30284,76,266,5,1.9,0.83,3708|7222|11113|146057|255928,ITPR1|TRPC3|CIT|TTBK2|SYT14,-1.4,0
1,-3.2,C0149955,M1,1,0,DisGeNET,35,Annular pancreas,,-3.2,18,7,30284,19,266,3,1.1,0.65,2563|5915|26040,GABRD|RARB|SETBP1,-1.4,0
1,-3.2,C4021087,M1,1,0,DisGeNET,35,Abnormal social behavior,,-3.2,18,7,30284,19,266,3,1.1,0.65,2554|2566|23261,GABRA1|GABRG2|CAMTA1,-1.4,0
1,-3.2,C4023681,M1,1,0,DisGeNET,35,Delayed fine motor development,,-3.2,18,7,30284,19,266,3,1.1,0.65,2778|3708|10815,GNAS|ITPR1|CPLX1,-1.4,0
1,-3.2,C0740279,M1,1,0,DisGeNET,35,Cerebellar atrophy,,-3.2,3.5,4.3,30284,321,266,10,3.8,1.2,478|2257|2259|3708|6095|6334|7222|85021|146057|255928,ATP1A3|FGF12|FGF14|ITPR1|RORA|SCN8A|TRPC3|REPS1|TTBK2|SYT14,-1.4,0
1,-3.2,C0423757,M1,1,0,DisGeNET,35,Thin skin,,-3.2,7.4,5.3,30284,77,266,5,1.9,0.83,1290|2778|4131|5587|8622,COL5A2|GNAS|MAP1B|PRKD1|PDE8B,-1.4,0
1,-3.2,C1836038,M1,1,0,DisGeNET,35,Poor head control,,-3.2,4.9,4.7,30284,162,266,7,2.6,0.98,2257|2561|2566|2903|4915|6334|348980,FGF12|GABRB2|GABRG2|GRIN2A|NTRK2|SCN8A|HCN1,-1.4,0
1,-3.2,C2938983,M1,1,0,DisGeNET,35,Focal cortical dysplasia,,-3.2,10,5.8,30284,44,266,4,1.5,0.75,7224|9628|9900|57468,TRPC5|RGS6|SV2A|SLC12A5,-1.4,0
1,-3.2,C0684337,M1,1,0,DisGeNET,35,Ewings sarcoma-primitive neuroectodermal tumor (PNET),,-3.2,5.8,4.9,30284,117,266,6,2.3,0.91,1956|2597|3084|3815|7704|9201,EGFR|GAPDH|NRG1|KIT|ZBTB16|DCLK1,-1.4,0
1,-3.2,C1175175,M1,1,0,DisGeNET,35,Severe Acute Respiratory Syndrome,,-3.2,5.8,4.9,30284,117,266,6,2.3,0.91,1956|2597|2805|5578|5579|92521,EGFR|GAPDH|GOT1|PRKCA|PRKCB|SPECC1,-1.4,0
1,-3.2,C0431380,M1,1,0,DisGeNET,35,Cortical Dysplasia,,-3.2,5.8,4.9,30284,118,266,6,2.3,0.91,2563|2566|2903|4131|6323|348980,GABRD|GABRG2|GRIN2A|MAP1B|SCN1A|HCN1,-1.4,0
1,-3.2,C0236733,M1,1,0,DisGeNET,35,Amphetamine-Related Disorders,,-3.2,7.3,5.2,30284,78,266,5,1.9,0.83,2566|3084|23245|23305|79750,GABRG2|NRG1|ASTN2|ACSL6|ZNF385D,-1.4,0
1,-3.2,C0019569,M1,1,0,DisGeNET,35,Hirschsprung Disease,,-3.2,3.3,4.2,30284,384,266,11,4.1,1.2,1826|2566|3084|3815|4163|9201|9353|9628|23236|26040|121536,DSCAM|GABRG2|NRG1|KIT|MCC|DCLK1|SLIT2|RGS6|PLCB1|SETBP1|AEBP2,-1.4,0
1,-3.2,C2677123,M1,1,0,DisGeNET,35,"COLORECTAL CANCER, SUSCEPTIBILITY TO, 3",,-3.2,4.8,4.6,30284,165,266,7,2.6,0.98,2120|2778|3756|4045|84969|160518|342184,ETV6|GNAS|KCNH1|LSAMP|TOX2|DENND5B|FMN1,-1.4,0
1,-3.2,C1834055,M1,1,0,DisGeNET,35,Underdeveloped nasal alae,,-3.2,7.2,5.2,30284,79,266,5,1.9,0.83,526|3763|6334|22854|80144,ATP6V1B2|KCNJ6|SCN8A|NTNG1|FRAS1,-1.4,0
1,-3.2,C1837315,M1,1,0,DisGeNET,35,"COLORECTAL CANCER, SUSCEPTIBILITY TO, 1",,-3.2,4.8,4.6,30284,166,266,7,2.6,0.98,2120|2778|3756|4045|84969|160518|342184,ETV6|GNAS|KCNH1|LSAMP|TOX2|DENND5B|FMN1,-1.4,0
1,-3.2,C2675481,M1,1,0,DisGeNET,35,"COLORECTAL CANCER, SUSCEPTIBILITY TO, 10",,-3.2,4.8,4.6,30284,166,266,7,2.6,0.98,2120|2778|3756|4045|84969|160518|342184,ETV6|GNAS|KCNH1|LSAMP|TOX2|DENND5B|FMN1,-1.4,0
1,-3.2,C3554460,M1,1,0,DisGeNET,35,"COLORECTAL CANCER, SUSCEPTIBILITY TO, 12",,-3.2,4.8,4.6,30284,166,266,7,2.6,0.98,2120|2778|3756|4045|84969|160518|342184,ETV6|GNAS|KCNH1|LSAMP|TOX2|DENND5B|FMN1,-1.4,0
1,-3.1,C0013421,M1,1,0,DisGeNET,35,Dystonia,,-3.1,3,4.1,30284,453,266,12,4.5,1.3,478|549|2561|3763|5179|5915|6334|8905|10367|57468|57582|146057,ATP1A3|AUH|GABRB2|KCNJ6|PENK|RARB|SCN8A|AP1S2|MICU1|SLC12A5|KCNT1|TTBK2,-1.4,0
1,-3.1,C0235946,M1,1,0,DisGeNET,35,Cerebral atrophy,,-3.1,3,4.1,30284,453,266,12,4.5,1.3,132|549|2257|2561|2566|4915|6323|6334|26040|57468|85021|348980,ADK|AUH|FGF12|GABRB2|GABRG2|NTRK2|SCN1A|SCN8A|SETBP1|SLC12A5|REPS1|HCN1,-1.4,0
1,-3.1,C0236804,M1,1,0,DisGeNET,35,Amphetamine Addiction,,-3.1,7,5.1,30284,81,266,5,1.9,0.83,2566|3084|23245|23305|79750,GABRG2|NRG1|ASTN2|ACSL6|ZNF385D,-1.3,0
1,-3.1,C0085281,M1,1,0,DisGeNET,35,Addictive Behavior,,-3.1,3.4,4.2,30284,332,266,10,3.8,1.2,526|1956|2258|2903|3763|3815|4306|4915|27303|54715,ATP6V1B2|EGFR|FGF13|GRIN2A|KCNJ6|KIT|NR3C2|NTRK2|RBMS3|RBFOX1,-1.3,0
1,-3.1,C2960127,M1,1,0,DisGeNET,35,Heart failure with normal ejection fraction,,-3.1,9.7,5.6,30284,47,266,4,1.5,0.75,3084|4306|5179|23294,NRG1|NR3C2|PENK|ANKS1A,-1.3,0
1,-3.1,C0011853,M1,1,0,DisGeNET,35,"Diabetes Mellitus, Experimental",,-3.1,2.8,4,30284,522,266,13,4.9,1.3,18|132|1956|2597|4208|5126|5578|5579|5581|6546|10891|23305|348980,ABAT|ADK|EGFR|GAPDH|MEF2C|PCSK2|PRKCA|PRKCB|PRKCE|SLC8A1|PPARGC1A|ACSL6|HCN1,-1.3,0
1,-3.1,C0040433,M1,1,0,DisGeNET,35,Tooth Crowding,,-3.1,6.9,5.1,30284,82,266,5,1.9,0.83,5332|6197|9949|26040|80144,PLCB4|RPS6KA3|AMMECR1|SETBP1|FRAS1,-1.3,0
1,-3.1,C0349788,M1,1,0,DisGeNET,35,Arrhythmogenic Right Ventricular Dysplasia,,-3.1,6.9,5.1,30284,82,266,5,1.9,0.83,1993|2597|4208|6546|9472,ELAVL2|GAPDH|MEF2C|SLC8A1|AKAP6,-1.3,0
1,-3.1,C0201976,M1,1,0,DisGeNET,35,"Creatinine measurement, serum (procedure)",,-3.1,5.5,4.7,30284,124,266,6,2.3,0.91,2070|2778|8395|23136|23245|85004,EYA4|GNAS|PIP5K1B|EPB41L3|ASTN2|RERG,-1.3,0
1,-3.1,C0752123,M1,1,0,DisGeNET,35,Spinocerebellar Ataxia Type 5,,-3.1,9.5,5.5,30284,48,266,4,1.5,0.75,286|7222|146057|255928,ANK1|TRPC3|TTBK2|SYT14,-1.3,0
1,-3.1,C0037763,M1,1,0,DisGeNET,35,Spasm,,-3.1,4.6,4.5,30284,172,266,7,2.6,0.98,476|2572|2778|3763|6334|10891|23236,ATP1A1|GAD2|GNAS|KCNJ6|SCN8A|PPARGC1A|PLCB1,-1.3,0
1,-3.1,C0035304,M1,1,0,DisGeNET,35,Retinal Degeneration,,-3.1,5.5,4.7,30284,125,266,6,2.3,0.91,2257|2561|2566|4915|6334|348980,FGF12|GABRB2|GABRG2|NTRK2|SCN8A|HCN1,-1.3,0
1,-3.1,C0200635,M1,1,0,DisGeNET,35,Lymphocyte Count measurement,,-3.1,3.4,4.1,30284,338,266,10,3.8,1.2,286|956|5587|22854|23236|23274|23331|50650|57489|60468,ANK1|ENTPD3|PRKD1|NTNG1|PLCB1|CLEC16A|TTC28|ARHGEF3|ODF2L|BACH2,-1.3,0
1,-3.1,C0002622,M1,1,0,DisGeNET,35,Amnesia,,-3.1,4.6,4.5,30284,173,266,7,2.6,0.98,18|1956|2259|2572|4915|5816|53616,ABAT|EGFR|FGF14|GAD2|NTRK2|PVALB|ADAM22,-1.3,0
1,-3.1,C1862941,M1,1,0,DisGeNET,35,"Amyotrophic Lateral Sclerosis, Sporadic",,-3.1,4.6,4.5,30284,173,266,7,2.6,0.98,2554|4978|5179|8604|23261|27303|152330,GABRA1|OPCML|PENK|SLC25A12|CAMTA1|RBMS3|CNTN4,-1.3,0
1,-3,C0392699,M1,1,0,DisGeNET,35,Dysesthesia,,-3,16,6.4,30284,22,266,3,1.1,0.65,2566|2903|6334,GABRG2|GRIN2A|SCN8A,-1.3,0
1,-3,C2827362,M1,1,0,DisGeNET,35,Myeloid/Lymphoid Neoplasms with FGFR1 Rearrangement,,-3,16,6.4,30284,22,266,3,1.1,0.65,3815|5578|5579,KIT|PRKCA|PRKCB,-1.3,0
1,-3,C0234162,M1,1,0,DisGeNET,35,Cerebellar Dysmetria,,-3,5.4,4.7,30284,127,266,6,2.3,0.91,478|3708|3746|6334|23261|85021,ATP1A3|ITPR1|KCNC1|SCN8A|CAMTA1|REPS1,-1.3,0
1,-3,C1865014,M1,1,0,DisGeNET,35,Long philtrum,,-3,3.6,4.2,30284,282,266,9,3.4,1.1,2563|3756|3815|6197|9758|10815|22854|23261|388662,GABRD|KCNH1|KIT|RPS6KA3|FRMPD4|CPLX1|NTNG1|CAMTA1|SLC6A17,-1.3,0
1,-3,C0266487,M1,1,0,DisGeNET,35,Etat Marbre,,-3,15,6.3,30284,23,266,3,1.1,0.65,3084|6323|10367,NRG1|SCN1A|MICU1,-1.2,0
1,-3,C1266086,M1,1,0,DisGeNET,35,Polymorphous low grade adenocarcinoma,,-3,15,6.3,30284,23,266,3,1.1,0.65,2120|3815|5587,ETV6|KIT|PRKD1,-1.2,0
1,-3,C1865313,M1,1,0,DisGeNET,35,Speech articulation difficulties,,-3,15,6.3,30284,23,266,3,1.1,0.65,2566|2903|5332,GABRG2|GRIN2A|PLCB4,-1.2,0
1,-3,C2673410,M1,1,0,DisGeNET,35,Small midface,,-3,15,6.3,30284,23,266,3,1.1,0.65,2259|9949|26040,FGF14|AMMECR1|SETBP1,-1.2,0
1,-3,C0200638,M1,1,0,DisGeNET,35,Eosinophil count procedure,,-3,2.6,3.8,30284,610,266,14,5.3,1.4,549|3815|4249|5915|6095|7704|8622|22895|23274|60468|84162|84969|400954|642987,AUH|KIT|MGAT5|RARB|RORA|ZBTB16|PDE8B|RPH3A|CLEC16A|BACH2|BLTP1|TOX2|EML6|TMEM232,-1.2,0
1,-3,C0023508,M1,1,0,DisGeNET,35,White Blood Cell Count procedure,,-3,2.5,3.7,30284,681,266,15,5.6,1.4,476|2070|4045|5581|7704|11113|23236|23245|23331|27133|60468|80031|84969|114876|400954,ATP1A1|EYA4|LSAMP|PRKCE|ZBTB16|CIT|PLCB1|ASTN2|TTC28|KCNH5|BACH2|SEMA6D|TOX2|OSBPL1A|EML6,-1.2,0
1,-2.9,C0700292,M1,1,0,DisGeNET,35,Hypoxemia,,-2.9,8.8,5.3,30284,52,266,4,1.5,0.75,132|2597|2778|6334,ADK|GAPDH|GNAS|SCN8A,-1.2,0
1,-2.9,C0399526,M1,1,0,DisGeNET,35,Class III malocclusion,,-2.9,4.4,4.3,30284,181,266,7,2.6,0.98,2257|2778|3756|6197|8905|56172|388662,FGF12|GNAS|KCNH1|RPS6KA3|AP1S2|ANKH|SLC6A17,-1.2,0
1,-2.9,C0423113,M1,1,0,DisGeNET,35,Telecanthus,,-2.9,5.1,4.5,30284,134,266,6,2.3,0.91,526|1290|3756|6197|9935|56172,ATP6V1B2|COL5A2|KCNH1|RPS6KA3|MAFB|ANKH,-1.2,0
1,-2.9,C0220636,M1,1,0,DisGeNET,35,Malignant neoplasm of salivary gland,,-2.9,6.3,4.7,30284,91,266,5,1.9,0.83,1612|1956|2120|5587|8848,DAPK1|EGFR|ETV6|PRKD1|TSC22D1,-1.2,0
1,-2.9,C0013080,M1,1,0,DisGeNET,35,Down Syndrome,,-2.9,2.4,3.6,30284,765,266,16,6,1.5,286|571|1826|1956|2120|2597|3763|3815|5121|8566|10231|10891|54715|55605|57468|60495,ANK1|BACH1|DSCAM|EGFR|ETV6|GAPDH|KCNJ6|KIT|PCP4|PDXK|RCAN2|PPARGC1A|RBFOX1|KIF21A|SLC12A5|HPSE2,-1.1,0
1,-2.9,C0280781,M1,1,0,DisGeNET,35,Adult Pilocytic Astrocytoma,,-2.9,6.2,4.7,30284,92,266,5,1.9,0.83,1956|3815|4915|9815|11113,EGFR|KIT|NTRK2|GIT2|CIT,-1.1,0
1,-2.9,C1837458,M1,1,0,DisGeNET,35,Impaired smooth pursuit,,-2.9,14,6,30284,25,266,3,1.1,0.65,2259|3708|255928,FGF14|ITPR1|SYT14,-1.1,0
1,-2.9,C1868085,M1,1,0,DisGeNET,35,Craniofacial hyperostosis,,-2.9,14,6,30284,25,266,3,1.1,0.65,2778|6197|56172,GNAS|RPS6KA3|ANKH,-1.1,0
1,-2.9,C0438696,M1,1,0,DisGeNET,35,Suicidal,,-2.9,6.1,4.7,30284,93,266,5,1.9,0.83,2566|2903|4915|6334|81539,GABRG2|GRIN2A|NTRK2|SCN8A|SLC38A1,-1.1,0
1,-2.8,C1449563,M1,1,0,DisGeNET,35,"Cardiomyopathy, Familial Idiopathic",,-2.8,2.4,3.6,30284,772,266,16,6,1.5,785|1290|1956|2070|2597|3084|3815|4190|4208|4306|5581|5587|10529|10891|27303|283131,CACNB4|COL5A2|EGFR|EYA4|GAPDH|NRG1|KIT|MDH1|MEF2C|NR3C2|PRKCE|PRKD1|NEBL|PPARGC1A|RBMS3|NEAT1,-1.1,0
1,-2.8,C0026633,M1,1,0,DisGeNET,35,Mouth Abnormalities,,-2.8,13,5.8,30284,26,266,3,1.1,0.65,785|2554|2563,CACNB4|GABRA1|GABRD,-1.1,0
1,-2.8,C3278923,M1,1,0,DisGeNET,35,Dilated ventricles (finding),,-2.8,2.9,3.8,30284,427,266,11,4.1,1.2,476|478|2563|4208|6197|8905|10815|11113|22854|26040|84162,ATP1A1|ATP1A3|GABRD|MEF2C|RPS6KA3|AP1S2|CPLX1|CIT|NTNG1|SETBP1|BLTP1,-1.1,0
1,-2.8,C0270922,M1,1,0,DisGeNET,35,Peripheral demyelinating neuropathy,,-2.8,6,4.6,30284,95,266,5,1.9,0.83,1956|3084|5578|5579|57731,EGFR|NRG1|PRKCA|PRKCB|SPTBN4,-1.1,0
1,-2.8,C3642347,M1,1,0,DisGeNET,35,Basal-Like Breast Carcinoma,,-2.8,3.7,4,30284,245,266,8,3,1,18|1956|1993|5578|5579|6197|9201|11278,ABAT|EGFR|ELAVL2|PRKCA|PRKCB|RPS6KA3|DCLK1|KLF12,-1.1,0
1,-2.8,C0202236,M1,1,0,DisGeNET,35,Triglycerides measurement,,-2.8,2.6,3.7,30284,563,266,13,4.9,1.3,4208|7804|9228|22854|22895|23254|57453|84448|90627|114815|121551|146057|221935,MEF2C|LRP8|DLGAP2|NTNG1|RPH3A|KAZN|DSCAML1|ABLIM2|STARD13|SORCS1|ABTB3|TTBK2|SDK1,-1.1,0
1,-2.8,C0221355,M1,1,0,DisGeNET,35,Macrocephaly,,-2.8,3.1,3.8,30284,366,266,10,3.8,1.2,132|2778|3423|5332|6197|8905|9758|23261|56172|84162,ADK|GNAS|IDS|PLCB4|RPS6KA3|AP1S2|FRMPD4|CAMTA1|ANKH|BLTP1,-1.1,0
1,-2.8,C0240635,M1,1,0,DisGeNET,35,Byzanthine arch palate,,-2.8,2.7,3.7,30284,497,266,12,4.5,1.3,286|526|3756|3763|6197|8905|9758|26040|53616|57731|80144|84162,ANK1|ATP6V1B2|KCNH1|KCNJ6|RPS6KA3|AP1S2|FRMPD4|SETBP1|ADAM22|SPTBN4|FRAS1|BLTP1,-1.1,0
1,-2.8,C1842675,M1,1,0,DisGeNET,35,AMYOTROPHIC LATERAL SCLEROSIS 6 (disorder),,-2.8,13,5.7,30284,27,266,3,1.1,0.65,4978|8604|23261,OPCML|SLC25A12|CAMTA1,-1,0
1,-2.8,C1858452,M1,1,0,DisGeNET,35,Thickened calvaria,,-2.8,13,5.7,30284,27,266,3,1.1,0.65,2778|6197|8905,GNAS|RPS6KA3|AP1S2,-1,0
1,-2.8,C1332995,M1,1,0,DisGeNET,35,Childhood Pilocytic Astrocytoma,,-2.8,5.9,4.5,30284,97,266,5,1.9,0.83,1956|3815|4915|9815|11113,EGFR|KIT|NTRK2|GIT2|CIT,-1,0
1,-2.8,C4551488,M1,1,0,DisGeNET,35,Bifid uvula,,-2.8,5.9,4.5,30284,97,266,5,1.9,0.83,526|2259|3756|5332|9949,ATP6V1B2|FGF14|KCNH1|PLCB4|AMMECR1,-1,0
1,-2.7,C0038379,M1,1,0,DisGeNET,35,Strabismus,,-2.7,2.4,3.5,30284,716,266,15,5.6,1.4,2259|2563|2778|4208|6197|7704|8905|9758|9935|9949|10815|23261|55605|55691|84162,FGF14|GABRD|GNAS|MEF2C|RPS6KA3|ZBTB16|AP1S2|FRMPD4|MAFB|AMMECR1|CPLX1|CAMTA1|KIF21A|FRMD4A|BLTP1,-1,0
1,-2.7,C1839739,M1,1,0,DisGeNET,35,Thick lower lip vermilion,,-2.7,4.7,4.2,30284,145,266,6,2.3,0.91,3423|3756|6197|9758|23261|55691,IDS|KCNH1|RPS6KA3|FRMPD4|CAMTA1|FRMD4A,-1,0
1,-2.7,C4048305,M1,1,0,DisGeNET,35,Neuroepithelioma,,-2.7,12,5.6,30284,28,266,3,1.1,0.65,1956|3084|5126,EGFR|NRG1|PCSK2,-1,0
1,-2.7,C0428886,M1,1,0,DisGeNET,35,Mean blood pressure,,-2.7,4.7,4.2,30284,146,266,6,2.3,0.91,1612|2104|2778|5578|114876|400954,DAPK1|ESRRG|GNAS|PRKCA|OSBPL1A|EML6,-1,0
1,-2.7,C0035242,M1,1,0,DisGeNET,35,Respiratory Tract Diseases,,-2.7,4,4,30284,198,266,7,2.6,0.98,571|1612|2597|3815|6095|23274|60468,BACH1|DAPK1|GAPDH|KIT|RORA|CLEC16A|BACH2,-1,0
1,-2.7,C4049796,M1,1,0,DisGeNET,35,Abnormality of cardiovascular system morphology,,-2.7,4,4,30284,198,266,7,2.6,0.98,526|3708|3756|5915|6197|9935|80144,ATP6V1B2|ITPR1|KCNH1|RARB|RPS6KA3|MAFB|FRAS1,-1,0
1,-2.7,C0376480,M1,1,0,DisGeNET,35,Gingival Overgrowth,,-2.7,5.7,4.4,30284,100,266,5,1.9,0.83,526|3756|3763|6334|7704,ATP6V1B2|KCNH1|KCNJ6|SCN8A|ZBTB16,-1,0
1,-2.7,C0020505,M1,1,0,DisGeNET,35,Hyperphagia,,-2.7,7.6,4.8,30284,60,266,4,1.5,0.75,2563|2778|4915|5179,GABRD|GNAS|NTRK2|PENK,-1,0
1,-2.7,C0085996,M1,1,0,DisGeNET,35,Child Development Deviations,,-2.7,12,5.5,30284,29,266,3,1.1,0.65,4915|57582|152330,NTRK2|KCNT1|CNTN4,-0.98,0
1,-2.7,C0201973,M1,1,0,DisGeNET,35,Creatine kinase measurement,,-2.7,12,5.5,30284,29,266,3,1.1,0.65,571|9472|201134,BACH1|AKAP6|CEP112,-0.98,0
1,-2.7,C0393682,M1,1,0,DisGeNET,35,"Epilepsy, Lateral Temporal",,-2.7,12,5.5,30284,29,266,3,1.1,0.65,9353|53616|57468,SLIT2|ADAM22|SLC12A5,-0.98,0
1,-2.7,C0152459,M1,1,0,DisGeNET,35,Linear atrophy,,-2.7,4.6,4.1,30284,149,266,6,2.3,0.91,1290|2567|2778|3708|8622|9201,COL5A2|GABRG3|GNAS|ITPR1|PDE8B|DCLK1,-0.98,0
1,-2.7,C0752120,M1,1,0,DisGeNET,35,Spinocerebellar Ataxia Type 1,,-2.7,5.6,4.4,30284,102,266,5,1.9,0.83,2120|2597|7222|146057|255928,ETV6|GAPDH|TRPC3|TTBK2|SYT14,-0.98,0
1,-2.7,C1847514,M1,1,0,DisGeNET,35,Postnatal microcephaly,,-2.7,7.3,4.7,30284,62,266,4,1.5,0.75,2561|2903|6323|57468,GABRB2|GRIN2A|SCN1A|SLC12A5,-0.96,0
1,-2.7,C0026837,M1,1,0,DisGeNET,35,Muscle Rigidity,,-2.7,3.2,3.7,30284,320,266,9,3.4,1.1,1956|2257|2561|2566|2572|4915|6334|8622|348980,EGFR|FGF12|GABRB2|GABRG2|GAD2|NTRK2|SCN8A|PDE8B|HCN1,-0.96,0
1,-2.6,C1854301,M1,1,0,DisGeNET,35,Motor delay,,-2.6,3,3.6,30284,384,266,10,3.8,1.2,478|549|3708|4208|6095|6197|6323|6334|10367|26040,ATP1A3|AUH|ITPR1|MEF2C|RORA|RPS6KA3|SCN1A|SCN8A|MICU1|SETBP1,-0.95,0
1,-2.6,C0563625,M1,1,0,DisGeNET,35,Agnosia for Pain,,-2.6,3.9,3.9,30284,204,266,7,2.6,0.98,2572|3763|3815|5179|5332|5581|348980,GAD2|KCNJ6|KIT|PENK|PLCB4|PRKCE|HCN1,-0.95,0
1,-2.6,C0085997,M1,1,0,DisGeNET,35,"Child Development Disorders, Specific",,-2.6,11,5.4,30284,30,266,3,1.1,0.65,4915|57582|152330,NTRK2|KCNT1|CNTN4,-0.95,0
1,-2.6,C1836508,M1,1,0,DisGeNET,35,Generalized tonic seizures,,-2.6,11,5.4,30284,30,266,3,1.1,0.65,2903|6323|6334,GRIN2A|SCN1A|SCN8A,-0.95,0
1,-2.6,C1856786,M1,1,0,DisGeNET,35,Hypoplastic fingernail,,-2.6,11,5.4,30284,30,266,3,1.1,0.65,526|3756|6197,ATP6V1B2|KCNH1|RPS6KA3,-0.95,0
1,-2.6,C0598589,M1,1,0,DisGeNET,35,Inherited neuropathies,,-2.6,5.5,4.3,30284,104,266,5,1.9,0.83,785|2259|3708|22854|146057,CACNB4|FGF14|ITPR1|NTNG1|TTBK2,-0.95,0
1,-2.6,C1853487,M1,1,0,DisGeNET,35,Thick eyebrow,,-2.6,5.5,4.3,30284,104,266,5,1.9,0.83,526|3756|4208|6197|55691,ATP6V1B2|KCNH1|MEF2C|RPS6KA3|FRMD4A,-0.95,0
1,-2.6,C0752124,M1,1,0,DisGeNET,35,Spinocerebellar Ataxia Type 6 (disorder),,-2.6,7.1,4.6,30284,64,266,4,1.5,0.75,5816|7222|146057|255928,PVALB|TRPC3|TTBK2|SYT14,-0.92,0
1,-2.6,C0005745,M1,1,0,DisGeNET,35,Blepharoptosis,,-2.6,2.5,3.4,30284,595,266,13,4.9,1.3,2257|2561|2566|3423|4915|5332|6334|9935|10367|10815|26040|55605|348980,FGF12|GABRB2|GABRG2|IDS|NTRK2|PLCB4|SCN8A|MAFB|MICU1|CPLX1|SETBP1|KIF21A|HCN1,-0.92,0
1,-2.6,C0040457,M1,1,0,DisGeNET,35,"Tooth, Supernumerary",,-2.6,11,5.3,30284,31,266,3,1.1,0.65,526|3756|9949,ATP6V1B2|KCNH1|AMMECR1,-0.92,0
1,-2.6,C3542025,M1,1,0,DisGeNET,35,"AMYOTROPHIC LATERAL SCLEROSIS 1, AUTOSOMAL RECESSIVE",,-2.6,11,5.3,30284,31,266,3,1.1,0.65,4978|8604|23261,OPCML|SLC25A12|CAMTA1,-0.92,0
1,-2.6,C4521042,M1,1,0,DisGeNET,35,Complete Trisomy 21 Syndrome,,-2.6,2.4,3.4,30284,668,266,14,5.3,1.4,286|571|1826|1956|2120|2597|3763|3815|5121|8566|10891|54715|55605|57468,ANK1|BACH1|DSCAM|EGFR|ETV6|GAPDH|KCNJ6|KIT|PCP4|PDXK|PPARGC1A|RBFOX1|KIF21A|SLC12A5,-0.92,0
1,-2.6,C0234251,M1,1,0,DisGeNET,35,Inflammatory pain,,-2.6,3.4,3.7,30284,266,266,8,3,1,286|2903|5179|5578|5579|10369|57468|90627,ANK1|GRIN2A|PENK|PRKCA|PRKCB|CACNG2|SLC12A5|STARD13,-0.91,0
1,-2.6,C0085762,M1,1,0,DisGeNET,35,Alcohol abuse,,-2.6,4.4,4,30284,156,266,6,2.3,0.91,1612|1956|2554|2566|3763|5179,DAPK1|EGFR|GABRA1|GABRG2|KCNJ6|PENK,-0.9,0
1,-2.6,C0007117,M1,1,0,DisGeNET,35,Basal cell carcinoma,,-2.6,5.3,4.2,30284,108,266,5,1.9,0.83,1956|5578|55691|60468|388662,EGFR|PRKCA|FRMD4A|BACH2|SLC6A17,-0.89,0
1,-2.6,C0221271,M1,1,0,DisGeNET,35,Elastosis perforans serpiginosa,,-2.6,6.9,4.5,30284,66,266,4,1.5,0.75,2778|3708|5578|23236,GNAS|ITPR1|PRKCA|PLCB1,-0.89,0
1,-2.6,C0742028,M1,1,0,DisGeNET,35,Cerebellar vermis atrophy,,-2.6,11,5.2,30284,32,266,3,1.1,0.65,3708|6334|7222,ITPR1|SCN8A|TRPC3,-0.89,0
1,-2.6,C0751396,M1,1,0,DisGeNET,35,Well Differentiated Oligodendroglioma,,-2.6,3.4,3.7,30284,270,266,8,3,1,1612|1956|5178|8848|9628|9699|23236|57512,DAPK1|EGFR|PEG3|TSC22D1|RGS6|RIMS2|PLCB1|GPR158,-0.88,0
1,-2.5,C3900098,M1,1,0,DisGeNET,35,Adult Myelodysplastic Syndrome,,-2.5,3.1,3.6,30284,332,266,9,3.4,1.1,18|1612|2120|2805|3815|23236|23305|26040|79698,ABAT|DAPK1|ETV6|GOT1|KIT|PLCB1|ACSL6|SETBP1|ZMAT4,-0.87,0
1,-2.5,C4551583,M1,1,0,DisGeNET,35,Cerebral cortical atrophy,,-2.5,3.4,3.7,30284,271,266,8,3,1,2563|6197|8905|9758|22854|23261|26040|57582,GABRD|RPS6KA3|AP1S2|FRMPD4|NTNG1|CAMTA1|SETBP1|KCNT1,-0.87,0
1,-2.5,C1306214,M1,1,0,DisGeNET,35,ACTH-Secreting Pituitary Adenoma,,-2.5,6.8,4.5,30284,67,266,4,1.5,0.75,1956|2597|2778|5126,EGFR|GAPDH|GNAS|PCSK2,-0.87,0
1,-2.5,C0033377,M1,1,0,DisGeNET,35,Ptosis,,-2.5,2.4,3.4,30284,607,266,13,4.9,1.3,2257|2561|2566|3423|4915|5332|6334|9935|10367|10815|26040|55605|348980,FGF12|GABRB2|GABRG2|IDS|NTRK2|PLCB4|SCN8A|MAFB|MICU1|CPLX1|SETBP1|KIF21A|HCN1,-0.86,0
1,-2.5,C2347761,M1,1,0,DisGeNET,35,Childhood Myelodysplastic Syndrome,,-2.5,3.1,3.6,30284,335,266,9,3.4,1.1,18|1612|2120|2805|3815|23236|23305|26040|79698,ABAT|DAPK1|ETV6|GOT1|KIT|PLCB1|ACSL6|SETBP1|ZMAT4,-0.86,0
1,-2.5,C0003129,M1,1,0,DisGeNET,35,Anoxemia,,-2.5,10,5.1,30284,33,266,3,1.1,0.65,132|2597|2778,ADK|GAPDH|GNAS,-0.86,0
1,-2.5,C0206647,M1,1,0,DisGeNET,35,Dermatofibrosarcoma,,-2.5,10,5.1,30284,33,266,3,1.1,0.65,1956|2120|3815,EGFR|ETV6|KIT,-0.86,0
1,-2.5,C0266568,M1,1,0,DisGeNET,35,Persistent Hyperplastic Primary Vitreous,,-2.5,10,5.1,30284,33,266,3,1.1,0.65,1956|2597|93664,EGFR|GAPDH|CADPS2,-0.86,0
1,-2.5,C0852733,M1,1,0,DisGeNET,35,Completed Suicide,,-2.5,10,5.1,30284,33,266,3,1.1,0.65,2572|4045|4915,GAD2|LSAMP|NTRK2,-0.86,0
1,-2.5,C0151744,M1,1,0,DisGeNET,35,Myocardial Ischemia,,-2.5,2.3,3.3,30284,756,266,15,5.6,1.4,476|1290|1956|3815|4915|5179|5578|5579|5581|6546|9628|10891|83992|283131|284697,ATP1A1|COL5A2|EGFR|KIT|NTRK2|PENK|PRKCA|PRKCB|PRKCE|SLC8A1|RGS6|PPARGC1A|CTTNBP2|NEAT1|BTBD8,-0.86,0
1,-2.5,C0431447,M1,1,0,DisGeNET,35,Synophrys,,-2.5,5.1,4.1,30284,111,266,5,1.9,0.83,526|3756|3815|26040|158326,ATP6V1B2|KCNH1|KIT|SETBP1|FREM1,-0.85,0
1,-2.5,C1853237,M1,1,0,DisGeNET,35,Isolated cases,,-2.5,5.1,4.1,30284,111,266,5,1.9,0.83,2778|3815|4208|6197|10815,GNAS|KIT|MEF2C|RPS6KA3|CPLX1,-0.85,0
1,-2.5,C0151889,M1,1,0,DisGeNET,35,Hyperreflexia,,-2.5,2.5,3.4,30284,539,266,12,4.5,1.3,18|549|3708|3763|4915|6334|8604|8905|9758|11113|23236|146057,ABAT|AUH|ITPR1|KCNJ6|NTRK2|SCN8A|SLC25A12|AP1S2|FRMPD4|CIT|PLCB1|TTBK2,-0.84,0
1,-2.5,C0751295,M1,1,0,DisGeNET,35,Memory Loss,,-2.5,4.2,3.8,30284,163,266,6,2.3,0.91,1956|2259|2572|4915|5816|53616,EGFR|FGF14|GAD2|NTRK2|PVALB|ADAM22,-0.83,0
1,-2.5,C0175754,M1,1,0,DisGeNET,35,Agenesis of corpus callosum,,-2.5,2.4,3.3,30284,615,266,13,4.9,1.3,18|132|1612|1956|1993|2120|2563|2778|3815|4208|5587|11113|55691,ABAT|ADK|DAPK1|EGFR|ELAVL2|ETV6|GABRD|GNAS|KIT|MEF2C|PRKD1|CIT|FRMD4A,-0.82,0
1,-2.5,C0085413,M1,1,0,DisGeNET,35,"Polycystic Kidney, Autosomal Dominant",,-2.5,3.3,3.6,30284,279,266,8,3,1,1956|5126|5578|5579|5587|6000|10891|11278,EGFR|PCSK2|PRKCA|PRKCB|PRKD1|RGS7|PPARGC1A|KLF12,-0.81,0
1,-2.5,C0278504,M1,1,0,DisGeNET,35,Non-small cell lung cancer stage I,,-2.5,4.9,4,30284,115,266,5,1.9,0.83,1956|2597|3760|5915|9201,EGFR|GAPDH|KCNJ3|RARB|DCLK1,-0.8,0
1,-2.4,C0018780,M1,1,0,DisGeNET,35,"Hearing Loss, High-Frequency",,-2.4,9.8,4.9,30284,35,266,3,1.1,0.65,476|481|8905,ATP1A1|ATP1B1|AP1S2,-0.79,0
1,-2.4,C0432123,M1,1,0,DisGeNET,35,Sagittal craniosynostosis,,-2.4,9.8,4.9,30284,35,266,3,1.1,0.65,478|2778|26033,ATP1A3|GNAS|ATRNL1,-0.79,0
1,-2.4,C1844813,M1,1,0,DisGeNET,35,Widely spaced teeth,,-2.4,6.4,4.3,30284,71,266,4,1.5,0.75,478|3423|5587|6197,ATP1A3|IDS|PRKD1|RPS6KA3,-0.79,0
1,-2.4,C1531647,M1,1,0,DisGeNET,35,Cerebral ventriculomegaly,,-2.4,2.8,3.4,30284,410,266,10,3.8,1.2,476|2563|4208|6197|8905|10815|11113|22854|26040|84162,ATP1A1|GABRD|MEF2C|RPS6KA3|AP1S2|CPLX1|CIT|NTNG1|SETBP1|BLTP1,-0.79,0
1,-2.4,C0006111,M1,1,0,DisGeNET,35,Brain Diseases,,-2.4,3,3.5,30284,345,266,9,3.4,1.1,1826|2259|2903|3084|3423|9900|10369|10891|84162,DSCAM|FGF14|GRIN2A|NRG1|IDS|SV2A|CACNG2|PPARGC1A|BLTP1,-0.79,0
1,-2.4,C0028945,M1,1,0,DisGeNET,35,oligodendroglioma,,-2.4,3.2,3.5,30284,282,266,8,3,1,1612|1956|5178|8848|9628|9699|23236|57512,DAPK1|EGFR|PEG3|TSC22D1|RGS6|RIMS2|PLCB1|GPR158,-0.79,0
1,-2.4,C0520679,M1,1,0,DisGeNET,35,"Sleep Apnea, Obstructive",,-2.4,2.6,3.3,30284,480,266,11,4.1,1.2,1956|1993|3084|3423|4306|5332|6334|23236|23768|53616|79884,EGFR|ELAVL2|NRG1|IDS|NR3C2|PLCB4|SCN8A|PLCB1|FLRT2|ADAM22|MAP9,-0.78,0
1,-2.4,C0476254,M1,1,0,DisGeNET,35,Dyslexia,,-2.4,4.9,3.9,30284,117,266,5,1.9,0.83,2554|2566|9353|64753|79750,GABRA1|GABRG2|SLIT2|CCDC136|ZNF385D,-0.77,0
1,-2.4,C0018810,M1,1,0,DisGeNET,35,heart rate,,-2.4,9.5,4.8,30284,36,266,3,1.1,0.65,4673|9628|54715,NAP1L1|RGS6|RBFOX1,-0.76,0
1,-2.4,C0752122,M1,1,0,DisGeNET,35,Spinocerebellar Ataxia Type 4,,-2.4,9.5,4.8,30284,36,266,3,1.1,0.65,7222|146057|255928,TRPC3|TTBK2|SYT14,-0.76,0
1,-2.4,C1445953,M1,1,0,DisGeNET,35,Poor eye contact,,-2.4,6.2,4.2,30284,73,266,4,1.5,0.75,4208|4915|8604|9758,MEF2C|NTRK2|SLC25A12|FRMPD4,-0.76,0
1,-2.4,C0279583,M1,1,0,DisGeNET,35,Childhood T Acute Lymphoblastic Leukemia,,-2.4,4.8,3.9,30284,119,266,5,1.9,0.83,2120|3815|4208|5578|10369,ETV6|KIT|MEF2C|PRKCA|CACNG2,-0.74,0
1,-2.4,C0423224,M1,1,0,DisGeNET,35,Sunken eyes,,-2.4,4,3.7,30284,171,266,6,2.3,0.91,2563|4208|6334|8905|9935|23261,GABRD|MEF2C|SCN8A|AP1S2|MAFB|CAMTA1,-0.74,0
1,-2.4,C1518922,M1,1,0,DisGeNET,35,peak expiratory flow (procedure),,-2.4,6.2,4.2,30284,74,266,4,1.5,0.75,5915|23245|55297|56479,RARB|ASTN2|CCDC91|KCNQ5,-0.74,0
1,-2.4,C3160814,M1,1,0,DisGeNET,35,Cannabis use,,-2.4,6.2,4.2,30284,74,266,4,1.5,0.75,6334|27327|80031|221935,SCN8A|TNRC6A|SEMA6D|SDK1,-0.74,0
1,-2.4,C0202202,M1,1,0,DisGeNET,35,Protein measurement,,-2.4,6.1,4.1,30284,75,266,4,1.5,0.75,23274|56172|201134|401145,CLEC16A|ANKH|CEP112|CCSER1,-0.72,0
1,-2.4,C0206754,M1,1,0,DisGeNET,35,Neuroendocrine Tumors,,-2.4,2.6,3.3,30284,491,266,11,4.1,1.2,1956|2778|2805|3815|4915|5915|9201|10314|11278|22854|27303,EGFR|GNAS|GOT1|KIT|NTRK2|RARB|DCLK1|LANCL1|KLF12|NTNG1|RBMS3,-0.72,0
1,-2.4,C0236736,M1,1,0,DisGeNET,35,Cocaine-Related Disorders,,-2.4,4.7,3.8,30284,121,266,5,1.9,0.83,18|2566|2572|4915|401145,ABAT|GABRG2|GAD2|NTRK2|CCSER1,-0.72,0
1,-2.4,C1857276,M1,1,0,DisGeNET,35,Trichohepatoenteric Syndrome,,-2.4,2.7,3.3,30284,422,266,10,3.8,1.2,2566|2778|3423|4306|6323|9935|26040|50650|60495|152330,GABRG2|GNAS|IDS|NR3C2|SCN1A|MAFB|SETBP1|ARHGEF3|HPSE2|CNTN4,-0.72,0
1,-2.4,C0006287,M1,1,0,DisGeNET,35,Bronchopulmonary Dysplasia,,-2.4,2.7,3.3,30284,423,266,10,3.8,1.2,1956|2561|2572|2778|3084|3815|5816|6334|9806|10369,EGFR|GABRB2|GAD2|GNAS|NRG1|KIT|PVALB|SCN8A|SPOCK2|CACNG2,-0.71,0
1,-2.3,C0025048,M1,1,0,DisGeNET,35,Meconium Aspiration Syndrome,,-2.3,9,4.6,30284,38,266,3,1.1,0.65,2778|4306|4673,GNAS|NR3C2|NAP1L1,-0.71,0
1,-2.3,C0280783,M1,1,0,DisGeNET,35,Juvenile Pilocytic Astrocytoma,,-2.3,9,4.6,30284,38,266,3,1.1,0.65,1956|3815|4915,EGFR|KIT|NTRK2,-0.71,0
1,-2.3,C0240543,M1,1,0,DisGeNET,35,Bulbous nose,,-2.3,4.6,3.8,30284,123,266,5,1.9,0.83,526|3756|11113|23261|158326,ATP6V1B2|KCNH1|CIT|CAMTA1|FREM1,-0.69,0
1,-2.3,C0236734,M1,1,0,DisGeNET,35,Caffeine related disorders,,-2.3,2.9,3.3,30284,359,266,9,3.4,1.1,1956|1993|2903|4306|4915|5816|6334|10891|81539,EGFR|ELAVL2|GRIN2A|NR3C2|NTRK2|PVALB|SCN8A|PPARGC1A|SLC38A1,-0.69,0
1,-2.3,C3693482,M1,1,0,DisGeNET,35,Giant Cell Fibroblastoma,,-2.3,5.9,4.1,30284,77,266,4,1.5,0.75,1956|2120|3815|5578,EGFR|ETV6|KIT|PRKCA,-0.69,0
1,-2.3,C0454455,M1,1,0,DisGeNET,35,Mirror movements disorder,,-2.3,8.8,4.6,30284,39,266,3,1.1,0.65,4208|6334|22854,MEF2C|SCN8A|NTNG1,-0.68,0
1,-2.3,C3711376,M1,1,0,DisGeNET,35,Isodicentric Chromosome 15 Syndrome,,-2.3,8.8,4.6,30284,39,266,3,1.1,0.65,2120|2567|9228,ETV6|GABRG3|DLGAP2,-0.68,0
1,-2.3,C4022738,M1,1,0,DisGeNET,35,Neurodevelopmental delay,,-2.3,8.8,4.6,30284,39,266,3,1.1,0.65,2554|2566|6323,GABRA1|GABRG2|SCN1A,-0.68,0
1,-2.3,C0392784,M1,1,0,DisGeNET,35,Dermatofibrosarcoma Protuberans,,-2.3,5.8,4,30284,78,266,4,1.5,0.75,1956|2120|3815|5578,EGFR|ETV6|KIT|PRKCA,-0.67,0
1,-2.3,C1868684,M1,1,0,DisGeNET,35,"EAR, PATELLA, SHORT STATURE SYNDROME",,-2.3,5.8,4,30284,78,266,4,1.5,0.75,2778|3708|5578|23236,GNAS|ITPR1|PRKCA|PLCB1,-0.67,0
1,-2.3,C1861324,M1,1,0,DisGeNET,35,Short philtrum,,-2.3,3.8,3.5,30284,182,266,6,2.3,0.91,3763|4208|8905|10815|26040|158326,KCNJ6|MEF2C|AP1S2|CPLX1|SETBP1|FREM1,-0.63,0
1,-2.3,C0429097,M1,1,0,DisGeNET,35,QRS complex feature,,-2.3,8.3,4.4,30284,41,266,3,1.1,0.65,5578|11278|26040,PRKCA|KLF12|SETBP1,-0.63,0
1,-2.3,C1842060,M1,1,0,DisGeNET,35,Prominent supraorbital ridges,,-2.3,8.3,4.4,30284,41,266,3,1.1,0.65,2259|6197|158326,FGF14|RPS6KA3|FREM1,-0.63,0
1,-2.2,C0393706,M1,1,0,DisGeNET,35,Early infantile epileptic encephalopathy with suppression bursts,,-2.2,5.6,3.9,30284,81,266,4,1.5,0.75,1956|6323|6334|57582,EGFR|SCN1A|SCN8A|KCNT1,-0.62,0
1,-2.2,C0752308,M1,1,0,DisGeNET,35,"Hypoxia-Ischemia, Brain",,-2.2,5.6,3.9,30284,81,266,4,1.5,0.75,2903|4131|5178|348980,GRIN2A|MAP1B|PEG3|HCN1,-0.62,0
1,-2.2,C0007193,M1,1,0,DisGeNET,35,"Cardiomyopathy, Dilated",,-2.2,2.5,3.1,30284,511,266,11,4.1,1.2,1956|2070|2563|4190|4306|5578|5581|6323|6546|10529|10891,EGFR|EYA4|GABRD|MDH1|NR3C2|PRKCA|PRKCE|SCN1A|SLC8A1|NEBL|PPARGC1A,-0.61,0
1,-2.2,C0016059,M1,1,0,DisGeNET,35,Fibrosis,,-2.2,3.7,3.5,30284,184,266,6,2.3,0.91,1956|4306|5578|5579|5581|55605,EGFR|NR3C2|PRKCA|PRKCB|PRKCE|KIF21A,-0.61,0
1,-2.2,C0206663,M1,1,0,DisGeNET,35,"Neuroectodermal Tumor, Primitive",,-2.2,3.7,3.5,30284,184,266,6,2.3,0.91,1956|3084|3815|5126|7704|9201,EGFR|NRG1|KIT|PCSK2|ZBTB16|DCLK1,-0.61,0
1,-2.2,C1384514,M1,1,0,DisGeNET,35,Conn Syndrome,,-2.2,5.6,3.9,30284,82,266,4,1.5,0.75,476|2778|4306|5121,ATP1A1|GNAS|NR3C2|PCP4,-0.6,0
1,-2.2,C0202230,M1,1,0,DisGeNET,35,Thyroid stimulating hormone measurement,,-2.2,8.1,4.4,30284,42,266,3,1.1,0.65,3084|8622|221935,NRG1|PDE8B|SDK1,-0.6,0
1,-2.2,C0241654,M1,1,0,DisGeNET,35,Abnormal heart valve morphology,,-2.2,8.1,4.4,30284,42,266,3,1.1,0.65,2563|3423|4131,GABRD|IDS|MAP1B,-0.6,0
1,-2.2,C1332965,M1,1,0,DisGeNET,35,Congenital Mesoblastic Nephroma,,-2.2,8.1,4.4,30284,42,266,3,1.1,0.65,1956|2120|3815,EGFR|ETV6|KIT,-0.6,0
1,-2.2,C4024878,M1,1,0,DisGeNET,35,Generalized hyperpigmentation,,-2.2,8.1,4.4,30284,42,266,3,1.1,0.65,526|2778|3756,ATP6V1B2|GNAS|KCNH1,-0.6,0
1,-2.2,C0025990,M1,1,0,DisGeNET,35,Micrognathism,,-2.2,2.3,3.1,30284,586,266,12,4.5,1.3,286|526|3756|3763|5915|6197|6334|9935|9949|10815|26040|84162,ANK1|ATP6V1B2|KCNH1|KCNJ6|RARB|RPS6KA3|SCN8A|MAFB|AMMECR1|CPLX1|SETBP1|BLTP1,-0.6,0
1,-2.2,C0242422,M1,1,0,DisGeNET,35,Parkinsonian Disorders,,-2.2,2.7,3.2,30284,373,266,9,3.4,1.1,18|478|1956|2572|5179|6489|8622|11113|27303,ABAT|ATP1A3|EGFR|GAD2|PENK|ST8SIA1|PDE8B|CIT|RBMS3,-0.6,0
1,-2.2,C1853738,M1,1,0,DisGeNET,35,Long eyelashes,,-2.2,5.5,3.9,30284,83,266,4,1.5,0.75,526|1956|3756|55691,ATP6V1B2|EGFR|KCNH1|FRMD4A,-0.59,0
1,-2.2,C4317009,M1,1,0,DisGeNET,35,Diverticular Diseases,,-2.2,5.5,3.9,30284,83,266,4,1.5,0.75,4978|56243|57512|90627,OPCML|KIAA1217|GPR158|STARD13,-0.59,0
1,-2.2,C0265534,M1,1,0,DisGeNET,35,Scaphycephaly,,-2.2,7.9,4.3,30284,43,266,3,1.1,0.65,3423|26033|158326,IDS|ATRNL1|FREM1,-0.58,0
1,-2.2,C0035078,M1,1,0,DisGeNET,35,Kidney Failure,,-2.2,2.7,3.2,30284,377,266,9,3.4,1.1,1956|2104|2805|4306|7224|10891|26033|56172|284697,EGFR|ESRRG|GOT1|NR3C2|TRPC5|PPARGC1A|ATRNL1|ANKH|BTBD8,-0.58,0
1,-2.2,C1849089,M1,1,0,DisGeNET,35,Broad forehead,,-2.2,4.3,3.6,30284,133,266,5,1.9,0.83,4208|6334|9949|23261|26040,MEF2C|SCN8A|AMMECR1|CAMTA1|SETBP1,-0.57,0
1,-2.2,C1519383,M1,1,0,DisGeNET,35,Smoking Behaviors,,-2.2,3.2,3.3,30284,249,266,7,2.6,0.98,3708|23236|51466|54715|55297|56243|93664,ITPR1|PLCB1|EVL|RBFOX1|CCDC91|KIAA1217|CADPS2,-0.56,0
1,-2.2,C3828530,M1,1,0,DisGeNET,35,Platelet Component Distribution Width Measurement,,-2.2,4.2,3.5,30284,134,266,5,1.9,0.83,2778|4208|23236|23261|55711,GNAS|MEF2C|PLCB1|CAMTA1|FAR2,-0.56,0
1,-2.2,C0266387,M1,1,0,DisGeNET,35,Bicornuate uterus,,-2.2,7.8,4.2,30284,44,266,3,1.1,0.65,5915|26040|80144,RARB|SETBP1|FRAS1,-0.56,0
1,-2.2,C0038271,M1,1,0,DisGeNET,35,Stereotyped Behavior,,-2.2,4.2,3.5,30284,135,266,5,1.9,0.83,2563|4208|4915|6334|10815,GABRD|MEF2C|NTRK2|SCN8A|CPLX1,-0.55,0
1,-2.1,C0278701,M1,1,0,DisGeNET,35,Gastric Adenocarcinoma,,-2.1,2.5,3.1,30284,453,266,10,3.8,1.2,1290|1612|1956|1993|2778|3815|4163|4249|6197|9201,COL5A2|DAPK1|EGFR|ELAVL2|GNAS|KIT|MCC|MGAT5|RPS6KA3|DCLK1,-0.54,0
1,-2.1,C0242292,M1,1,0,DisGeNET,35,McCune-Albright Syndrome,,-2.1,7.6,4.2,30284,45,266,3,1.1,0.65,107|2778|4306,ADCY1|GNAS|NR3C2,-0.53,0
1,-2.1,C0574143,M1,1,0,DisGeNET,35,Liver calculus,,-2.1,7.6,4.2,30284,45,266,3,1.1,0.65,1956|5578|5579,EGFR|PRKCA|PRKCB,-0.53,0
1,-2.1,C0266589,M1,1,0,DisGeNET,35,Congenital ear anomaly NOS (disorder),,-2.1,4.2,3.5,30284,137,266,5,1.9,0.83,286|3815|5332|9935|80144,ANK1|KIT|PLCB4|MAFB|FRAS1,-0.53,0
1,-2.1,C0007682,M1,1,0,DisGeNET,35,CNS disorder,,-2.1,2.9,3.1,30284,319,266,8,3,1,1956|2572|3423|4208|4306|9900|11122|57468,EGFR|GAD2|IDS|MEF2C|NR3C2|SV2A|PTPRT|SLC12A5,-0.52,0
1,-2.1,C1861403,M1,1,0,DisGeNET,35,Variable expressivity,,-2.1,2.9,3.1,30284,319,266,8,3,1,2257|2561|2778|2903|6323|11113|56479|60468,FGF12|GABRB2|GNAS|GRIN2A|SCN1A|CIT|KCNQ5|BACH2,-0.52,0
1,-2.1,C0026998,M1,1,0,DisGeNET,35,"Acute Myeloid Leukemia, M1",,-2.1,4.1,3.5,30284,138,266,5,1.9,0.83,481|1612|2120|3815|60468,ATP1B1|DAPK1|ETV6|KIT|BACH2,-0.52,0
1,-2.1,C0008924,M1,1,0,DisGeNET,35,Cleft upper lip,,-2.1,3.1,3.2,30284,255,266,7,2.6,0.98,1993|2104|3084|9935|10815|80144|255928,ELAVL2|ESRRG|NRG1|MAFB|CPLX1|FRAS1|SYT14,-0.52,0
1,-2.1,C0751212,M1,1,0,DisGeNET,35,"Hyperalgesia, Secondary",,-2.1,5.2,3.7,30284,88,266,4,1.5,0.75,5578|5579|5581|57468,PRKCA|PRKCB|PRKCE|SLC12A5,-0.52,0
1,-2.1,C0023186,M1,1,0,DisGeNET,35,Learning Disorders,,-2.1,7.4,4.1,30284,46,266,3,1.1,0.65,1996|10367|57468,ELAVL4|MICU1|SLC12A5,-0.51,0
1,-2.1,C1959632,M1,1,0,DisGeNET,35,Plasma Cell Neoplasm,,-2.1,7.4,4.1,30284,46,266,3,1.1,0.65,1612|3815|26040,DAPK1|KIT|SETBP1,-0.51,0
1,-2.1,C0151825,M1,1,0,DisGeNET,35,Bone pain,,-2.1,4.1,3.4,30284,139,266,5,1.9,0.83,2778|4208|7447|7704|26033,GNAS|MEF2C|VSNL1|ZBTB16|ATRNL1,-0.51,0
1,-2.1,C0011168,M1,1,0,DisGeNET,35,Deglutition Disorders,,-2.1,2.6,3.1,30284,389,266,9,3.4,1.1,478|2563|3815|6334|8622|26040|85021|146057|255928,ATP1A3|GABRD|KIT|SCN8A|PDE8B|SETBP1|REPS1|TTBK2|SYT14,-0.51,0
1,-2.1,C0598935,M1,1,0,DisGeNET,35,Tumor Initiation,,-2.1,2.3,3,30284,533,266,11,4.1,1.2,1956|1993|3084|5578|5579|6197|6323|6489|9628|10891|283131,EGFR|ELAVL2|NRG1|PRKCA|PRKCB|RPS6KA3|SCN1A|ST8SIA1|RGS6|PPARGC1A|NEAT1,-0.51,0
1,-2.1,C0342649,M1,1,0,DisGeNET,35,Vascular calcification,,-2.1,3.1,3.2,30284,257,266,7,2.6,0.98,1612|5578|7222|10367|10891|26033|56172,DAPK1|PRKCA|TRPC3|MICU1|PPARGC1A|ATRNL1|ANKH,-0.51,0
1,-2.1,C4509226,M1,1,0,DisGeNET,35,Heart failure with preserved ejection fraction [HFpEF],,-2.1,5.1,3.7,30284,89,266,4,1.5,0.75,132|4306|5179|10891,ADK|NR3C2|PENK|PPARGC1A,-0.51,0
1,-2.1,C0038644,M1,1,0,DisGeNET,35,Sudden infant death syndrome,,-2.1,4.1,3.4,30284,140,266,5,1.9,0.83,3423|5578|5579|6323|26040,IDS|PRKCA|PRKCB|SCN1A|SETBP1,-0.5,0
1,-2.1,C0699889,M1,1,0,DisGeNET,35,Malignant Female Reproductive System Neoplasm,,-2.1,7.3,4,30284,47,266,3,1.1,0.65,5178|5915|729082,PEG3|RARB|OIP5-AS1,-0.5,0
1,-2.1,C0920299,M1,1,0,DisGeNET,35,Overriding toe,,-2.1,7.3,4,30284,47,266,3,1.1,0.65,10815|26040|84162,CPLX1|SETBP1|BLTP1,-0.5,0
1,-2.1,C0948750,M1,1,0,DisGeNET,35,Salivary gland carcinoma,,-2.1,7.3,4,30284,47,266,3,1.1,0.65,1956|3815|8848,EGFR|KIT|TSC22D1,-0.5,0
1,-2.1,C0220650,M1,1,0,DisGeNET,35,Metastatic malignant neoplasm to brain,,-2.1,2.6,3,30284,392,266,9,3.4,1.1,1612|1956|1993|3084|3815|5578|9353|9628|23078,DAPK1|EGFR|ELAVL2|NRG1|KIT|PRKCA|SLIT2|RGS6|VWA8,-0.5,0
1,-2.1,C0282160,M1,1,0,DisGeNET,35,Aplasia Cutis Congenita,,-2.1,2.6,3,30284,392,266,9,3.4,1.1,132|526|1612|1956|1993|2120|2778|3815|5587,ADK|ATP6V1B2|DAPK1|EGFR|ELAVL2|ETV6|GNAS|KIT|PRKD1,-0.5,0
1,-2.1,C1842981,M1,1,0,DisGeNET,35,NEUROTICISM,,-2.1,4,3.4,30284,141,266,5,1.9,0.83,2572|3084|4306|5179|161357,GAD2|NRG1|NR3C2|PENK|MDGA2,-0.49,0
1,-2.1,C0520947,M1,1,0,DisGeNET,35,Clumsiness - motor delay,,-2.1,2.6,3,30284,393,266,9,3.4,1.1,478|549|3708|4208|6095|6197|6323|10367|26040,ATP1A3|AUH|ITPR1|MEF2C|RORA|RPS6KA3|SCN1A|MICU1|SETBP1,-0.49,0
1,-2.1,C0085271,M1,1,0,DisGeNET,35,Self-Injurious Behavior,,-2.1,5,3.6,30284,91,266,4,1.5,0.75,2563|2572|6197|8905,GABRD|GAD2|RPS6KA3|AP1S2,-0.48,0
1,-2.1,C0023066,M1,1,0,DisGeNET,35,Laryngospasm,,-2.1,7.1,4,30284,48,266,3,1.1,0.65,2566|2903|10891,GABRG2|GRIN2A|PPARGC1A,-0.48,0
1,-2.1,C0741260,M1,1,0,DisGeNET,35,Adult onset asthma,,-2.1,7.1,4,30284,48,266,3,1.1,0.65,6095|23274|60468,RORA|CLEC16A|BACH2,-0.48,0
1,-2.1,C2674218,M1,1,0,DisGeNET,35,"SPHEROCYTOSIS, TYPE 1 (disorder)",,-2.1,7.1,4,30284,48,266,3,1.1,0.65,286|1956|2903,ANK1|EGFR|GRIN2A,-0.48,0
1,-2.1,C1335177,M1,1,0,DisGeNET,35,Ovarian Serous Adenocarcinoma,,-2.1,4,3.4,30284,143,266,5,1.9,0.83,2567|3756|6323|23331|348980,GABRG3|KCNH1|SCN1A|TTC28|HCN1,-0.47,0
1,-2.1,C1879321,M1,1,0,DisGeNET,35,Acute Myeloid Leukemia (AML-M2),,-2.1,4,3.4,30284,143,266,5,1.9,0.83,481|1612|2120|3815|60468,ATP1B1|DAPK1|ETV6|KIT|BACH2,-0.47,0
1,-2,C0202239,M1,1,0,DisGeNET,35,Uric acid measurement (procedure),,-2,3,3.1,30284,264,266,7,2.6,0.98,2778|3084|10529|22848|22895|85004|152330,GNAS|NRG1|NEBL|AAK1|RPH3A|RERG|CNTN4,-0.46,0
1,-2,C0002894,M1,1,0,DisGeNET,35,Refractory anaemia with excess blasts,,-2,7,3.9,30284,49,266,3,1.1,0.65,2120|23305|60495,ETV6|ACSL6|HPSE2,-0.46,0
1,-2,C0020500,M1,1,0,DisGeNET,35,Hyperoxaluria,,-2,7,3.9,30284,49,266,3,1.1,0.65,5578|5579|81539,PRKCA|PRKCB|SLC38A1,-0.46,0
1,-2,C0234979,M1,1,0,DisGeNET,35,Dysdiadochokinesis,,-2,7,3.9,30284,49,266,3,1.1,0.65,3708|3746|8622,ITPR1|KCNC1|PDE8B,-0.46,0
1,-2,C0034885,M1,1,0,DisGeNET,35,Rectal Neoplasms,,-2,4.9,3.5,30284,93,266,4,1.5,0.75,1956|3815|4163|90627,EGFR|KIT|MCC|STARD13,-0.46,0
1,-2,C0162635,M1,1,0,DisGeNET,35,Angelman Syndrome,,-2,4.9,3.5,30284,93,266,4,1.5,0.75,2567|4208|5816|104472715,GABRG3|MEF2C|PVALB|SNHG14,-0.46,0
1,-2,C0032181,M1,1,0,DisGeNET,35,Platelet Count measurement,,-2,3,3.1,30284,265,266,7,2.6,0.98,4208|7704|22895|23236|50650|55711|375449,MEF2C|ZBTB16|RPH3A|PLCB1|ARHGEF3|FAR2|MAST4,-0.46,0
1,-2,C0023015,M1,1,0,DisGeNET,35,Language Disorders,,-2,4.8,3.5,30284,94,266,4,1.5,0.75,2120|2903|10815|79750,ETV6|GRIN2A|CPLX1|ZNF385D,-0.44,0
1,-2,C0085583,M1,1,0,DisGeNET,35,Choreoathetosis,,-2,4.8,3.5,30284,94,266,4,1.5,0.75,478|2778|6334|8905,ATP1A3|GNAS|SCN8A|AP1S2,-0.44,0
1,-2,C0686347,M1,1,0,DisGeNET,35,Tardive Dyskinesia,,-2,4.8,3.5,30284,94,266,4,1.5,0.75,2561|2567|3084|9228,GABRB2|GABRG3|NRG1|DLGAP2,-0.44,0
1,-2,C3714760,M1,1,0,DisGeNET,35,Drug-induced tardive dyskinesia,,-2,4.8,3.5,30284,94,266,4,1.5,0.75,2561|2567|3084|9228,GABRB2|GABRG3|NRG1|DLGAP2,-0.44,0
1,-2,C0234238,M1,1,0,DisGeNET,35,Ache,,-2,6.8,3.9,30284,50,266,3,1.1,0.65,3084|5179|23236,NRG1|PENK|PLCB1,-0.44,0
1,-2,C0458257,M1,1,0,DisGeNET,35,"Pain, Splitting",,-2,6.8,3.9,30284,50,266,3,1.1,0.65,3084|5179|23236,NRG1|PENK|PLCB1,-0.44,0
1,-2,C0458259,M1,1,0,DisGeNET,35,"Pain, Crushing",,-2,6.8,3.9,30284,50,266,3,1.1,0.65,3084|5179|23236,NRG1|PENK|PLCB1,-0.44,0
1,-2,C0751407,M1,1,0,DisGeNET,35,"Pain, Migratory",,-2,6.8,3.9,30284,50,266,3,1.1,0.65,3084|5179|23236,NRG1|PENK|PLCB1,-0.44,0
1,-2,C0751408,M1,1,0,DisGeNET,35,"Suffering, Physical",,-2,6.8,3.9,30284,50,266,3,1.1,0.65,3084|5179|23236,NRG1|PENK|PLCB1,-0.44,0
1,-2,C0149721,M1,1,0,DisGeNET,35,Left Ventricular Hypertrophy,,-2,2.5,2.9,30284,403,266,9,3.4,1.1,132|1956|3084|4306|5578|5579|6546|10529|10891,ADK|EGFR|NRG1|NR3C2|PRKCA|PRKCB|SLC8A1|NEBL|PPARGC1A,-0.44,0
1,-2,C4721453,M1,1,0,DisGeNET,35,Peripheral Nervous System Diseases,,-2,2.3,2.9,30284,549,266,11,4.1,1.2,286|1612|1956|2259|3084|4131|5578|5579|5581|57468|146057,ANK1|DAPK1|EGFR|FGF14|NRG1|MAP1B|PRKCA|PRKCB|PRKCE|SLC12A5|TTBK2,-0.44,0
1,-2,C0740391,M1,1,0,DisGeNET,35,Middle Cerebral Artery Occlusion,,-2,2.2,2.8,30284,626,266,12,4.5,1.3,1956|2572|2903|3084|4045|4306|5587|5816|6546|7804|9353|55605,EGFR|GAD2|GRIN2A|NRG1|LSAMP|NR3C2|PRKD1|PVALB|SLC8A1|LRP8|SLIT2|KIF21A,-0.44,0
1,-2,C0234376,M1,1,0,DisGeNET,35,Action Tremor,,-2,4.8,3.5,30284,95,266,4,1.5,0.75,3708|6334|23261|388662,ITPR1|SCN8A|CAMTA1|SLC6A17,-0.44,0
1,-2,C0751781,M1,1,0,DisGeNET,35,Dentatorubral-Pallidoluysian Atrophy,,-2,4.8,3.5,30284,95,266,4,1.5,0.75,2259|2597|3708|3746,FGF14|GAPDH|ITPR1|KCNC1,-0.44,0
1,-2,C1846460,M1,1,0,DisGeNET,35,Abnormality of the outer ear,,-2,4.8,3.5,30284,95,266,4,1.5,0.75,286|5332|9935|80144,ANK1|PLCB4|MAFB|FRAS1,-0.44,0
