_MEMBER_hits,_LogP_hits,GO,_PATTERN_,_RANK_,GiniIndex,Category,CategoryID,Description,PARENT_GO,LogP,Enrichment,Z-score,#TotalGeneInLibrary,#GeneInGO,#GeneInHitList,#GeneInGOAndHitList,%InGO,STDV %InGO,GeneID,Hits,Log(q-value),EvidenceCutoff
1,-6.9,PGB:00065,M1,1,0,PaGenBase,36,Cell-specific: DRG,,-6.9,4.5,7.1,30284,455,266,18,6.8,1.5,956|1996|2258|4915|5121|5816|6489|8618|9201|9472|10529|11122|22848|22987|23261|25849|54674|90627,ENTPD3|ELAVL4|FGF13|NTRK2|PCP4|PVALB|ST8SIA1|CADPS|DCLK1|AKAP6|NEBL|PTPRT|AAK1|SV2C|CAMTA1|PARM1|LRRN3|STARD13,-4.5,0
1,-5.6,PGB:00126,M1,1,0,PaGenBase,36,Cell-specific: SHSYSY-RA,,-5.6,15,9,30284,45,266,6,2.3,0.91,2104|4915|9201|22987|23261|51310,ESRRG|NTRK2|DCLK1|SV2C|CAMTA1|SLC22A17,-3.3,0
1,-3.4,PGB:00100,M1,1,0,PaGenBase,36,Cell-specific: SKMEL5,,-3.4,20,7.4,30284,17,266,3,1.1,0.65,2259|10891|83988,FGF14|PPARGC1A|NCALD,-1.5,0
1,-2.8,PGB:00021,M1,1,0,PaGenBase,36,Tissue-specific: cortex,,-2.8,8.1,5,30284,56,266,4,1.5,0.75,1996|2258|2561|3423,ELAVL4|FGF13|GABRB2|IDS,-1.1,0
1,-2.8,PGB:00091,M1,1,0,PaGenBase,36,Cell-specific: A204,,-2.8,8.1,5,30284,56,266,4,1.5,0.75,5178|5179|10529|23047,PEG3|PENK|NEBL|PDS5B,-1.1,0
1,-2.4,PGB:00102,M1,1,0,PaGenBase,36,Cell-specific: LNCAP,,-2.4,9.2,4.7,30284,37,266,3,1.1,0.65,3760|7704|79884,KCNJ3|ZBTB16|MAP9,-0.74,0
1,-2.2,PGB:00073,M1,1,0,PaGenBase,36,Cell-specific: OVR278E,,-2.2,4.3,3.6,30284,131,266,5,1.9,0.83,6095|10367|23281|26033|81539,RORA|MICU1|MTUS2|ATRNL1|SLC38A1,-0.6,0
