_MEMBER_hits,_LogP_hits,GO,_PATTERN_,_RANK_,GiniIndex,Category,CategoryID,Description,PARENT_GO,LogP,Enrichment,Z-score,#TotalGeneInLibrary,#GeneInGO,#GeneInHitList,#GeneInGOAndHitList,%InGO,STDV %InGO,GeneID,Hits,Log(q-value),EvidenceCutoff
1,-60,M39070,M1,1,0,Cell Type Signatures,7,MANNO MIDBRAIN NEUROTYPES HNBGABA,,-60,10,27,30284,703,357,85,24,2.3,107|481|490|491|816|1113|1123|1826|1993|1996|2070|2554|2561|2566|2744|3747|4045|4131|4212|4674|4978|5126|5144|5579|5796|6323|6334|6546|6616|8745|9118|9201|9699|9723|9758|9783|9891|9900|10451|10659|10777|11122|22874|23270|26470|29767|51286|51299|51308|51555|54704|54715|55605|55691|56776|57468|59283|59338|60468|64753|80031|80034|81539|83719|83992|90990|114815|130733|134957|145581|147381|152330|154661|161357|203859|222183|254531|256714|283455|286046|286205|388662|401145|728215|100130155,ADCY1|ATP1B1|ATP2B1|ATP2B2|CAMK2B|CHGA|CHN1|DSCAM|ELAVL2|ELAVL4|EYA4|GABRA1|GABRB2|GABRG2|GLS|KCNC2|LSAMP|MAP1B|MEIS2|NAP1L2|OPCML|PCSK2|PDE4D|PRKCB|PTPRK|SCN1A|SCN8A|SLC8A1|SNAP25|ADAM23|INA|DCLK1|RIMS2|SEMA3E|FRMPD4|RIMS3|NUAK1|SV2A|VAV3|CELF2|ARPP21|PTPRT|PLEKHA6|TSPYL4|SEZ6L2|TMOD2|CEND1|NRN1|REEP2|PEX5L|PDP1|RBFOX1|KIF21A|FRMD4A|FMN2|SLC12A5|CACNG8|PLEKHA1|BACH2|CCDC136|SEMA6D|CSRNP3|SLC38A1|YPEL3|CTTNBP2|KIFC2|SORCS1|TMEM178A|STXBP5|LRFN5|CBLN2|CNTN4|RUNDC3B|MDGA2|ANO5|SRRM3|LPCAT4|MAP7D2|KSR2|XKR6|SCAI|SLC6A17|CCSER1|NALF1|MIR124-2HG,-55,0
1,-41,M39068,M1,1,0,Cell Type Signatures,7,MANNO MIDBRAIN NEUROTYPES HDA1,,-41,9.2,22,30284,584,357,63,18,2,107|481|816|1113|1612|1826|1993|1996|2566|3763|4045|4131|4674|5126|5144|5218|5295|6095|6334|6546|6616|7447|8618|8997|9079|9118|9201|9315|9758|9771|9781|9783|9900|10231|10451|22854|22874|23236|23281|26470|29767|54212|55605|57468|64753|79750|80031|80034|81539|83719|90990|93664|114880|120114|134957|147381|154661|254531|259217|283455|401145|728215|100130155,ADCY1|ATP1B1|CAMK2B|CHGA|DAPK1|DSCAM|ELAVL2|ELAVL4|GABRG2|KCNJ6|LSAMP|MAP1B|NAP1L2|PCSK2|PDE4D|CDK14|PIK3R1|RORA|SCN8A|SLC8A1|SNAP25|VSNL1|CADPS|KALRN|LDB2|INA|DCLK1|NREP|FRMPD4|RAPGEF5|RNF144A|RIMS3|SV2A|RCAN2|VAV3|NTNG1|PLEKHA6|PLCB1|MTUS2|SEZ6L2|TMOD2|SNTG1|KIF21A|SLC12A5|CCDC136|ZNF385D|SEMA6D|CSRNP3|SLC38A1|YPEL3|KIFC2|CADPS2|OSBPL6|FAT3|STXBP5|CBLN2|RUNDC3B|LPCAT4|HSPA12A|KSR2|CCSER1|NALF1|MIR124-2HG,-36,0
1,-35,M39066,M1,1,0,Cell Type Signatures,7,MANNO MIDBRAIN NEUROTYPES HNBML5,,-35,9.7,21,30284,465,357,53,15,1.9,636|1113|1826|1993|1996|2554|2561|2566|3747|4131|4978|5579|6334|6616|7447|8618|8997|9118|9315|9699|9771|9891|9900|10777|11122|22854|22874|22895|23047|23270|23281|23414|26470|29767|51308|54704|54715|55605|56776|57468|79750|80034|81539|114880|145773|161357|222183|256714|283455|286046|286205|728215|100130155,BICD1|CHGA|DSCAM|ELAVL2|ELAVL4|GABRA1|GABRB2|GABRG2|KCNC2|MAP1B|OPCML|PRKCB|SCN8A|SNAP25|VSNL1|CADPS|KALRN|INA|NREP|RIMS2|RAPGEF5|NUAK1|SV2A|ARPP21|PTPRT|NTNG1|PLEKHA6|RPH3A|PDS5B|TSPYL4|MTUS2|ZFPM2|SEZ6L2|TMOD2|REEP2|PDP1|RBFOX1|KIF21A|FMN2|SLC12A5|ZNF385D|CSRNP3|SLC38A1|OSBPL6|FAM81A|MDGA2|SRRM3|MAP7D2|KSR2|XKR6|SCAI|NALF1|MIR124-2HG,-31,0
1,-30,M39073,M1,1,0,Cell Type Signatures,7,MANNO MIDBRAIN NEUROTYPES HOMTN,,-30,9.8,19,30284,389,357,45,13,1.8,107|490|491|1113|1602|1993|1996|2566|4131|4249|4741|4747|6334|6616|6620|6833|9118|9723|9771|11281|23236|26470|29767|51286|51555|54704|54715|55605|56341|60468|79698|80031|81539|90990|114804|114880|134957|145581|152330|154661|161357|222183|256714|259217|728215,ADCY1|ATP2B1|ATP2B2|CHGA|DACH1|ELAVL2|ELAVL4|GABRG2|MAP1B|MGAT5|NEFM|NEFL|SCN8A|SNAP25|SNCB|ABCC8|INA|SEMA3E|RAPGEF5|POU6F2|PLCB1|SEZ6L2|TMOD2|CEND1|PEX5L|PDP1|RBFOX1|KIF21A|PRMT8|BACH2|ZMAT4|SEMA6D|SLC38A1|KIFC2|RNF157|OSBPL6|STXBP5|LRFN5|CNTN4|RUNDC3B|MDGA2|SRRM3|MAP7D2|HSPA12A|NALF1,-26,0
1,-30,M39069,M1,1,0,Cell Type Signatures,7,MANNO MIDBRAIN NEUROTYPES HDA2,,-30,8.3,18,30284,513,357,50,14,1.8,481|1826|1993|1996|2566|3747|3763|4131|5126|5144|5218|5295|5579|6334|6616|6833|7447|8618|9118|9315|9628|9699|9758|9783|9900|10231|22874|23281|23359|25834|26034|26470|29767|51308|51555|54212|54704|59283|80031|80034|90990|114880|134957|145581|147381|152330|154661|256714|286046|728215,ATP1B1|DSCAM|ELAVL2|ELAVL4|GABRG2|KCNC2|KCNJ6|MAP1B|PCSK2|PDE4D|CDK14|PIK3R1|PRKCB|SCN8A|SNAP25|ABCC8|VSNL1|CADPS|INA|NREP|RGS6|RIMS2|FRMPD4|RIMS3|SV2A|RCAN2|PLEKHA6|MTUS2|ENTREP2|MGAT4C|IPCEF1|SEZ6L2|TMOD2|REEP2|PEX5L|SNTG1|PDP1|CACNG8|SEMA6D|CSRNP3|KIFC2|OSBPL6|STXBP5|LRFN5|CBLN2|CNTN4|RUNDC3B|MAP7D2|XKR6|NALF1,-26,0
1,-29,M39067,M1,1,0,Cell Type Signatures,7,MANNO MIDBRAIN NEUROTYPES HDA,,-29,8.2,18,30284,506,357,49,14,1.8,491|816|1113|1826|1993|1996|2185|2566|4045|4131|4784|5579|6616|8618|8867|9079|9118|9201|9315|9628|9699|9723|9771|9900|10451|22854|22874|23105|23281|26470|27075|29767|51308|57468|59338|63939|64753|79750|80031|80034|83992|90990|120114|147381|154661|254531|401145|728215|100130155,ATP2B2|CAMK2B|CHGA|DSCAM|ELAVL2|ELAVL4|PTK2B|GABRG2|LSAMP|MAP1B|NFIX|PRKCB|SNAP25|CADPS|SYNJ1|LDB2|INA|DCLK1|NREP|RGS6|RIMS2|SEMA3E|RAPGEF5|SV2A|VAV3|NTNG1|PLEKHA6|FSTL4|MTUS2|SEZ6L2|TSPAN13|TMOD2|REEP2|SLC12A5|PLEKHA1|FAM217B|CCDC136|ZNF385D|SEMA6D|CSRNP3|CTTNBP2|KIFC2|FAT3|CBLN2|RUNDC3B|LPCAT4|CCSER1|NALF1|MIR124-2HG,-26,0
1,-24,M39072,M1,1,0,Cell Type Signatures,7,MANNO MIDBRAIN NEUROTYPES HSERT,,-24,7.9,16,30284,450,357,42,12,1.7,107|491|816|1113|1290|1993|2561|2566|2805|4131|4978|5579|6616|7447|9118|9699|9758|9806|23236|23281|25834|26470|29767|51310|54715|57468|59283|79750|80034|90990|145581|147381|148641|152330|154661|254531|256714|259217|283455|286046|401145|728215,ADCY1|ATP2B2|CAMK2B|CHGA|COL5A2|ELAVL2|GABRB2|GABRG2|GOT1|MAP1B|OPCML|PRKCB|SNAP25|VSNL1|INA|RIMS2|FRMPD4|SPOCK2|PLCB1|MTUS2|MGAT4C|SEZ6L2|TMOD2|SLC22A17|RBFOX1|SLC12A5|CACNG8|ZNF385D|CSRNP3|KIFC2|LRFN5|CBLN2|SLC35F3|CNTN4|RUNDC3B|LPCAT4|MAP7D2|HSPA12A|KSR2|XKR6|CCSER1|NALF1,-21,0
1,-21,M39064,M1,1,0,Cell Type Signatures,7,MANNO MIDBRAIN NEUROTYPES HNBML1,,-21,8.8,15,30284,328,357,34,9.5,1.6,785|1826|1993|1996|2257|2566|4131|5122|6334|6616|8618|9118|9315|9723|9771|9891|9900|10777|22874|23359|26470|51299|51555|55605|56776|79698|80034|81539|130733|147381|254531|256714|728215|100130155,CACNB4|DSCAM|ELAVL2|ELAVL4|FGF12|GABRG2|MAP1B|PCSK1|SCN8A|SNAP25|CADPS|INA|NREP|SEMA3E|RAPGEF5|NUAK1|SV2A|ARPP21|PLEKHA6|ENTREP2|SEZ6L2|NRN1|PEX5L|KIF21A|FMN2|ZMAT4|CSRNP3|SLC38A1|TMEM178A|CBLN2|LPCAT4|MAP7D2|NALF1|MIR124-2HG,-18,0
1,-21,M39104,M1,1,0,Cell Type Signatures,7,ZHONG PFC C3 MICROGLIA,,-21,7,14,30284,488,357,40,11,1.7,107|816|2257|2977|3745|4045|4131|4741|4747|4784|4915|4978|5310|5579|5602|5796|6620|9118|9201|9900|10123|10777|10815|23314|23359|23768|26470|51308|54765|55294|56776|59283|80034|114804|120114|145773|147381|157627|221935|375449,ADCY1|CAMK2B|FGF12|GUCY1A2|KCNB1|LSAMP|MAP1B|NEFM|NEFL|NFIX|NTRK2|OPCML|PKD1|PRKCB|MAPK10|PTPRK|SNCB|INA|DCLK1|SV2A|ARL4C|ARPP21|CPLX1|SATB2|ENTREP2|FLRT2|SEZ6L2|REEP2|TRIM44|FBXW7|FMN2|CACNG8|CSRNP3|RNF157|FAT3|FAM81A|CBLN2|MIR124-1HG|SDK1|MAST4,-18,0
1,-20,M39168,M1,1,0,Cell Type Signatures,7,MURARO PANCREAS ALPHA CELL,,-20,6.1,13,30284,568,357,41,11,1.7,107|490|816|818|1113|1152|1159|1602|2257|2744|2778|3423|3705|3708|3763|4045|5126|5144|5315|5581|5789|6489|6616|8618|9079|9118|9699|10231|11122|22936|23136|25849|26470|51310|51390|55294|80034|114880|117178|152330|221935,ADCY1|ATP2B1|CAMK2B|CAMK2G|CHGA|CKB|CKMT1B|DACH1|FGF12|GLS|GNAS|IDS|ITPK1|ITPR1|KCNJ6|LSAMP|PCSK2|PDE4D|PKM|PRKCE|PTPRD|ST8SIA1|SNAP25|CADPS|LDB2|INA|RIMS2|RCAN2|PTPRT|ELL2|EPB41L3|PARM1|SEZ6L2|SLC22A17|AIG1|FBXW7|CSRNP3|OSBPL6|SSX2IP|CNTN4|SDK1,-16,0
1,-19,M39234,M1,1,0,Cell Type Signatures,7,LAKE ADULT KIDNEY C15 CONNECTING TUBULE,,-19,12,16,30284,171,357,25,7,1.4,481|673|1602|1946|2744|3708|4205|4306|5144|5602|6095|6310|6546|9353|10451|23136|23389|26031|26040|54212|79659|80036|80144|93664|401145,ATP1B1|BRAF|DACH1|EFNA5|GLS|ITPR1|MEF2A|NR3C2|PDE4D|MAPK10|RORA|ATXN1|SLC8A1|SLIT2|VAV3|EPB41L3|MED13L|OSBPL3|SETBP1|SNTG1|DYNC2H1|TRPM3|FRAS1|CADPS2|CCSER1,-16,0
1,-17,M39233,M1,1,0,Cell Type Signatures,7,LAKE ADULT KIDNEY C14 DISTAL CONVOLUTED TUBULE,,-17,10,15,30284,208,357,25,7,1.4,481|673|785|1602|1946|3708|4205|4306|5218|6095|6310|6546|10451|10846|26031|55074|55799|56243|79659|79750|80144|93664|342184|401145|104472715,ATP1B1|BRAF|CACNB4|DACH1|EFNA5|ITPR1|MEF2A|NR3C2|CDK14|RORA|ATXN1|SLC8A1|VAV3|PDE10A|OSBPL3|OXR1|CACNA2D3|KIAA1217|DYNC2H1|ZNF385D|FRAS1|CADPS2|FMN1|CCSER1|SNHG14,-14,0
1,-16,M39065,M1,1,0,Cell Type Signatures,7,MANNO MIDBRAIN NEUROTYPES HRN,,-16,7.3,13,30284,335,357,29,8.1,1.4,1113|1993|1996|2257|2566|4131|5126|6616|8618|9118|9201|9315|9771|9900|22874|23281|26470|51299|51555|54715|81539|114880|140767|145581|147381|152330|154661|256714|100130155,CHGA|ELAVL2|ELAVL4|FGF12|GABRG2|MAP1B|PCSK2|SNAP25|CADPS|INA|DCLK1|NREP|RAPGEF5|SV2A|PLEKHA6|MTUS2|SEZ6L2|NRN1|PEX5L|RBFOX1|SLC38A1|OSBPL6|NRSN1|LRFN5|CBLN2|CNTN4|RUNDC3B|MAP7D2|MIR124-2HG,-13,0
1,-15,M39102,M1,1,0,Cell Type Signatures,7,ZHONG PFC C3 ASTROCYTE,,-15,6.5,12,30284,389,357,30,8.4,1.5,107|1113|1993|4008|4208|4741|4784|5310|5579|7799|8506|10659|10777|10815|23314|23762|23768|25791|26470|51466|54704|55342|57731|59283|81539|117178|152330|157627|222183|442213,ADCY1|CHGA|ELAVL2|LMO7|MEF2C|NEFM|NFIX|PKD1|PRKCB|PRDM2|CNTNAP1|CELF2|ARPP21|CPLX1|SATB2|OSBP2|FLRT2|NGEF|SEZ6L2|EVL|PDP1|STRBP|SPTBN4|CACNG8|SLC38A1|SSX2IP|CNTN4|MIR124-1HG|SRRM3|PTCHD4,-12,0
1,-15,M39222,M1,1,0,Cell Type Signatures,7,LAKE ADULT KIDNEY C3 PROXIMAL TUBULE EPITHELIAL CELLS S1 S2,,-15,8.8,13,30284,221,357,23,6.4,1.3,1523|5144|5218|5602|5789|6095|7704|9175|9353|22874|23001|23136|23245|26040|51390|57476|80036|80144|114815|152330|221935|375449|104472715,CUX1|PDE4D|CDK14|MAPK10|PTPRD|RORA|ZBTB16|MAP3K13|SLIT2|PLEKHA6|WDFY3|EPB41L3|ASTN2|SETBP1|AIG1|GRAMD1B|TRPM3|FRAS1|SORCS1|CNTN4|SDK1|MAST4|SNHG14,-11,0
1,-14,M39170,M1,1,0,Cell Type Signatures,7,MURARO PANCREAS DELTA CELL,,-14,8.1,12,30284,250,357,24,6.7,1.3,816|1958|1996|2257|2554|2566|3423|4131|5121|5122|5218|6616|6653|8618|9515|9891|22876|26040|27067|79659|79884|81539|145581|388662,CAMK2B|EGR1|ELAVL4|FGF12|GABRA1|GABRG2|IDS|MAP1B|PCP4|PCSK1|CDK14|SNAP25|SORL1|CADPS|STXBP5L|NUAK1|INPP5F|SETBP1|STAU2|DYNC2H1|MAP9|SLC38A1|LRFN5|SLC6A17,-11,0
1,-14,M40249,M1,1,0,Cell Type Signatures,7,DESCARTES FETAL LUNG VISCERAL NEURONS,,-14,8.8,12,30284,212,357,22,6.2,1.3,491|1826|3745|3756|4131|4741|6096|9758|9783|10777|23072|23245|23314|29906|51286|54212|54715|157627|161357|200150|204962|222537,ATP2B2|DSCAM|KCNB1|KCNH1|MAP1B|NEFM|RORB|FRMPD4|RIMS3|ARPP21|HECW1|ASTN2|SATB2|ST8SIA5|CEND1|SNTG1|RBFOX1|MIR124-1HG|MDGA2|PLD5|SLC44A5|HS3ST5,-11,0
1,-14,M39236,M1,1,0,Cell Type Signatures,7,LAKE ADULT KIDNEY C17 COLLECTING SYSTEM PCS STRESSED DISSOC SUBSET,,-14,8.1,12,30284,240,357,23,6.4,1.3,483|673|1958|2744|3097|4205|4306|5144|5581|6095|6310|6546|9208|23389|26031|56243|60468|80144|81539|93664|221935|378805|401145,ATP1B3|BRAF|EGR1|GLS|HIVEP2|MEF2A|NR3C2|PDE4D|PRKCE|RORA|ATXN1|SLC8A1|LRRFIP1|MED13L|OSBPL3|KIAA1217|BACH2|FRAS1|SLC38A1|CADPS2|SDK1|LINC-PINT|CCSER1,-11,0
1,-14,M39269,M1,1,0,Cell Type Signatures,7,HU FETAL RETINA RGC,,-14,5.7,11,30284,443,357,30,8.4,1.5,107|664|1123|1602|1993|1996|2181|2597|4131|4741|4747|5126|5230|5602|6616|8848|9118|9201|9638|11281|26470|29767|51286|51299|81539|145581|147381|154661|222553|259217,ADCY1|BNIP3|CHN1|DACH1|ELAVL2|ELAVL4|ACSL3|GAPDH|MAP1B|NEFM|NEFL|PCSK2|PGK1|MAPK10|SNAP25|TSC22D1|INA|DCLK1|FEZ1|POU6F2|SEZ6L2|TMOD2|CEND1|NRN1|SLC38A1|LRFN5|CBLN2|RUNDC3B|SLC35F1|HSPA12A,-11,0
1,-14,M39231,M1,1,0,Cell Type Signatures,7,LAKE ADULT KIDNEY C12 THICK ASCENDING LIMB,,-14,6.2,11,30284,381,357,28,7.8,1.4,476|481|1152|1329|1982|2597|2778|2805|4008|4190|4249|4719|4915|5230|5295|5315|6138|6653|10451|23236|26031|54940|55074|55799|56243|90161|151742|342184,ATP1A1|ATP1B1|CKB|COX5B|EIF4G2|GAPDH|GNAS|GOT1|LMO7|MDH1|MGAT5|NDUFS1|NTRK2|PGK1|PIK3R1|PKM|RPL15|SORL1|VAV3|PLCB1|OSBPL3|OCIAD1|OXR1|CACNA2D3|KIAA1217|HS6ST2|PPM1L|FMN1,-11,0
1,-14,M39063,M1,1,0,Cell Type Signatures,7,MANNO MIDBRAIN NEUROTYPES HNBM,,-14,7.2,12,30284,295,357,25,7,1.4,1993|1996|4131|4784|5126|6334|6616|8618|9118|9201|10451|22874|23281|27075|51299|51555|54704|56776|57453|79698|80034|81539|134957|140767|100130155,ELAVL2|ELAVL4|MAP1B|NFIX|PCSK2|SCN8A|SNAP25|CADPS|INA|DCLK1|VAV3|PLEKHA6|MTUS2|TSPAN13|NRN1|PEX5L|PDP1|FMN2|DSCAML1|ZMAT4|CSRNP3|SLC38A1|STXBP5|NRSN1|MIR124-2HG,-11,0
1,-13,M39245,M1,1,0,Cell Type Signatures,7,LAKE ADULT KIDNEY C26 MESANGIAL CELLS,,-13,9.6,13,30284,177,357,20,5.6,1.2,1958|3708|3908|4008|4208|4212|5789|5937|6095|7704|8516|8848|8997|9475|9771|10395|22936|23047|55691|378805,EGR1|ITPR1|LAMA2|LMO7|MEF2C|MEIS2|PTPRD|RBMS1|RORA|ZBTB16|ITGA8|TSC22D1|KALRN|ROCK2|RAPGEF5|DLC1|ELL2|PDS5B|FRMD4A|LINC-PINT,-10,0
1,-13,M39017,M1,1,0,Cell Type Signatures,7,FAN EMBRYONIC CTX BIG GROUPS CAJAL RETZIUS,,-13,5.3,11,30284,499,357,31,8.7,1.5,664|1159|1329|2805|4045|4190|4741|4747|4978|5121|5122|5218|5315|5937|6616|6620|8506|9806|10231|23105|26470|51286|51299|51308|55799|56243|90161|256714|259217|375449|728215,BNIP3|CKMT1B|COX5B|GOT1|LSAMP|MDH1|NEFM|NEFL|OPCML|PCP4|PCSK1|CDK14|PKM|RBMS1|SNAP25|SNCB|CNTNAP1|SPOCK2|RCAN2|FSTL4|SEZ6L2|CEND1|NRN1|REEP2|CACNA2D3|KIAA1217|HS6ST2|MAP7D2|HSPA12A|MAST4|NALF1,-10,0
1,-13,M39235,M1,1,0,Cell Type Signatures,7,LAKE ADULT KIDNEY C16 COLLECTING SYSTEM PRINCIPAL CELLS CORTEX,,-13,11,13,30284,141,357,18,5,1.2,673|2744|4306|5144|5602|6310|6546|9475|10846|23389|80036|80144|81539|93664|221935|283455|401145|104472715,BRAF|GLS|NR3C2|PDE4D|MAPK10|ATXN1|SLC8A1|ROCK2|PDE10A|MED13L|TRPM3|FRAS1|SLC38A1|CADPS2|SDK1|KSR2|CCSER1|SNHG14,-10,0
1,-13,M39224,M1,1,0,Cell Type Signatures,7,LAKE ADULT KIDNEY C5 PROXIMAL TUBULE EPITHELIAL CELLS STRESS INFLAM,,-13,5.7,11,30284,417,357,28,7.8,1.4,488|1523|1958|3084|4045|4784|5144|5581|6095|7704|9175|9267|9699|10846|22874|23072|23092|23245|51390|55691|57476|80036|80144|114815|151742|152330|342184|642987,ATP2A2|CUX1|EGR1|NRG1|LSAMP|NFIX|PDE4D|PRKCE|RORA|ZBTB16|MAP3K13|CYTH1|RIMS2|PDE10A|PLEKHA6|HECW1|ARHGAP26|ASTN2|AIG1|FRMD4A|GRAMD1B|TRPM3|FRAS1|SORCS1|PPM1L|CNTN4|FMN1|TMEM232,-9.8,0
1,-13,M39230,M1,1,0,Cell Type Signatures,7,LAKE ADULT KIDNEY C11 THIN ASCENDING LIMB,,-13,9.5,12,30284,169,357,19,5.3,1.2,476|1946|3097|3709|5581|5587|5937|9208|9648|9699|23236|23389|23613|26031|55799|59338|79750|375449|378805,ATP1A1|EFNA5|HIVEP2|ITPR2|PRKCE|PRKD1|RBMS1|LRRFIP1|GCC2|RIMS2|PLCB1|MED13L|ZMYND8|OSBPL3|CACNA2D3|PLEKHA1|ZNF385D|MAST4|LINC-PINT,-9.8,0
1,-13,M39239,M1,1,0,Cell Type Signatures,7,LAKE ADULT KIDNEY C20 COLLECTING DUCT INTERCALATED CELLS TYPE A CORTEX,,-13,10,12,30284,152,357,18,5,1.2,673|3708|3709|4306|5144|5530|5581|6310|9353|10231|26031|26040|55074|55605|56243|113263|378805|104472715,BRAF|ITPR1|ITPR2|NR3C2|PDE4D|PPP3CA|PRKCE|ATXN1|SLIT2|RCAN2|OSBPL3|SETBP1|OXR1|KIF21A|KIAA1217|GLCCI1|LINC-PINT|SNHG14,-9.6,0
1,-11,M40312,M1,1,0,Cell Type Signatures,7,DESCARTES FETAL THYMUS THYMIC EPITHELIAL CELLS,,-11,6.9,10,30284,245,357,20,5.6,1.2,785|2070|2567|5602|8555|10090|11122|23245|25834|63876|80034|80036|80144|90161|114815|221935|256714|259217|342184|400954,CACNB4|EYA4|GABRG3|MAPK10|CDC14B|UST|PTPRT|ASTN2|MGAT4C|PKNOX2|CSRNP3|TRPM3|FRAS1|HS6ST2|SORCS1|SDK1|MAP7D2|HSPA12A|FMN1|EML6,-8,0
1,-11,M39240,M1,1,0,Cell Type Signatures,7,LAKE ADULT KIDNEY C21 COLLECTING DUCT INTERCALATED CELLS TYPE B,,-11,12,12,30284,103,357,14,3.9,1,1602|4205|4306|5144|5530|5581|6095|9162|10231|10659|26031|55605|113263|148641,DACH1|MEF2A|NR3C2|PDE4D|PPP3CA|PRKCE|RORA|DGKI|RCAN2|CELF2|OSBPL3|KIF21A|GLCCI1|SLC35F3,-7.9,0
1,-11,M39161,M1,1,0,Cell Type Signatures,7,GAO LARGE INTESTINE ADULT CA ENTEROENDOCRINE CELLS,,-11,6,9.7,30284,312,357,22,6.2,1.3,107|664|816|1290|1996|4131|4747|5122|5587|6616|8618|9515|9699|23105|26040|56776|57731|79884|83988|147381|151258|256714,ADCY1|BNIP3|CAMK2B|COL5A2|ELAVL4|MAP1B|NEFL|PCSK1|PRKD1|SNAP25|CADPS|STXBP5L|RIMS2|FSTL4|SETBP1|FMN2|SPTBN4|MAP9|NCALD|CBLN2|SLC38A11|MAP7D2,-7.9,0
1,-11,M39247,M1,1,0,Cell Type Signatures,7,LAKE ADULT KIDNEY C28 INTERSTITIUM,,-11,13,12,30284,86,357,13,3.6,0.99,1602|3908|4212|5937|7704|8997|9079|9475|10580|23389|26040|56243|378805,DACH1|LAMA2|MEIS2|RBMS1|ZBTB16|KALRN|LDB2|ROCK2|SORBS1|MED13L|SETBP1|KIAA1217|LINC-PINT,-7.9,0
1,-10,M39223,M1,1,0,Cell Type Signatures,7,LAKE ADULT KIDNEY C4 PROXIMAL TUBULE EPITHELIAL CELLS S2,,-10,8.2,10,30284,176,357,17,4.8,1.1,1523|2744|4205|5144|5218|5602|5789|5796|6095|7704|23001|23092|55074|56243|152330|221935|375449,CUX1|GLS|MEF2A|PDE4D|CDK14|MAPK10|PTPRD|PTPRK|RORA|ZBTB16|WDFY3|ARHGAP26|OXR1|KIAA1217|CNTN4|SDK1|MAST4,-7.7,0
1,-9.8,M40019,M1,1,0,Cell Type Signatures,7,BUSSLINGER GASTRIC X CELLS,,-9.8,7.6,9.9,30284,191,357,17,4.8,1.1,816|1958|1982|3423|4131|5122|5315|6616|6833|8622|9118|9208|9648|9699|10983|26470|51310,CAMK2B|EGR1|EIF4G2|IDS|MAP1B|PCSK1|PKM|SNAP25|ABCC8|PDE8B|INA|LRRFIP1|GCC2|RIMS2|CCNI|SEZ6L2|SLC22A17,-7.2,0
1,-9.5,M39229,M1,1,0,Cell Type Signatures,7,LAKE ADULT KIDNEY C10 THIN ASCENDING LIMB,,-9.5,5.3,8.8,30284,353,357,22,6.2,1.3,476|1329|1508|1946|1982|2597|2778|3709|5230|5315|5587|6138|8848|9208|9648|9699|9987|23613|26031|54940|55799|59338,ATP1A1|COX5B|CTSB|EFNA5|EIF4G2|GAPDH|GNAS|ITPR2|PGK1|PKM|PRKD1|RPL15|TSC22D1|LRRFIP1|GCC2|RIMS2|HNRNPDL|ZMYND8|OSBPL3|OCIAD1|CACNA2D3|PLEKHA1,-6.9,0
1,-9.4,M39248,M1,1,0,Cell Type Signatures,7,LAKE ADULT KIDNEY C29 UNKNOWN NOVEL PT CFH POS SUBPOPULATION S2,,-9.4,12,11,30284,86,357,12,3.4,0.95,636|6095|7704|23359|23414|25834|54715|55691|83992|152330|201134|728215,BICD1|RORA|ZBTB16|ENTREP2|ZFPM2|MGAT4C|RBFOX1|FRMD4A|CTTNBP2|CNTN4|CEP112|NALF1,-6.8,0
1,-9.3,M39232,M1,1,0,Cell Type Signatures,7,LAKE ADULT KIDNEY C13 THICK ASCENDING LIMB,,-9.3,9.1,10,30284,131,357,14,3.9,1,476|481|673|1946|4306|5587|10451|23236|26031|55074|55799|56243|401145|104472715,ATP1A1|ATP1B1|BRAF|EFNA5|NR3C2|PRKD1|VAV3|PLCB1|OSBPL3|OXR1|CACNA2D3|KIAA1217|CCSER1|SNHG14,-6.7,0
1,-9,M39241,M1,1,0,Cell Type Signatures,7,LAKE ADULT KIDNEY C22 ENDOTHELIAL CELLS GLOMERULAR CAPILLARIES,,-9,8.7,9.8,30284,137,357,14,3.9,1,4205|4212|5581|5937|7704|8516|8997|9079|23092|23389|50807|56243|93664|201134,MEF2A|MEIS2|PRKCE|RBMS1|ZBTB16|ITGA8|KALRN|LDB2|ARHGAP26|MED13L|ASAP1|KIAA1217|CADPS2|CEP112,-6.5,0
1,-8.9,M40201,M1,1,0,Cell Type Signatures,7,DESCARTES FETAL HEART SATB2 LRRC7 POSITIVE CELLS,,-8.9,9.5,10,30284,116,357,13,3.6,0.99,107|491|2567|3747|5789|6096|7224|10777|23314|59283|120114|157627|100130155,ADCY1|ATP2B2|GABRG3|KCNC2|PTPRD|RORB|TRPC5|ARPP21|SATB2|CACNG8|FAT3|MIR124-1HG|MIR124-2HG,-6.4,0
1,-8.5,M39052,M1,1,0,Cell Type Signatures,7,MANNO MIDBRAIN NEUROTYPES HOPC,,-8.5,4.9,8.1,30284,366,357,21,5.9,1.2,481|1123|1958|2119|2788|3709|4784|4978|5412|6323|9781|11122|29767|51286|51310|54212|114880|120892|161357|222553|728215,ATP1B1|CHN1|EGR1|ETV5|GNG7|ITPR2|NFIX|OPCML|UBL3|SCN1A|RNF144A|PTPRT|TMOD2|CEND1|SLC22A17|SNTG1|OSBPL6|LRRK2|MDGA2|SLC35F1|NALF1,-6,0
1,-8.4,M39019,M1,1,0,Cell Type Signatures,7,FAN EMBRYONIC CTX BIG GROUPS EXCITATORY NEURON,,-8.4,16,11,30284,47,357,9,2.5,0.83,107|816|2051|4212|10777|23314|54715|55294|59283,ADCY1|CAMK2B|EPHB6|MEIS2|ARPP21|SATB2|RBFOX1|FBXW7|CACNG8,-6,0
1,-8.2,M39056,M1,1,0,Cell Type Signatures,7,MANNO MIDBRAIN NEUROTYPES HRGL3,,-8.2,3.8,7.5,30284,574,357,26,7.3,1.4,491|1612|1958|2903|2908|4915|5412|6310|6323|8404|8622|9201|9353|9628|10418|23136|54212|79698|81539|90990|114815|114880|120114|120892|152330|642987,ATP2B2|DAPK1|EGR1|GRIN2A|NR3C1|NTRK2|UBL3|ATXN1|SCN1A|SPARCL1|PDE8B|DCLK1|SLIT2|RGS6|SPON1|EPB41L3|SNTG1|ZMAT4|SLC38A1|KIFC2|SORCS1|OSBPL6|FAT3|LRRK2|CNTN4|TMEM232,-5.8,0
1,-8.2,M40228,M1,1,0,Cell Type Signatures,7,DESCARTES FETAL LIVER MESOTHELIAL CELLS,,-8.2,5.2,8.1,30284,310,357,19,5.3,1.2,1958|2051|2561|2903|4045|5789|9228|9806|9912|11122|11281|22854|25834|25849|26470|51555|54715|147381|222537,EGR1|EPHB6|GABRB2|GRIN2A|LSAMP|PTPRD|DLGAP2|SPOCK2|ARHGAP44|PTPRT|POU6F2|NTNG1|MGAT4C|PARM1|SEZ6L2|PEX5L|RBFOX1|CBLN2|HS3ST5,-5.8,0
1,-7.9,M39026,M1,1,0,Cell Type Signatures,7,FAN EMBRYONIC CTX EX 4 EXCITATORY NEURON,,-7.9,7.2,8.7,30284,166,357,14,3.9,1,3708|4008|5310|5796|6833|9228|10659|10777|22874|55294|57731|130733|222183|442213,ITPR1|LMO7|PKD1|PTPRK|ABCC8|DLGAP2|CELF2|ARPP21|PLEKHA6|FBXW7|SPTBN4|TMEM178A|SRRM3|PTCHD4,-5.5,0
1,-7.4,M39227,M1,1,0,Cell Type Signatures,7,LAKE ADULT KIDNEY C8 DECENDING THIN LIMB,,-7.4,5.2,7.7,30284,278,357,17,4.8,1.1,1211|1508|1958|1982|2597|2778|4673|5230|5315|6138|7095|8848|9987|10983|59338|81539|120892,CLTA|CTSB|EGR1|EIF4G2|GAPDH|GNAS|NAP1L1|PGK1|PKM|RPL15|SEC62|TSC22D1|HNRNPDL|CCNI|PLEKHA1|SLC38A1|LRRK2,-5.1,0
1,-7.4,M39246,M1,1,0,Cell Type Signatures,7,LAKE ADULT KIDNEY C27 VASCULAR SMOOTH MUSCLE CELLS AND PERICYTES,,-7.4,7.1,8.3,30284,155,357,13,3.6,0.99,1958|4208|4212|6546|8404|8997|9475|9628|10231|10395|23389|60495|221935,EGR1|MEF2C|MEIS2|SLC8A1|SPARCL1|KALRN|ROCK2|RGS6|RCAN2|DLC1|MED13L|HPSE2|SDK1,-5,0
1,-7.3,M39291,M1,1,0,Cell Type Signatures,7,DURANTE ADULT OLFACTORY NEUROEPITHELIUM MATURE NEURONS,,-7.3,6.4,8,30284,187,357,14,3.9,1,481|1113|1152|1329|1946|2257|4131|4747|5602|6616|10777|56776|113263|283455,ATP1B1|CHGA|CKB|COX5B|EFNA5|FGF12|MAP1B|NEFL|MAPK10|SNAP25|ARPP21|FMN2|GLCCI1|KSR2,-5,0
1,-7.2,M39261,M1,1,0,Cell Type Signatures,7,HU FETAL RETINA AMACRINE,,-7.2,12,9.6,30284,64,357,9,2.5,0.83,4212|6096|9118|9315|9478|55294|79750|120114|100130155,MEIS2|RORB|INA|NREP|CABP1|FBXW7|ZNF385D|FAT3|MIR124-2HG,-4.9,0
1,-7.2,M40214,M1,1,0,Cell Type Signatures,7,DESCARTES FETAL INTESTINE ENS NEURONS,,-7.2,6.9,8.2,30284,160,357,13,3.6,0.99,491|1996|4131|4741|9118|9201|10815|23072|23245|27133|51286|140767|222537,ATP2B2|ELAVL4|MAP1B|NEFM|INA|DCLK1|CPLX1|HECW1|ASTN2|KCNH5|CEND1|NRSN1|HS3ST5,-4.9,0
1,-7,M39080,M1,1,0,Cell Type Signatures,7,ZHONG PFC C7 ORG UNDERGOING NEURONAL DIFFERENTIATION,,-7,11,9.3,30284,67,357,9,2.5,0.83,4208|5789|6653|10777|23314|54715|59283|157627|259217,MEF2C|PTPRD|SORL1|ARPP21|SATB2|RBFOX1|CACNG8|MIR124-1HG|HSPA12A,-4.8,0
1,-7,M41746,M1,1,0,Cell Type Signatures,7,RUBENSTEIN SKELETAL MUSCLE SMOOTH MUSCLE CELLS,,-7,4,7,30284,445,357,21,5.9,1.2,1152|1329|1958|2597|3423|4131|4190|4208|4705|4915|5315|6138|8404|8516|8848|9175|10231|10983|23261|51390|151258,CKB|COX5B|EGR1|GAPDH|IDS|MAP1B|MDH1|MEF2C|NDUFA10|NTRK2|PKM|RPL15|SPARCL1|ITGA8|TSC22D1|MAP3K13|RCAN2|CCNI|CAMTA1|AIG1|SLC38A11,-4.8,0
1,-7,M39288,M1,1,0,Cell Type Signatures,7,DURANTE ADULT OLFACTORY NEUROEPITHELIUM IMMATURE NEURONS,,-7,7.3,8.2,30284,139,357,12,3.4,0.95,1152|1946|1996|4131|5602|8618|9118|9201|9806|10983|152330|283455,CKB|EFNA5|ELAVL4|MAP1B|MAPK10|CADPS|INA|DCLK1|SPOCK2|CCNI|CNTN4|KSR2,-4.7,0
1,-6.9,M39258,M1,1,0,Cell Type Signatures,7,MENON FETAL KIDNEY 8 CONNECTING TUBULE CELLS,,-6.9,5.1,7.3,30284,267,357,16,4.5,1.1,476|481|483|1329|2744|4705|5295|6546|7095|9208|9648|10123|10451|54737|55691|104472715,ATP1A1|ATP1B1|ATP1B3|COX5B|GLS|NDUFA10|PIK3R1|SLC8A1|SEC62|LRRFIP1|GCC2|ARL4C|VAV3|MPHOSPH8|FRMD4A|SNHG14,-4.6,0
1,-6.8,M39209,M1,1,0,Cell Type Signatures,7,HAY BONE MARROW STROMAL,,-6.8,3.1,6.4,30284,765,357,28,7.8,1.4,1290|1958|2070|2977|3756|3910|4212|4915|5602|5937|6096|6833|8404|9201|9353|10395|11281|23314|23768|55691|56243|80031|80034|84940|120114|145581|147381|259217,COL5A2|EGR1|EYA4|GUCY1A2|KCNH1|LAMA4|MEIS2|NTRK2|MAPK10|RBMS1|RORB|ABCC8|SPARCL1|DCLK1|SLIT2|DLC1|POU6F2|SATB2|FLRT2|FRMD4A|KIAA1217|SEMA6D|CSRNP3|CORO6|FAT3|LRFN5|CBLN2|HSPA12A,-4.6,0
1,-6.6,M40099,M1,1,0,Cell Type Signatures,7,DESCARTES MAIN FETAL PDE11A FAM19A2 POSITIVE CELLS,,-6.6,10,8.7,30284,75,357,9,2.5,0.83,785|2563|2903|6334|6616|9353|9478|11281|54715,CACNB4|GABRD|GRIN2A|SCN8A|SNAP25|SLIT2|CABP1|POU6F2|RBFOX1,-4.4,0
1,-6.6,M39221,M1,1,0,Cell Type Signatures,7,LAKE ADULT KIDNEY C2 PODOCYTES,,-6.6,5.6,7.3,30284,212,357,14,3.9,1,636|1602|3097|4249|5789|5937|9806|22854|54715|56776|79659|83992|84448|201134,BICD1|DACH1|HIVEP2|MGAT5|PTPRD|RBMS1|SPOCK2|NTNG1|RBFOX1|FMN2|DYNC2H1|CTTNBP2|ABLIM2|CEP112,-4.4,0
1,-6.4,M39053,M1,1,0,Cell Type Signatures,7,MANNO MIDBRAIN NEUROTYPES HRGL2C,,-6.4,4.4,6.8,30284,326,357,17,4.8,1.1,481|491|1958|2119|2788|3709|4784|4978|6323|8404|9201|11122|114880|145581|145773|161357|642987,ATP1B1|ATP2B2|EGR1|ETV5|GNG7|ITPR2|NFIX|OPCML|SCN1A|SPARCL1|DCLK1|PTPRT|OSBPL6|LRFN5|FAM81A|MDGA2|TMEM232,-4.2,0
1,-6.2,M39095,M1,1,0,Cell Type Signatures,7,ZHONG PFC C8 UNKNOWN NEUROD2 POS INTERNEURON,,-6.2,9.1,8.1,30284,84,357,9,2.5,0.83,2051|3097|4915|5295|5796|54715|55294|59283|83988,EPHB6|HIVEP2|NTRK2|PIK3R1|PTPRK|RBFOX1|FBXW7|CACNG8|NCALD,-4,0
1,-6.1,M39262,M1,1,0,Cell Type Signatures,7,HU FETAL RETINA BIPOLAR,,-6.1,8.9,8,30284,86,357,9,2.5,0.83,490|816|1152|6616|8618|9699|151126|157627|100130155,ATP2B1|CAMK2B|CKB|SNAP25|CADPS|RIMS2|ZNF385B|MIR124-1HG|MIR124-2HG,-3.9,0
1,-5.9,M40149,M1,1,0,Cell Type Signatures,7,DESCARTES FETAL ADRENAL SYMPATHOBLASTS,,-5.9,7.3,7.4,30284,117,357,10,2.8,0.87,1113|2554|3763|5126|25769|148641|151258|283455|388662|401145,CHGA|GABRA1|KCNJ6|PCSK2|SLC24A2|SLC35F3|SLC38A11|KSR2|SLC6A17|CCSER1,-3.8,0
1,-5.8,M40153,M1,1,0,Cell Type Signatures,7,DESCARTES FETAL ADRENAL CHROMAFFIN CELLS,,-5.8,7.1,7.3,30284,119,357,10,2.8,0.87,1993|2070|4131|22895|23072|51555|54715|120114|204962|222537,ELAVL2|EYA4|MAP1B|RPH3A|HECW1|PEX5L|RBFOX1|FAT3|SLC44A5|HS3ST5,-3.7,0
1,-5.6,M39219,M1,1,0,Cell Type Signatures,7,ZHENG CORD BLOOD C10 MULTILYMPHOID PROGENITOR,,-5.6,7.9,7.4,30284,97,357,9,2.5,0.83,4205|5295|5579|6304|9267|23389|26031|26040|51466,MEF2A|PIK3R1|PRKCB|SATB1|CYTH1|MED13L|OSBPL3|SETBP1|EVL,-3.6,0
1,-5.6,M40018,M1,1,0,Cell Type Signatures,7,BUSSLINGER GASTRIC G CELLS,,-5.6,7.8,7.4,30284,98,357,9,2.5,0.83,1958|4131|4212|5122|5126|6653|8618|8622|375449,EGR1|MAP1B|MEIS2|PCSK1|PCSK2|SORL1|CADPS|PDE8B|MAST4,-3.5,0
1,-5.6,M39242,M1,1,0,Cell Type Signatures,7,LAKE ADULT KIDNEY C23 ENDOTHELIAL CELLS AVR,,-5.6,6.7,7,30284,126,357,10,2.8,0.87,2597|4205|4212|5937|8997|9079|9987|23092|50807|79750,GAPDH|MEF2A|MEIS2|RBMS1|KALRN|LDB2|HNRNPDL|ARHGAP26|ASAP1|ZNF385D,-3.5,0
1,-5.5,M41658,M1,1,0,Cell Type Signatures,7,TRAVAGLINI LUNG NEUROENDOCRINE CELL,,-5.5,6.6,7,30284,128,357,10,2.8,0.87,816|1996|4045|4131|5122|5126|6616|9118|9515|9699,CAMK2B|ELAVL4|LSAMP|MAP1B|PCSK1|PCSK2|SNAP25|INA|STXBP5L|RIMS2,-3.5,0
1,-5.5,M39050,M1,1,0,Cell Type Signatures,7,MANNO MIDBRAIN NEUROTYPES HPERIC,,-5.5,2.8,5.5,30284,795,357,26,7.3,1.4,483|785|1290|1958|2744|2908|2977|3908|3910|4208|4978|5205|5579|5796|5937|6546|8404|8516|8622|9771|10580|22936|23092|54997|56341|151258,ATP1B3|CACNB4|COL5A2|EGR1|GLS|NR3C1|GUCY1A2|LAMA2|LAMA4|MEF2C|OPCML|ATP8B1|PRKCB|PTPRK|RBMS1|SLC8A1|SPARCL1|ITGA8|PDE8B|RAPGEF5|SORBS1|ELL2|ARHGAP26|TESC|PRMT8|SLC38A11,-3.4,0
1,-5.4,M40270,M1,1,0,Cell Type Signatures,7,DESCARTES FETAL PANCREAS ENS NEURONS,,-5.4,5.7,6.6,30284,163,357,11,3.1,0.91,1826|1996|3084|4131|9118|9723|9783|23072|23245|140767|348980,DSCAM|ELAVL4|NRG1|MAP1B|INA|SEMA3E|RIMS3|HECW1|ASTN2|NRSN1|HCN1,-3.4,0
1,-5.1,M41678,M1,1,0,Cell Type Signatures,7,TRAVAGLINI LUNG PERICYTE CELL,,-5.1,6.7,6.7,30284,114,357,9,2.5,0.83,1123|2119|2561|2977|7447|8622|23236|54997|80031,CHN1|ETV5|GABRB2|GUCY1A2|VSNL1|PDE8B|PLCB1|TESC|SEMA6D,-3.1,0
1,-5,M40251,M1,1,0,Cell Type Signatures,7,DESCARTES FETAL MUSCLE SCHWANN CELLS,,-5,6.5,6.5,30284,117,357,9,2.5,0.83,3747|4978|5126|8745|27133|56776|114815|161357|259217,KCNC2|OPCML|PCSK2|ADAM23|KCNH5|FMN2|SORCS1|MDGA2|HSPA12A,-3,0
1,-4.9,M39088,M1,1,0,Cell Type Signatures,7,ZHONG PFC C1 NEUROD1 POS EXCITATORY NEURON,,-4.9,16,8.5,30284,26,357,5,1.4,0.62,5796|6620|8618|23414|51299,PTPRK|SNCB|CADPS|ZFPM2|NRN1,-2.9,0
1,-4.8,M39034,M1,1,0,Cell Type Signatures,7,FAN EMBRYONIC CTX ASTROCYTE 2,,-4.8,5.5,6.2,30284,153,357,10,2.8,0.87,818|3709|3910|4915|6095|6489|9806|10418|80031|120114,CAMK2G|ITPR2|LAMA4|NTRK2|RORA|ST8SIA1|SPOCK2|SPON1|SEMA6D|FAT3,-2.9,0
1,-4.8,M39171,M1,1,0,Cell Type Signatures,7,MURARO PANCREAS PANCREATIC POLYPEPTIDE CELL,,-4.8,5.5,6.1,30284,155,357,10,2.8,0.87,1958|2778|3423|4212|6833|9118|9723|22876|83992|221935,EGR1|GNAS|IDS|MEIS2|ABCC8|INA|SEMA3E|INPP5F|CTTNBP2|SDK1,-2.8,0
1,-4.7,M41659,M1,1,0,Cell Type Signatures,7,TRAVAGLINI LUNG ALVEOLAR EPITHELIAL TYPE 1 CELL,,-4.7,3.5,5.4,30284,391,357,16,4.5,1.1,483|1152|1523|2070|2744|4008|9723|9806|10395|10659|22853|23136|27075|59338|64901|80031,ATP1B3|CKB|CUX1|EYA4|GLS|LMO7|SEMA3E|SPOCK2|DLC1|CELF2|LMTK2|EPB41L3|TSPAN13|PLEKHA1|RANBP17|SEMA6D,-2.8,0
1,-4.6,M39127,M1,1,0,Cell Type Signatures,7,AIZARANI LIVER C28 NK NKT CELLS 6,,-4.6,6.9,6.4,30284,99,357,8,2.2,0.78,483|2908|5144|5295|6304|9806|10659|81539,ATP1B3|NR3C1|PDE4D|PIK3R1|SATB1|SPOCK2|CELF2|SLC38A1,-2.7,0
1,-4.6,M39220,M1,1,0,Cell Type Signatures,7,LAKE ADULT KIDNEY C1 EPITHELIAL CELLS UNASSIGNED,,-4.6,14,7.9,30284,30,357,5,1.4,0.62,4212|5789|7704|23136|375449,MEIS2|PTPRD|ZBTB16|EPB41L3|MAST4,-2.7,0
1,-4.6,M39257,M1,1,0,Cell Type Signatures,7,MENON FETAL KIDNEY 7 LOOPOF HENLE CELLS DISTAL,,-4.6,4,5.5,30284,276,357,13,3.6,0.99,476|481|483|1152|1329|2805|4190|4705|4747|5230|5295|5315|10451,ATP1A1|ATP1B1|ATP1B3|CKB|COX5B|GOT1|MDH1|NDUFA10|NEFL|PGK1|PIK3R1|PKM|VAV3,-2.6,0
1,-4.5,M40037,M1,1,0,Cell Type Signatures,7,BUSSLINGER DUODENAL EC CELLS,,-4.5,14,7.7,30284,31,357,5,1.4,0.62,1113|4131|5122|5126|8618,CHGA|MAP1B|PCSK1|PCSK2|CADPS,-2.6,0
1,-4.5,M41711,M1,1,0,Cell Type Signatures,7,FAN OVARY CL9 PUTATIVE APOPTOTIC ENDOTHELIAL CELL,,-4.5,3.5,5.2,30284,365,357,15,4.2,1.1,476|2778|3910|4208|5230|5530|5937|8404|8848|9079|9208|9686|9749|79750|375449,ATP1A1|GNAS|LAMA4|MEF2C|PGK1|PPP3CA|RBMS1|SPARCL1|TSC22D1|LDB2|LRRFIP1|VGLL4|PHACTR2|ZNF385D|MAST4,-2.6,0
1,-4.5,M40083,M1,1,0,Cell Type Signatures,7,DESCARTES MAIN FETAL UNIPOLAR BRUSH CELLS,,-4.5,13,7.6,30284,32,357,5,1.4,0.62,7222|7224|9515|22895|84162,TRPC3|TRPC5|STXBP5L|RPH3A|BLTP1,-2.6,0
1,-4.4,M40291,M1,1,0,Cell Type Signatures,7,DESCARTES FETAL SPLEEN STROMAL CELLS,,-4.4,9.4,6.8,30284,54,357,6,1.7,0.68,4045|5602|5915|8618|63876|286411,LSAMP|MAPK10|RARB|CADPS|PKNOX2|LINC00632,-2.5,0
1,-4.3,M39038,M1,1,0,Cell Type Signatures,7,FAN EMBRYONIC CTX OPC,,-4.3,9.3,6.7,30284,55,357,6,1.7,0.68,6323|6616|27075|54212|120892|222553,SCN1A|SNAP25|TSPAN13|SNTG1|LRRK2|SLC35F1,-2.4,0
1,-4.3,M40248,M1,1,0,Cell Type Signatures,7,DESCARTES FETAL LUNG STROMAL CELLS,,-4.3,9.3,6.7,30284,55,357,6,1.7,0.68,2567|3908|8516|9353|60495|79750,GABRG3|LAMA2|ITGA8|SLIT2|HPSE2|ZNF385D,-2.4,0
1,-4.2,M40208,M1,1,0,Cell Type Signatures,7,DESCARTES FETAL INTESTINE CHROMAFFIN CELLS,,-4.2,6.1,5.9,30284,112,357,8,2.2,0.78,1113|2554|5122|9515|29906|51555|54212|151258,CHGA|GABRA1|PCSK1|STXBP5L|ST8SIA5|PEX5L|SNTG1|SLC38A11,-2.4,0
1,-4.2,M39308,M1,1,0,Cell Type Signatures,7,CUI DEVELOPING HEART TRABECULAR ATRIAL CARDIOMYOCYTE,,-4.2,4.7,5.5,30284,179,357,10,2.8,0.87,476|481|488|4008|5796|6546|25849|80144|81539|84162,ATP1A1|ATP1B1|ATP2A2|LMO7|PTPRK|SLC8A1|PARM1|FRAS1|SLC38A1|BLTP1,-2.4,0
1,-4.2,M40021,M1,1,0,Cell Type Signatures,7,BUSSLINGER GASTRIC OXYNTIC ENTEROCHROMAFFIN LIKE CELLS,,-4.2,7,6,30284,85,357,7,2,0.73,816|1113|5122|6833|7095|9699|26470,CAMK2B|CHGA|PCSK1|ABCC8|SEC62|RIMS2|SEZ6L2,-2.3,0
1,-4.1,M39040,M1,1,0,Cell Type Signatures,7,FAN EMBRYONIC CTX BRAIN ENDOTHELIAL 2,,-4.1,3.6,5,30284,303,357,13,3.6,0.99,1290|2977|3708|3908|3910|5325|5796|8404|8622|9749|10395|54997|151258,COL5A2|GUCY1A2|ITPR1|LAMA2|LAMA4|PLAGL1|PTPRK|SPARCL1|PDE8B|PHACTR2|DLC1|TESC|SLC38A11,-2.3,0
1,-4.1,M41668,M1,1,0,Cell Type Signatures,7,TRAVAGLINI LUNG BRONCHIAL VESSEL 1 CELL,,-4.1,4.2,5.2,30284,224,357,11,3.1,0.91,1958|4208|5530|6138|8404|9891|27075|51466|54997|79750|154661,EGR1|MEF2C|PPP3CA|RPL15|SPARCL1|NUAK1|TSPAN13|EVL|TESC|ZNF385D|RUNDC3B,-2.3,0
1,-4.1,M39244,M1,1,0,Cell Type Signatures,7,LAKE ADULT KIDNEY C25 ENDOTHELIAL CELLS UNASSIGNED,,-4.1,11,6.8,30284,38,357,5,1.4,0.62,1946|5530|8997|9079|50807,EFNA5|PPP3CA|KALRN|LDB2|ASAP1,-2.2,0
1,-4,M40170,M1,1,0,Cell Type Signatures,7,DESCARTES FETAL CEREBRUM SKOR2 NPSR1 POSITIVE CELLS,,-4,6.7,5.9,30284,89,357,7,2,0.73,3708|5121|6095|7222|56341|79750|259217,ITPR1|PCP4|RORA|TRPC3|PRMT8|ZNF385D|HSPA12A,-2.2,0
1,-4,M40240,M1,1,0,Cell Type Signatures,7,DESCARTES FETAL LUNG NEUROENDOCRINE CELLS,,-4,6.7,5.9,30284,89,357,7,2,0.73,1113|3763|5122|6833|151258|283455|388662,CHGA|KCNJ6|PCSK1|ABCC8|SLC38A11|KSR2|SLC6A17,-2.2,0
1,-4,M39228,M1,1,0,Cell Type Signatures,7,LAKE ADULT KIDNEY C9 THIN ASCENDING LIMB,,-4,3.8,5,30284,268,357,12,3.4,0.95,1982|2597|2778|4673|5230|5315|6138|9987|10451|10983|54940|59338,EIF4G2|GAPDH|GNAS|NAP1L1|PGK1|PKM|RPL15|HNRNPDL|VAV3|CCNI|OCIAD1|PLEKHA1,-2.2,0
1,-4,M39250,M1,1,0,Cell Type Signatures,7,MENON FETAL KIDNEY 0 CAP MESENCHYME CELLS,,-4,6.6,5.8,30284,90,357,7,2,0.73,1523|1602|3910|4212|4673|4915|8516,CUX1|DACH1|LAMA4|MEIS2|NAP1L1|NTRK2|ITGA8,-2.2,0
1,-4,M39202,M1,1,0,Cell Type Signatures,7,HAY BONE MARROW NAIVE T CELL,,-4,3.2,4.8,30284,403,357,15,4.2,1.1,4747|5295|6095|6304|9267|9648|9806|9840|51466|54737|81539|114804|125488|378805|387357,NEFL|PIK3R1|RORA|SATB1|CYTH1|GCC2|SPOCK2|TESPA1|EVL|MPHOSPH8|SLC38A1|RNF157|TTC39C|LINC-PINT|THEMIS,-2.2,0
1,-4,M39037,M1,1,0,Cell Type Signatures,7,FAN EMBRYONIC CTX OLIG,,-4,2.5,4.5,30284,754,357,22,6.2,1.3,481|2788|2805|2903|4249|5121|5412|5789|7799|9638|9771|9891|22891|22936|23136|25769|51555|57732|59338|84448|130733|144165,ATP1B1|GNG7|GOT1|GRIN2A|MGAT5|PCP4|UBL3|PTPRD|PRDM2|FEZ1|RAPGEF5|NUAK1|ZNF365|ELL2|EPB41L3|SLC24A2|PEX5L|ZFYVE28|PLEKHA1|ABLIM2|TMEM178A|PRICKLE1,-2.2,0
1,-3.9,M40292,M1,1,0,Cell Type Signatures,7,DESCARTES FETAL SPLEEN MESOTHELIAL CELLS,,-3.9,4.4,5.1,30284,195,357,10,2.8,0.87,1958|1993|2051|2903|9315|9806|9912|56776|147381|203859,EGR1|ELAVL2|EPHB6|GRIN2A|NREP|SPOCK2|ARHGAP44|FMN2|CBLN2|ANO5,-2.1,0
1,-3.9,M39237,M1,1,0,Cell Type Signatures,7,LAKE ADULT KIDNEY C18 COLLECTING DUCT PRINCIPAL CELLS MEDULLA,,-3.9,3.4,4.8,30284,322,357,13,3.6,0.99,481|1982|2597|2778|4673|5230|5315|6138|7095|9987|10983|59338|81539,ATP1B1|EIF4G2|GAPDH|GNAS|NAP1L1|PGK1|PKM|RPL15|SEC62|HNRNPDL|CCNI|PLEKHA1|SLC38A1,-2.1,0
1,-3.7,M39254,M1,1,0,Cell Type Signatures,7,MENON FETAL KIDNEY 4 PODOCYTES,,-3.7,4.1,4.9,30284,206,357,10,2.8,0.87,1602|4915|5789|5937|7095|9208|9806|22854|51466|54737,DACH1|NTRK2|PTPRD|RBMS1|SEC62|LRRFIP1|SPOCK2|NTNG1|EVL|MPHOSPH8,-2,0
1,-3.7,M39268,M1,1,0,Cell Type Signatures,7,HU FETAL RETINA PHOTORECEPTOR,,-3.7,7.2,5.7,30284,71,357,6,1.7,0.68,816|1152|6616|8618|9699|157627,CAMK2B|CKB|SNAP25|CADPS|RIMS2|MIR124-1HG,-1.9,0
1,-3.6,M40305,M1,1,0,Cell Type Signatures,7,DESCARTES FETAL STOMACH ENS NEURONS,,-3.6,6.9,5.5,30284,74,357,6,1.7,0.68,1826|1996|9118|10777|200150|348980,DSCAM|ELAVL4|INA|ARPP21|PLD5|HCN1,-1.8,0
1,-3.6,M39317,M1,1,0,Cell Type Signatures,7,CUI DEVELOPING HEART CARDIAC FIBROBLASTS,,-3.6,5.6,5.2,30284,106,357,7,2,0.73,488|664|2257|2597|2805|4190|5315,ATP2A2|BNIP3|FGF12|GAPDH|GOT1|MDH1|PKM,-1.8,0
1,-3.6,M39097,M1,1,0,Cell Type Signatures,7,ZHONG PFC C2 THY1 POS OPC,,-3.6,13,6.6,30284,27,357,4,1.1,0.56,3910|22854|54212|120892,LAMA4|NTNG1|SNTG1|LRRK2,-1.8,0
1,-3.5,M41716,M1,1,0,Cell Type Signatures,7,FAN OVARY CL14 MATURE SMOOTH MUSCLE CELL,,-3.5,3.3,4.5,30284,306,357,12,3.4,0.95,1152|1329|1958|2778|4131|4190|4208|4915|8404|8848|10231|10983,CKB|COX5B|EGR1|GNAS|MAP1B|MDH1|MEF2C|NTRK2|SPARCL1|TSC22D1|RCAN2|CCNI,-1.8,0
1,-3.5,M40017,M1,1,0,Cell Type Signatures,7,BUSSLINGER GASTRIC D CELLS,,-3.5,12,6.4,30284,28,357,4,1.1,0.56,816|1958|4131|5126,CAMK2B|EGR1|MAP1B|PCSK2,-1.8,0
1,-3.5,M39055,M1,1,0,Cell Type Signatures,7,MANNO MIDBRAIN NEUROTYPES HRGL2A,,-3.5,2.5,4.2,30284,600,357,18,5,1.2,491|1958|2185|2788|3709|3910|4784|4915|5412|6310|6323|8404|9201|10580|114880|120114|120892|642987,ATP2B2|EGR1|PTK2B|GNG7|ITPR2|LAMA4|NFIX|NTRK2|UBL3|ATXN1|SCN1A|SPARCL1|DCLK1|SORBS1|OSBPL6|FAT3|LRRK2|TMEM232,-1.8,0
1,-3.5,M39225,M1,1,0,Cell Type Signatures,7,LAKE ADULT KIDNEY C6 PROXIMAL TUBULE EPITHELIAL CELLS FIBRINOGEN POS S3,,-3.5,4.2,4.7,30284,181,357,9,2.5,0.83,1508|3084|5796|54940|55605|59338|120892|152330|375449,CTSB|NRG1|PTPRK|OCIAD1|KIF21A|PLEKHA1|LRRK2|CNTN4|MAST4,-1.7,0
1,-3.5,M41691,M1,1,0,Cell Type Signatures,7,TRAVAGLINI LUNG PLATELET MEGAKARYOCYTE CELL,,-3.5,2.5,4.1,30284,604,357,18,5,1.2,664|1211|1982|2597|2778|4673|4900|5315|6324|8848|9628|10367|23105|23261|50807|51390|114880|117178,BNIP3|CLTA|EIF4G2|GAPDH|GNAS|NAP1L1|NRGN|PKM|SCN1B|TSC22D1|RGS6|MICU1|FSTL4|CAMTA1|ASAP1|AIG1|OSBPL6|SSX2IP,-1.7,0
1,-3.4,M39312,M1,1,0,Cell Type Signatures,7,CUI DEVELOPING HEART 5TH WEEK VENTRICULAR CARDIOMYOCYTE,,-3.4,6.3,5.2,30284,81,357,6,1.7,0.68,488|7447|8622|9638|54997|151126,ATP2A2|VSNL1|PDE8B|FEZ1|TESC|ZNF385B,-1.7,0
1,-3.4,M39062,M1,1,0,Cell Type Signatures,7,MANNO MIDBRAIN NEUROTYPES HNPROG,,-3.4,3.7,4.5,30284,229,357,10,2.8,0.87,1993|1996|5126|8618|23359|51299|55294|56341|56776|79698,ELAVL2|ELAVL4|PCSK2|CADPS|ENTREP2|NRN1|FBXW7|PRMT8|FMN2|ZMAT4,-1.6,0
1,-3.4,M41669,M1,1,0,Cell Type Signatures,7,TRAVAGLINI LUNG BRONCHIAL VESSEL 2 CELL,,-3.4,3.4,4.4,30284,272,357,11,3.1,0.91,483|1958|1982|4208|5230|8404|8848|9987|10395|27075|154661,ATP1B3|EGR1|EIF4G2|MEF2C|PGK1|SPARCL1|TSC22D1|HNRNPDL|DLC1|TSPAN13|RUNDC3B,-1.6,0
1,-3.4,M41700,M1,1,0,Cell Type Signatures,7,TRAVAGLINI LUNG OLR1 CLASSICAL MONOCYTE CELL,,-3.4,2.3,4,30284,726,357,20,5.6,1.2,476|483|488|490|526|1508|1523|1982|2181|2597|3097|5230|5315|5937|10645|22936|23001|23136|50807|342184,ATP1A1|ATP1B3|ATP2A2|ATP2B1|ATP6V1B2|CTSB|CUX1|EIF4G2|ACSL3|GAPDH|HIVEP2|PGK1|PKM|RBMS1|CAMKK2|ELL2|WDFY3|EPB41L3|ASAP1|FMN1,-1.6,0
1,-3.3,M39243,M1,1,0,Cell Type Signatures,7,LAKE ADULT KIDNEY C24 ENDOTHELIAL CELLS AEA AND DVR,,-3.3,4.5,4.7,30284,152,357,8,2.2,0.78,4205|4208|4212|6138|9079|9475|23092|23236,MEF2A|MEF2C|MEIS2|RPL15|LDB2|ROCK2|ARHGAP26|PLCB1,-1.6,0
1,-3.2,M40233,M1,1,0,Cell Type Signatures,7,DESCARTES FETAL LIVER STELLATE CELLS,,-3.2,4.3,4.5,30284,159,357,8,2.2,0.78,2977|3908|7222|8516|63876|120114|161357|286411,GUCY1A2|LAMA2|TRPC3|ITGA8|PKNOX2|FAT3|MDGA2|LINC00632,-1.5,0
1,-3.2,M40280,M1,1,0,Cell Type Signatures,7,DESCARTES FETAL PLACENTA SMOOTH MUSCLE CELLS,,-3.2,5.7,4.8,30284,90,357,6,1.7,0.68,2977|6833|7222|9912|23236|152330,GUCY1A2|ABCC8|TRPC3|ARHGAP44|PLCB1|CNTN4,-1.5,0
1,-3.1,M39299,M1,1,0,Cell Type Signatures,7,CUI DEVELOPING HEART C2 CARDIOMYOCYTE,,-3.1,5.6,4.8,30284,91,357,6,1.7,0.68,664|2257|2805|4190|6546|23281,BNIP3|FGF12|GOT1|MDH1|SLC8A1|MTUS2,-1.4,0
1,-3.1,M39132,M1,1,0,Cell Type Signatures,7,AIZARANI LIVER C33 STELLATE CELLS 2,,-3.1,4.7,4.6,30284,126,357,7,2,0.73,483|2778|4131|8404|8848|10231|10395,ATP1B3|GNAS|MAP1B|SPARCL1|TSC22D1|RCAN2|DLC1,-1.4,0
1,-3.1,M39121,M1,1,0,Cell Type Signatures,7,AIZARANI LIVER C20 LSECS 3,,-3.1,3.2,4.1,30284,295,357,11,3.1,0.91,4131|5937|9079|9475|9771|10395|10580|23092|23236|50807|375449,MAP1B|RBMS1|LDB2|ROCK2|RAPGEF5|DLC1|SORBS1|ARHGAP26|PLCB1|ASAP1|MAST4,-1.4,0
1,-3,M40263,M1,1,0,Cell Type Signatures,7,DESCARTES FETAL PANCREAS ISLET ENDOCRINE CELLS,,-3,4,4.3,30284,168,357,8,2.2,0.78,1113|3763|5122|5126|6000|6833|9515|57512,CHGA|KCNJ6|PCSK1|PCSK2|RGS7|ABCC8|STXBP5L|GPR158,-1.4,0
1,-3,M40014,M1,1,0,Cell Type Signatures,7,BUSSLINGER GASTRIC PARIETAL CELLS,,-3,3.3,4.1,30284,254,357,10,2.8,0.87,481|1152|1329|2597|2805|4190|4705|4719|5315|5412,ATP1B1|CKB|COX5B|GAPDH|GOT1|MDH1|NDUFA10|NDUFS1|PKM|UBL3,-1.4,0
1,-3,M40316,M1,1,0,Cell Type Signatures,7,DESCARTES FETAL THYMUS VASCULAR ENDOTHELIAL CELLS,,-3,4.5,4.4,30284,131,357,7,2,0.73,4306|8997|9079|9628|9891|51299|728215,NR3C2|KALRN|LDB2|RGS6|NUAK1|NRN1|NALF1,-1.4,0
1,-3,M39167,M1,1,0,Cell Type Signatures,7,GAO LARGE INTESTINE ADULT CJ IMMUNE CELLS,,-3,2.5,3.8,30284,505,357,15,4.2,1.1,1290|3708|3910|4131|4212|5602|5937|8404|9079|9891|10395|50807|79659|154661|201134,COL5A2|ITPR1|LAMA4|MAP1B|MEIS2|MAPK10|RBMS1|SPARCL1|LDB2|NUAK1|DLC1|ASAP1|DYNC2H1|RUNDC3B|CEP112,-1.3,0
1,-2.9,M39152,M1,1,0,Cell Type Signatures,7,GAO LARGE INTESTINE 24W C1 DCLK1POS PROGENITOR,,-2.9,5.1,4.5,30284,99,357,6,1.7,0.68,1290|3908|5325|5602|10418|144165,COL5A2|LAMA2|PLAGL1|MAPK10|SPON1|PRICKLE1,-1.3,0
1,-2.9,M39265,M1,1,0,Cell Type Signatures,7,HU FETAL RETINA HORIZONTAL,,-2.9,8.5,5.2,30284,40,357,4,1.1,0.56,6096|9118|157627|100130155,RORB|INA|MIR124-1HG|MIR124-2HG,-1.3,0
1,-2.9,M39158,M1,1,0,Cell Type Signatures,7,GAO LARGE INTESTINE 24W C8 GOBLET CELL,,-2.9,8.3,5.1,30284,41,357,4,1.1,0.56,1113|6653|22874|23613,CHGA|SORL1|PLEKHA6|ZMYND8,-1.2,0
1,-2.8,M41652,M1,1,0,Cell Type Signatures,7,TRAVAGLINI LUNG PROXIMAL BASAL CELL,,-2.8,2.3,3.6,30284,629,357,17,4.8,1.1,483|1159|1211|1329|1508|2597|4190|4212|4673|4705|5230|5315|6138|8848|10451|10983|55605,ATP1B3|CKMT1B|CLTA|COX5B|CTSB|GAPDH|MDH1|MEIS2|NAP1L1|NDUFA10|PGK1|PKM|RPL15|TSC22D1|VAV3|CCNI|KIF21A,-1.2,0
1,-2.8,M39114,M1,1,0,Cell Type Signatures,7,AIZARANI LIVER C10 MVECS 1,,-2.8,3.2,3.9,30284,269,357,10,2.8,0.87,2778|4212|8404|8848|9079|9891|10395|50807|51299|375449,GNAS|MEIS2|SPARCL1|TSC22D1|LDB2|NUAK1|DLC1|ASAP1|NRN1|MAST4,-1.2,0
1,-2.8,M41747,M1,1,0,Cell Type Signatures,7,RUBENSTEIN SKELETAL MUSCLE PCV ENDOTHELIAL CELLS,,-2.8,3.4,3.9,30284,225,357,9,2.5,0.83,1211|4673|6138|8404|9079|9208|9891|10983|51299,CLTA|NAP1L1|RPL15|SPARCL1|LDB2|LRRFIP1|NUAK1|CCNI|NRN1,-1.2,0
1,-2.8,M41661,M1,1,0,Cell Type Signatures,7,TRAVAGLINI LUNG SIGNALING ALVEOLAR EPITHELIAL TYPE 2 CELL,,-2.8,6,4.6,30284,71,357,5,1.4,0.62,2119|10395|25849|120892|151126,ETV5|DLC1|PARM1|LRRK2|ZNF385B,-1.2,0
1,-2.8,M41683,M1,1,0,Cell Type Signatures,7,TRAVAGLINI LUNG CD4 MEMORY EFFECTOR T CELL,,-2.8,6,4.6,30284,71,357,5,1.4,0.62,6095|9806|51466|81539|125488,RORA|SPOCK2|EVL|SLC38A1|TTC39C,-1.2,0
1,-2.8,M41744,M1,1,0,Cell Type Signatures,7,RUBENSTEIN SKELETAL MUSCLE PERICYTES,,-2.8,4.1,4.1,30284,144,357,7,2,0.73,1329|2597|4190|4208|8404|10395|54997,COX5B|GAPDH|MDH1|MEF2C|SPARCL1|DLC1|TESC,-1.2,0
1,-2.7,M39074,M1,1,0,Cell Type Signatures,7,ZHONG PFC MAJOR TYPES ASTROCYTES,,-2.7,2.9,3.7,30284,325,357,11,3.1,0.91,818|2119|2788|3709|4915|5325|5412|8404|9749|10418|80031,CAMK2G|ETV5|GNG7|ITPR2|NTRK2|PLAGL1|UBL3|SPARCL1|PHACTR2|SPON1|SEMA6D,-1.1,0
1,-2.7,M39238,M1,1,0,Cell Type Signatures,7,LAKE ADULT KIDNEY C19 COLLECTING DUCT INTERCALATED CELLS TYPE A MEDULLA,,-2.7,2.9,3.7,30284,326,357,11,3.1,0.91,481|1329|2597|2778|4190|5230|5315|6138|7095|10231|81539,ATP1B1|COX5B|GAPDH|GNAS|MDH1|PGK1|PKM|RPL15|SEC62|RCAN2|SLC38A1,-1.1,0
1,-2.7,M39099,M1,1,0,Cell Type Signatures,7,ZHONG PFC C4 PTGDS POS OPC,,-2.7,4,4,30284,147,357,7,2,0.73,2903|3709|4045|8745|9781|55691|59338,GRIN2A|ITPR2|LSAMP|ADAM23|RNF144A|FRMD4A|PLEKHA1,-1.1,0
1,-2.7,M39321,M1,1,0,Cell Type Signatures,7,CUI DEVELOPING HEART VASCULAR ENDOTHELIAL CELL,,-2.7,3.5,3.8,30284,193,357,8,2.2,0.78,1152|1290|1946|4212|4784|8848|26470|147381,CKB|COL5A2|EFNA5|MEIS2|NFIX|TSC22D1|SEZ6L2|CBLN2,-1.1,0
1,-2.7,M39264,M1,1,0,Cell Type Signatures,7,HU FETAL RETINA FIBROBLAST,,-2.7,2.6,3.5,30284,385,357,12,3.4,0.95,1290|1958|2135|2908|3910|4208|5915|5937|9475|10395|10418|55691,COL5A2|EGR1|EXTL2|NR3C1|LAMA4|MEF2C|RARB|RBMS1|ROCK2|DLC1|SPON1|FRMD4A,-1.1,0
1,-2.6,M39054,M1,1,0,Cell Type Signatures,7,MANNO MIDBRAIN NEUROTYPES HRGL2B,,-2.6,2.5,3.5,30284,440,357,13,3.6,0.99,481|491|1958|2788|3709|4784|4915|5412|6323|8404|90161|114880|120114,ATP1B1|ATP2B2|EGR1|GNG7|ITPR2|NFIX|NTRK2|UBL3|SCN1A|SPARCL1|HS6ST2|OSBPL6|FAT3,-1,0
1,-2.6,M41680,M1,1,0,Cell Type Signatures,7,TRAVAGLINI LUNG B CELL,,-2.6,3.8,3.9,30284,155,357,7,2,0.73,2788|4208|5579|6138|27075|55342|60468,GNG7|MEF2C|PRKCB|RPL15|TSPAN13|STRBP|BACH2,-1,0
1,-2.6,M40286,M1,1,0,Cell Type Signatures,7,DESCARTES FETAL PLACENTA MEGAKARYOCYTES,,-2.6,3.4,3.7,30284,200,357,8,2.2,0.78,4900|5579|8555|9628|23613|23762|26034|134957,NRGN|PRKCB|CDC14B|RGS6|ZMYND8|OSBP2|IPCEF1|STXBP5,-1,0
1,-2.6,M39105,M1,1,0,Cell Type Signatures,7,AIZARANI LIVER C1 NK NKT CELLS 1,,-2.6,3.8,3.8,30284,157,357,7,2,0.73,5295|5579|10123|10659|26034|51466|81539,PIK3R1|PRKCB|ARL4C|CELF2|IPCEF1|EVL|SLC38A1,-1,0
1,-2.6,M39253,M1,1,0,Cell Type Signatures,7,MENON FETAL KIDNEY 3 STROMAL CELLS,,-2.6,5.2,4.2,30284,81,357,5,1.4,0.62,490|1290|2778|4212|23768,ATP2B1|COL5A2|GNAS|MEIS2|FLRT2,-1,0
1,-2.5,M40296,M1,1,0,Cell Type Signatures,7,DESCARTES FETAL STOMACH NEUROENDOCRINE CELLS,,-2.5,6.8,4.5,30284,50,357,4,1.1,0.56,1113|5122|9758|151258,CHGA|PCSK1|FRMPD4|SLC38A11,-0.98,0
1,-2.5,M40260,M1,1,0,Cell Type Signatures,7,DESCARTES FETAL MUSCLE LYMPHOID CELLS,,-2.5,4.2,3.9,30284,120,357,6,1.7,0.68,6653|7704|9840|10123|56479|387357,SORL1|ZBTB16|TESPA1|ARL4C|KCNQ5|THEMIS,-0.96,0
1,-2.5,M41714,M1,1,0,Cell Type Signatures,7,FAN OVARY CL12 T LYMPHOCYTE NK CELL 2,,-2.5,3.7,3.7,30284,161,357,7,2,0.73,483|2908|5230|5315|6095|9208|9806,ATP1B3|NR3C1|PGK1|PKM|RORA|LRRFIP1|SPOCK2,-0.95,0
1,-2.5,M39107,M1,1,0,Cell Type Signatures,7,AIZARANI LIVER C3 NK NKT CELLS 2,,-2.5,3.7,3.7,30284,162,357,7,2,0.73,6095|6304|9806|10123|10659|81539|387357,RORA|SATB1|SPOCK2|ARL4C|CELF2|SLC38A1|THEMIS,-0.94,0
1,-2.5,M39150,M1,1,0,Cell Type Signatures,7,GAO SMALL INTESTINE 24W C7 SECRETORY PROGENITOR,,-2.5,6.5,4.4,30284,52,357,4,1.1,0.56,785|2561|151126|348980,CACNB4|GABRB2|ZNF385B|HCN1,-0.93,0
1,-2.5,M39113,M1,1,0,Cell Type Signatures,7,AIZARANI LIVER C9 LSECS 1,,-2.5,2.8,3.4,30284,304,357,10,2.8,0.87,4131|4208|5937|9079|9749|9771|9891|10395|23092|50807,MAP1B|MEF2C|RBMS1|LDB2|PHACTR2|RAPGEF5|NUAK1|DLC1|ARHGAP26|ASAP1,-0.91,0
1,-2.5,M40164,M1,1,0,Cell Type Signatures,7,DESCARTES FETAL CEREBELLUM PURKINJE NEURONS,,-2.5,4.9,4,30284,86,357,5,1.4,0.62,3708|6095|9723|56341|259217,ITPR1|RORA|SEMA3E|PRMT8|HSPA12A,-0.91,0
1,-2.4,M41671,M1,1,0,Cell Type Signatures,7,TRAVAGLINI LUNG AIRWAY SMOOTH MUSCLE CELL,,-2.4,3.6,3.6,30284,166,357,7,2,0.73,818|4131|4208|4900|10231|10580|81539,CAMK2G|MAP1B|MEF2C|NRGN|RCAN2|SORBS1|SLC38A1,-0.89,0
1,-2.4,M40203,M1,1,0,Cell Type Signatures,7,DESCARTES FETAL HEART VISCERAL NEURONS,,-2.4,4.9,4,30284,87,357,5,1.4,0.62,1993|1996|2070|3756|23245,ELAVL2|ELAVL4|EYA4|KCNH1|ASTN2,-0.89,0
1,-2.4,M40118,M1,1,0,Cell Type Signatures,7,DESCARTES MAIN FETAL MESANGIAL CELLS,,-2.4,9.4,4.8,30284,27,357,3,0.84,0.48,23768|55809|144165,FLRT2|TRERF1|PRICKLE1,-0.88,0
1,-2.4,M39166,M1,1,0,Cell Type Signatures,7,GAO LARGE INTESTINE ADULT CI MESENCHYMAL CELLS,,-2.4,2.6,3.3,30284,361,357,11,3.1,0.91,664|2788|2908|4208|5218|5579|8516|9806|26031|113263|378805,BNIP3|GNG7|NR3C1|MEF2C|CDK14|PRKCB|ITGA8|SPOCK2|OSBPL3|GLCCI1|LINC-PINT,-0.87,0
1,-2.4,M40005,M1,1,0,Cell Type Signatures,7,BUSSLINGER ESOPHAGEAL DENDRITIC CELLS,,-2.4,3.2,3.5,30284,214,357,8,2.2,0.78,490|2185|4673|5579|10123|10659|10983|25849,ATP2B1|PTK2B|NAP1L1|PRKCB|ARL4C|CELF2|CCNI|PARM1,-0.86,0
1,-2.4,M39128,M1,1,0,Cell Type Signatures,7,AIZARANI LIVER C29 MVECS 2,,-2.4,2.7,3.3,30284,313,357,10,2.8,0.87,476|483|2778|8404|8848|9079|10395|50807|51299|375449,ATP1A1|ATP1B3|GNAS|SPARCL1|TSC22D1|LDB2|DLC1|ASAP1|NRN1|MAST4,-0.84,0
1,-2.4,M39089,M1,1,0,Cell Type Signatures,7,ZHONG PFC C2 SOX5 BCL11B POS EXCITATORY NEURON,,-2.4,9.1,4.7,30284,28,357,3,0.84,0.48,4008|4045|7447,LMO7|LSAMP|VSNL1,-0.84,0
1,-2.3,M39079,M1,1,0,Cell Type Signatures,7,ZHONG PFC MAJOR TYPES OPC,,-2.3,4.7,3.8,30284,91,357,5,1.4,0.62,2119|2788|4045|6323|222553,ETV5|GNG7|LSAMP|SCN1A|SLC35F1,-0.83,0
1,-2.3,M40290,M1,1,0,Cell Type Signatures,7,DESCARTES FETAL SPLEEN VASCULAR ENDOTHELIAL CELLS,,-2.3,6,4.1,30284,57,357,4,1.1,0.56,2257|9771|54212|442213,FGF12|RAPGEF5|SNTG1|PTCHD4,-0.82,0
1,-2.3,M39111,M1,1,0,Cell Type Signatures,7,AIZARANI LIVER C7 EPCAM POS BILE DUCT CELLS 2,,-2.3,3.1,3.4,30284,219,357,8,2.2,0.78,476|481|1152|1958|5789|5796|54997|104472715,ATP1A1|ATP1B1|CKB|EGR1|PTPRD|PTPRK|TESC|SNHG14,-0.82,0
1,-2.3,M40082,M1,1,0,Cell Type Signatures,7,DESCARTES MAIN FETAL OLIGODENDROCYTES,,-2.3,5.9,4,30284,58,357,4,1.1,0.56,4978|6323|9781|22891,OPCML|SCN1A|RNF144A|ZNF365,-0.8,0
1,-2.3,M39124,M1,1,0,Cell Type Signatures,7,AIZARANI LIVER C23 KUPFFER CELLS 3,,-2.3,3.1,3.4,30284,221,357,8,2.2,0.78,490|526|1508|2185|5315|5579|9208|120892,ATP2B1|ATP6V1B2|CTSB|PTK2B|PKM|PRKCB|LRRFIP1|LRRK2,-0.8,0
1,-2.3,M39133,M1,1,0,Cell Type Signatures,7,AIZARANI LIVER C34 MHC II POS B CELLS,,-2.3,3.8,3.5,30284,134,357,6,1.7,0.68,490|2788|4673|5579|9922|60468,ATP2B1|GNG7|NAP1L1|PRKCB|IQSEC1|BACH2,-0.78,0
1,-2.3,M41660,M1,1,0,Cell Type Signatures,7,TRAVAGLINI LUNG ALVEOLAR EPITHELIAL TYPE 2 CELL,,-2.3,3.7,3.5,30284,136,357,6,1.7,0.68,2119|4900|5923|25849|120892|151126,ETV5|NRGN|RASGRF1|PARM1|LRRK2|ZNF385B,-0.75,0
1,-2.2,M41689,M1,1,0,Cell Type Signatures,7,TRAVAGLINI LUNG BASOPHIL MAST 1 CELL,,-2.2,2.8,3.2,30284,276,357,9,2.5,0.83,1958|3423|4212|8848|9840|10395|54997|83992|375449,EGR1|IDS|MEIS2|TSC22D1|TESPA1|DLC1|TESC|CTTNBP2|MAST4,-0.74,0
1,-2.2,M39039,M1,1,0,Cell Type Signatures,7,FAN EMBRYONIC CTX BRAIN ENDOTHELIAL 1,,-2.2,2.3,3,30284,440,357,12,3.4,0.95,1290|1602|3910|8404|8848|9771|9806|10395|10580|55074|154661|201134,COL5A2|DACH1|LAMA4|SPARCL1|TSC22D1|RAPGEF5|SPOCK2|DLC1|SORBS1|OXR1|RUNDC3B|CEP112,-0.71,0
1,-2.2,M39218,M1,1,0,Cell Type Signatures,7,ZHENG CORD BLOOD C9 GRANULOCYTE MACROPHAGE PROGENITOR,,-2.2,4.2,3.5,30284,100,357,5,1.4,0.62,490|2597|4673|5295|9208,ATP2B1|GAPDH|NAP1L1|PIK3R1|LRRFIP1,-0.69,0
1,-2.2,M39198,M1,1,0,Cell Type Signatures,7,HAY BONE MARROW FOLLICULAR B CELL,,-2.2,3.6,3.4,30284,142,357,6,1.7,0.68,2788|4208|7799|10418|26040|151258,GNG7|MEF2C|PRDM2|SPON1|SETBP1|SLC38A11,-0.68,0
1,-2.1,M41651,M1,1,0,Cell Type Signatures,7,TRAVAGLINI LUNG BASAL CELL,,-2.1,3.2,3.2,30284,188,357,7,2,0.73,1508|1946|2597|4673|6138|7447|8848,CTSB|EFNA5|GAPDH|NAP1L1|RPL15|VSNL1|TSC22D1,-0.67,0
1,-2.1,M39175,M1,1,0,Cell Type Signatures,7,MURARO PANCREAS MESENCHYMAL STROMAL CELL,,-2.1,2,2.9,30284,680,357,16,4.5,1.1,483|1290|1508|2597|2908|2977|3908|3910|4673|5937|6310|9315|9475|10123|10395|10418,ATP1B3|COL5A2|CTSB|GAPDH|NR3C1|GUCY1A2|LAMA2|LAMA4|NAP1L1|RBMS1|ATXN1|NREP|ROCK2|ARL4C|DLC1|SPON1,-0.67,0
1,-2.1,M40094,M1,1,0,Cell Type Signatures,7,DESCARTES MAIN FETAL RETINAL PIGMENT CELLS,,-2.1,3.1,3.2,30284,190,357,7,2,0.73,6310|63876|64901|80036|151258|200150|286205,ATXN1|PKNOX2|RANBP17|TRPM3|SLC38A11|PLD5|SCAI,-0.66,0
1,-2.1,M39296,M1,1,0,Cell Type Signatures,7,DURANTE ADULT OLFACTORY NEUROEPITHELIUM GLOBOSE BASAL CELLS,,-2.1,7.3,4.1,30284,35,357,3,0.84,0.48,1152|1996|4131,CKB|ELAVL4|MAP1B,-0.63,0
1,-2.1,M40008,M1,1,0,Cell Type Signatures,7,BUSSLINGER GASTRIC NECK CELLS,,-2.1,7.1,4,30284,36,357,3,0.84,0.48,1958|2119|79659,EGR1|ETV5|DYNC2H1,-0.61,0
