_MEMBER_hits,_LogP_hits,GO,_PATTERN_,_RANK_,GiniIndex,Category,CategoryID,Description,PARENT_GO,LogP,Enrichment,Z-score,#TotalGeneInLibrary,#GeneInGO,#GeneInHitList,#GeneInGOAndHitList,%InGO,STDV %InGO,GeneID,Hits,Log(q-value),EvidenceCutoff
1,-11,COVID035,M1,1,0,COVID,200,RNA_Sun_Calu-3_0h_Down,,-11,8.4,11,30284,171,357,17,4.8,1.1,4208|4212|5587|5915|9315|10451|23314|51555|55691|57476|80034|140767|144165|151258|284697|440279|642987,MEF2C|MEIS2|PRKD1|RARB|NREP|VAV3|SATB2|PEX5L|FRMD4A|GRAMD1B|CSRNP3|NRSN1|PRICKLE1|SLC38A11|BTBD8|UNC13C|TMEM232,-7.9,0
1,-7.7,COVID024,M1,1,0,COVID,200,RNA_Keller_B-cells-Infected_CD21pos_Up,,-7.7,5.1,7.8,30284,300,357,18,5,1.2,3097|4008|4249|4306|5796|6000|6304|7704|9315|9806|27075|54704|59338|60468|113263|144165|151258|401145,HIVEP2|LMO7|MGAT5|NR3C2|PTPRK|RGS7|SATB1|ZBTB16|NREP|SPOCK2|TSPAN13|PDP1|PLEKHA1|BACH2|GLCCI1|PRICKLE1|SLC38A11|CCSER1,-5.3,0
1,-4.9,COVID053,M1,1,0,COVID,200,RNA_Xiong_PBMC_Down,,-4.9,4.3,5.8,30284,257,357,13,3.6,0.99,1946|3908|4674|9891|10123|10418|22891|55605|57732|59338|83988|84940|378805,EFNA5|LAMA2|NAP1L2|NUAK1|ARL4C|SPON1|ZNF365|KIF21A|ZFYVE28|PLEKHA1|NCALD|CORO6|LINC-PINT,-2.9,0
1,-3.7,COVID344,M1,1,0,COVID,200,RNA_Wilk_B-cells_patient-C4_Down,,-3.7,4.5,5,30284,169,357,9,2.5,0.83,490|4208|4673|5579|7799|9987|10983|51466|81539,ATP2B1|MEF2C|NAP1L1|PRKCB|PRDM2|HNRNPDL|CCNI|EVL|SLC38A1,-1.9,0
1,-3.5,COVID346,M1,1,0,COVID,200,RNA_Wilk_B-cells_patient-C5_Down,,-3.5,4.2,4.7,30284,181,357,9,2.5,0.83,490|4673|5579|7799|9208|9267|9987|10983|51466,ATP2B1|NAP1L1|PRKCB|PRDM2|LRRFIP1|CYTH1|HNRNPDL|CCNI|EVL,-1.7,0
1,-3,COVID062,M1,1,0,COVID,200,Phosphoproteome_Bouhaddou_Vero_E6_2h_Up,,-3,3.1,4,30284,300,357,11,3.1,0.91,673|2778|4131|5315|9201|9922|23001|23047|23167|23613|54737,BRAF|GNAS|MAP1B|PKM|DCLK1|IQSEC1|WDFY3|PDS5B|EFR3A|ZMYND8|MPHOSPH8,-1.4,0
1,-2.9,COVID088,M1,1,0,COVID,200,Interactome_Gordon_HEK-293T_38h_NSP13,,-2.9,8.5,5.2,30284,40,357,4,1.1,0.56,9648|11113|145282|201134,GCC2|CIT|MIPOL1|CEP112,-1.3,0
1,-2.5,COVID040,M1,1,0,COVID,200,RNA_Sun_Calu-3_24h_Up,,-2.5,2.8,3.5,30284,300,357,10,2.8,0.87,1958|2908|3097|8867|9175|22936|23001|23389|60468|375449,EGR1|NR3C1|HIVEP2|SYNJ1|MAP3K13|ELL2|WDFY3|MED13L|BACH2|MAST4,-0.94,0
1,-2.5,COVID130,M1,1,0,COVID,200,Phosphoproteome_Stukalov_A549-ACE2_24h_Down,,-2.5,2.8,3.5,30284,300,357,10,2.8,0.87,1523|5579|7095|9648|9749|23136|23613|23762|26057|121536,CUX1|PRKCB|SEC62|GCC2|PHACTR2|EPB41L3|ZMYND8|OSBP2|ANKRD17|AEBP2,-0.94,0
1,-2.5,COVID257,M1,1,0,COVID,200,RNA_Wilk_CD14+Monocytes_patient-C6_Down,,-2.5,4.9,4,30284,86,357,5,1.4,0.62,2778|4673|6653|9987|10983,GNAS|NAP1L1|SORL1|HNRNPDL|CCNI,-0.91,0
1,-2.4,COVID027,M1,1,0,COVID,200,RNA_Lamers_intestinal-organoid_expansion_Down,,-2.4,2.9,3.4,30284,264,357,9,2.5,0.83,481|5230|6653|8848|9648|10983|23613|59338|83719,ATP1B1|PGK1|SORL1|TSC22D1|GCC2|CCNI|ZMYND8|PLEKHA1|YPEL3,-0.84,0
1,-2.2,COVID348,M1,1,0,COVID,200,RNA_Wilk_B-cells_patient-C6_Down,,-2.2,7.7,4.2,30284,33,357,3,0.84,0.48,2778|4673|10983,GNAS|NAP1L1|CCNI,-0.69,0
1,-2.2,COVID255,M1,1,0,COVID,200,RNA_Wilk_CD14+Monocytes_patient-C5_Down,,-2.2,3.6,3.4,30284,142,357,6,1.7,0.68,1958|2778|4673|6653|10983|120892,EGR1|GNAS|NAP1L1|SORL1|CCNI|LRRK2,-0.68,0
1,-2.1,COVID202,M1,1,0,COVID,200,RNA_Vanderheiden_pHAE_48h_Down,,-2.1,3.1,3.2,30284,189,357,7,2,0.73,3910|6324|6489|7704|10451|25849|256714,LAMA4|SCN1B|ST8SIA1|ZBTB16|VAV3|PARM1|MAP7D2,-0.67,0
1,-2,COVID039,M1,1,0,COVID,200,RNA_Sun_Calu-3_24h_Down,,-2,2.5,2.9,30284,300,357,9,2.5,0.83,476|481|3910|4190|5230|6138|9806|80144|81539,ATP1A1|ATP1B1|LAMA4|MDH1|PGK1|RPL15|SPOCK2|FRAS1|SLC38A1,-0.57,0
1,-2,COVID058,M1,1,0,COVID,200,Phosphoproteome_Bouhaddou_Vero_E6_12h_Up,,-2,2.5,2.9,30284,300,357,9,2.5,0.83,490|1211|2597|4131|5315|23047|23167|23613|50807,ATP2B1|CLTA|GAPDH|MAP1B|PKM|PDS5B|EFR3A|ZMYND8|ASAP1,-0.57,0
1,-2,COVID060,M1,1,0,COVID,200,Phosphoproteome_Bouhaddou_Vero_E6_24h_Up,,-2,2.5,2.9,30284,300,357,9,2.5,0.83,2597|4131|5315|5937|10580|23047|23613|54737|55074,GAPDH|MAP1B|PKM|RBMS1|SORBS1|PDS5B|ZMYND8|MPHOSPH8|OXR1,-0.57,0
1,-2,COVID066,M1,1,0,COVID,200,Phosphoproteome_Bouhaddou_Vero_E6_8h_Up,,-2,2.5,2.9,30284,300,357,9,2.5,0.83,673|4131|5315|10580|23047|23167|23613|50807|121536,BRAF|MAP1B|PKM|SORBS1|PDS5B|EFR3A|ZMYND8|ASAP1|AEBP2,-0.57,0
1,-2,COVID235,M1,1,0,COVID,200,Phosphoproteome_Klann_Caco-2_24h_Up,,-2,2.5,2.9,30284,300,357,9,2.5,0.83,1211|4008|9208|9475|9922|22874|23047|55605|56243,CLTA|LMO7|LRRFIP1|ROCK2|IQSEC1|PLEKHA6|PDS5B|KIF21A|KIAA1217,-0.57,0
1,-2,COVID243,M1,1,0,COVID,200,RNA_Riva_Vero-E6_24h_Up,,-2,2.5,2.9,30284,300,357,9,2.5,0.83,1958|2908|3097|5144|5205|5789|9891|57476|60468,EGR1|NR3C1|HIVEP2|PDE4D|ATP8B1|PTPRD|NUAK1|GRAMD1B|BACH2,-0.57,0
