_MEMBER_hits,_LogP_hits,GO,_PATTERN_,_RANK_,GiniIndex,Category,CategoryID,Description,PARENT_GO,LogP,Enrichment,Z-score,#TotalGeneInLibrary,#GeneInGO,#GeneInHitList,#GeneInGOAndHitList,%InGO,STDV %InGO,GeneID,Hits,Log(q-value),EvidenceCutoff
1,-6.9,PGB:00065,M1,1,0,PaGenBase,36,Cell-specific: DRG,,-6.9,3.9,6.8,30284,455,357,21,5.9,1.2,818|1996|2743|3745|4741|4747|4915|5121|5122|6489|6616|8618|8997|9201|11122|22874|23261|25849|51308|57476|259217,CAMK2G|ELAVL4|GLRB|KCNB1|NEFM|NEFL|NTRK2|PCP4|PCSK1|ST8SIA1|SNAP25|CADPS|KALRN|DCLK1|PTPRT|PLEKHA6|CAMTA1|PARM1|REEP2|GRAMD1B|HSPA12A,-4.6,0
1,-4.8,PGB:00126,M1,1,0,PaGenBase,36,Cell-specific: SHSYSY-RA,,-4.8,11,7.6,30284,45,357,6,1.7,0.68,4741|4915|6616|9201|23261|51310,NEFM|NTRK2|SNAP25|DCLK1|CAMTA1|SLC22A17,-2.9,0
1,-3.8,PGB:00073,M1,1,0,PaGenBase,36,Cell-specific: OVR278E,,-3.8,5.2,5.2,30284,131,357,8,2.2,0.78,4784|5937|6095|9175|10367|23281|26033|81539,NFIX|RBMS1|RORA|MAP3K13|MICU1|MTUS2|ATRNL1|SLC38A1,-2,0
1,-3.5,PGB:00108,M1,1,0,PaGenBase,36,Cell-specific: RL7,,-3.5,12,6.4,30284,28,357,4,1.1,0.56,2185|7799|9771|60468,PTK2B|PRDM2|RAPGEF5|BACH2,-1.8,0
1,-3.3,PGB:00091,M1,1,0,PaGenBase,36,Cell-specific: A204,,-3.3,7.6,5.4,30284,56,357,5,1.4,0.62,1958|3908|5122|23047|80036,EGR1|LAMA2|PCSK1|PDS5B|TRPM3,-1.6,0
1,-2.9,PGB:00081,M1,1,0,PaGenBase,36,Cell-specific: Brain cell,,-2.9,6.3,4.8,30284,67,357,5,1.4,0.62,1290|1946|2743|57552|80031,COL5A2|EFNA5|GLRB|NCEH1|SEMA6D,-1.3,0
1,-2.4,PGB:00078,M1,1,0,PaGenBase,36,Cell-specific: 721B lymphoblasts,,-2.4,4.8,3.9,30284,88,357,5,1.4,0.62,664|54914|147381|256714|440279,BNIP3|FOCAD|CBLN2|MAP7D2|UNC13C,-0.87,0
1,-2.4,PGB:00021,M1,1,0,PaGenBase,36,Tissue-specific: cortex,,-2.4,6.1,4.1,30284,56,357,4,1.1,0.56,1996|2561|3423|6833,ELAVL4|GABRB2|IDS|ABCC8,-0.84,0
1,-2.3,PGB:00023,M1,1,0,PaGenBase,36,Tissue-specific: heart,,-2.3,2.7,3.2,30284,320,357,10,2.8,0.87,6546|8506|8745|10983|23181|23281|57552|151258|203859|554236,SLC8A1|CNTNAP1|ADAM23|CCNI|DIP2A|MTUS2|NCEH1|SLC38A11|ANO5|DPY19L2P1,-0.79,0
1,-2,PGB:00102,M1,1,0,PaGenBase,36,Cell-specific: LNCAP,,-2,6.9,3.9,30284,37,357,3,0.84,0.48,7704|9515|79884,ZBTB16|STXBP5L|MAP9,-0.58,0
