Network,Annotation
hits,R-HSA-112316|Neuronal System|-24.7;GO:0042391|regulation of membrane potential|-19.6;R-HSA-112315|Transmission across Chemical Synapses|-18.9
hits_MCODE_ALL,R-HSA-112316|Neuronal System|-23.7;GO:0098660|inorganic ion transmembrane transport|-21.0;GO:0030001|metal ion transport|-16.1
hits_SUB1_MCODE_1,R-HSA-112314|Neurotransmitter receptors and postsynaptic signal transmission|-13.8;R-HSA-112315|Transmission across Chemical Synapses|-12.8;hsa04723|Retrograde endocannabinoid signaling|-12.2
hits_SUB1_MCODE_2,GO:0019226|transmission of nerve impulse|-9.6;R-HSA-445095|Interaction between L1 and Ankyrins|-7.8;GO:0007628|adult walking behavior|-7.6
hits_SUB1_MCODE_3,R-HSA-1296072|Voltage gated Potassium channels|-14.3;R-HSA-1296071|Potassium Channels|-12.4;GO:0071805|potassium ion transmembrane transport|-11.3
hits_SUB1_MCODE_5,"GO:0051932|synaptic transmission, GABAergic|-9.2;GO:0098916|anterograde trans-synaptic signaling|-5.6;GO:0007268|chemical synaptic transmission|-5.6"
hits_SUB1_MCODE_6,hsa00230|Purine metabolism|-7.1;GO:0006753|nucleoside phosphate metabolic process|-5.2;GO:0055086|nucleobase-containing small molecule metabolic process|-5.1
