Cluster,Score,Type,Gene,Symbol,Network
1,2.0,Clustered,2778,GNAS,hits_SUB1
1,2.0,Clustered,3708,ITPR1,hits_SUB1
1,2.0,Clustered,59283,CACNG8,hits_SUB1
1,2.0,Clustered,5579,PRKCB,hits_SUB1
1,2.0,Clustered,2567,GABRG3,hits_SUB1
1,2.0,Clustered,2903,GRIN2A,hits_SUB1
1,2.0,Clustered,3084,NRG1,hits_SUB1
1,2.0,Clustered,3815,KIT,hits_SUB1
1,2.0,Clustered,5578,PRKCA,hits_SUB1
1,2.0,Clustered,2554,GABRA1,hits_SUB1
1,2.0,Seed,23236,PLCB1,hits_SUB1
1,2.0,Clustered,2563,GABRD,hits_SUB1
1,2.0,Clustered,5587,PRKD1,hits_SUB1
1,2.0,Clustered,375567,VWC2,hits_SUB1
1,2.0,Clustered,10369,CACNG2,hits_SUB1
1,2.0,Clustered,388336,SHISA6,hits_SUB1
2,1.8333333333333335,Clustered,55799,CACNA2D3,hits_SUB1
2,1.8333333333333335,Clustered,6334,SCN8A,hits_SUB1
2,1.8333333333333335,Clustered,785,CACNB4,hits_SUB1
2,1.8333333333333335,Seed,286,ANK1,hits_SUB1
2,1.8333333333333335,Clustered,57731,SPTBN4,hits_SUB1
2,1.8333333333333335,Clustered,6323,SCN1A,hits_SUB1
4,1.5,Seed,56479,KCNQ5,hits_SUB1
4,1.5,Clustered,83988,NCALD,hits_SUB1
4,1.5,Clustered,132320,SCLT1,hits_SUB1
4,1.5,Clustered,8905,AP1S2,hits_SUB1
3,1.4000000000000001,Clustered,3746,KCNC1,hits_SUB1
3,1.4000000000000001,Clustered,9196,KCNAB3,hits_SUB1
3,1.4000000000000001,Clustered,3747,KCNC2,hits_SUB1
3,1.4000000000000001,Seed,27133,KCNH5,hits_SUB1
3,1.4000000000000001,Clustered,3756,KCNH1,hits_SUB1
5,1.0,Clustered,2561,GABRB2,hits_SUB1
5,1.0,Clustered,2566,GABRG2,hits_SUB1
5,1.0,Clustered,5581,PRKCE,hits_SUB1
6,1.0,Clustered,956,ENTPD3,hits_SUB1
6,1.0,Seed,132,ADK,hits_SUB1
6,1.0,Clustered,8622,PDE8B,hits_SUB1
7,1.0,Clustered,60468,BACH2,hits_SUB3
7,1.0,Seed,571,BACH1,hits_SUB3
7,1.0,Clustered,9935,MAFB,hits_SUB3
