_MEMBER_hits,_LogP_hits,GO,Description,_PATTERN_,_RANK_,CHILD_GO_hits
1,-22.57857736104371,GO:0051179,localization,M1,1,GO:0098660 inorganic ion transmembrane transport
1,-19.38290730802204,GO:0050789,regulation of biological process,M1,1,GO:0050804 modulation of chemical synaptic transmission
1,-17.925613768947713,GO:0032502,developmental process,M1,1,GO:0010975 regulation of neuron projection development
1,-17.473754541853772,GO:0065007,biological regulation,M1,1,GO:0042391 regulation of membrane potential
1,-16.840368962979575,GO:0009987,cellular process,M1,1,GO:0050808 synapse organization
1,-16.367324678982033,GO:0032501,multicellular organismal process,M1,1,GO:0007610 behavior
1,-9.373032299027816,GO:0048518,positive regulation of biological process,M1,1,GO:0031346 positive regulation of cell projection organization
1,-7.969991544703564,GO:0050896,response to stimulus,M1,1,GO:0051592 response to calcium ion
1,-7.9089911458896225,GO:0042592,homeostatic process,M1,1,GO:0055082 intracellular chemical homeostasis
1,-6.860742068553435,GO:0040007,growth,M1,1,GO:0048639 positive regulation of developmental growth
1,-5.574511831509707,GO:0048519,negative regulation of biological process,M1,1,GO:0031345 negative regulation of cell projection organization
1,-3.983889134393365,GO:0040011,locomotion,M1,1,GO:0050919 negative chemotaxis
1,-3.4028572245970996,GO:0048511,rhythmic process,M1,1,GO:0042752 regulation of circadian rhythm
1,-3.204021755813847,GO:0002376,immune system process,M1,1,GO:0050851 antigen receptor-mediated signaling pathway
