_MEMBER_hits,_LogP_hits,GO,Description,_PATTERN_,_RANK_,GiniIndex
1,-3.2,hsa04014,Ras signaling pathway,M1,1,0
1,-2.2,GO:0050821,protein stabilization,M1,1,0
1,-4.9,GO:0051289,protein homotetramerization,M1,1,0
1,-15,GO:0048667,cell morphogenesis involved in neuron differentiation,M1,1,0
1,-2.9,GO:0007044,cell-substrate junction assembly,M1,1,0
1,-3.5,R-HSA-4420097,VEGFA-VEGFR2 Pathway,M1,1,0
1,-2.1,GO:0001775,cell activation,M1,1,0
1,-9.4,GO:0099643,signal release from synapse,M1,1,0
1,-4.8,hsa04919,Thyroid hormone signaling pathway,M1,1,0
1,-2.6,GO:0060043,regulation of cardiac muscle cell proliferation,M1,1,0
1,-2.9,WP2636,Common pathways underlying drug addiction,M1,1,0
1,-2.3,R-HSA-9013106,RHOC GTPase cycle,M1,1,0
1,-4,GO:0051224,negative regulation of protein transport,M1,1,0
1,-2.6,hsa04721,Synaptic vesicle cycle,M1,1,0
1,-3.8,GO:0045822,negative regulation of heart contraction,M1,1,0
1,-2.1,M18,PID INTEGRIN1 PATHWAY,M1,1,0
1,-2.9,GO:0030010,establishment of cell polarity,M1,1,0
1,-3.5,GO:0048791,calcium ion-regulated exocytosis of neurotransmitter,M1,1,0
1,-8.8,GO:0051962,positive regulation of nervous system development,M1,1,0
1,-12,R-HSA-112315,Transmission across Chemical Synapses,M1,1,0
1,-7,GO:0045055,regulated exocytosis,M1,1,0
1,-5,hsa04726,Serotonergic synapse,M1,1,0
1,-2.9,hsa04916,Melanogenesis,M1,1,0
1,-4,GO:1905874,regulation of postsynaptic density organization,M1,1,0
1,-2.1,R-HSA-9006925,Intracellular signaling by second messengers,M1,1,0
1,-6.2,GO:1903532,positive regulation of secretion by cell,M1,1,0
1,-3.6,R-HSA-442755,Activation of NMDA receptors and postsynaptic events,M1,1,0
1,-3,R-HSA-9662851,Anti-inflammatory response favouring Leishmania parasite infection,M1,1,0
1,-3.3,GO:0086064,cell communication by electrical coupling involved in cardiac conduction,M1,1,0
1,-5.8,GO:0034764,positive regulation of transmembrane transport,M1,1,0
1,-4.9,GO:0048814,regulation of dendrite morphogenesis,M1,1,0
1,-5.5,R-HSA-9675108,Nervous system development,M1,1,0
1,-3.1,R-HSA-5218921,VEGFR2 mediated cell proliferation,M1,1,0
1,-4.1,M241,PID RAC1 REG PATHWAY,M1,1,0
1,-8,GO:0070201,regulation of establishment of protein localization,M1,1,0
1,-2,GO:0010611,regulation of cardiac muscle hypertrophy,M1,1,0
1,-8.3,hsa04972,Pancreatic secretion,M1,1,0
1,-5.3,GO:0017156,calcium-ion regulated exocytosis,M1,1,0
1,-3.4,WP4223,Ras signaling,M1,1,0
1,-2.4,GO:0060993,kidney morphogenesis,M1,1,0
1,-2.3,GO:0021987,cerebral cortex development,M1,1,0
1,-3.3,R-HSA-9013149,RAC1 GTPase cycle,M1,1,0
1,-8.1,GO:0007611,learning or memory,M1,1,0
1,-3.3,GO:0061000,negative regulation of dendritic spine development,M1,1,0
1,-3.9,GO:0051965,positive regulation of synapse assembly,M1,1,0
1,-2.2,GO:0051893,regulation of focal adhesion assembly,M1,1,0
1,-3.2,GO:0022406,membrane docking,M1,1,0
1,-8.4,GO:0019226,transmission of nerve impulse,M1,1,0
1,-2.7,hsa04072,Phospholipase D signaling pathway,M1,1,0
1,-9.4,GO:0007269,neurotransmitter secretion,M1,1,0
1,-4.2,GO:1902476,chloride transmembrane transport,M1,1,0
1,-7.8,GO:0019722,calcium-mediated signaling,M1,1,0
1,-2,GO:0032414,positive regulation of ion transmembrane transporter activity,M1,1,0
1,-2.4,M252,PID IL8 CXCR1 PATHWAY,M1,1,0
1,-7.1,GO:2000300,regulation of synaptic vesicle exocytosis,M1,1,0
1,-5.4,GO:0071277,cellular response to calcium ion,M1,1,0
1,-4.4,GO:0051646,mitochondrion localization,M1,1,0
1,-3,hsa04140,Autophagy - animal,M1,1,0
1,-2.1,GO:0046530,photoreceptor cell differentiation,M1,1,0
1,-2.1,GO:0010639,negative regulation of organelle organization,M1,1,0
1,-2.2,GO:0090109,regulation of cell-substrate junction assembly,M1,1,0
1,-2.8,GO:0050433,regulation of catecholamine secretion,M1,1,0
1,-5.9,hsa05017,Spinocerebellar ataxia,M1,1,0
1,-2.9,GO:0000302,response to reactive oxygen species,M1,1,0
1,-2.1,GO:0036294,cellular response to decreased oxygen levels,M1,1,0
1,-3.9,GO:0060999,positive regulation of dendritic spine development,M1,1,0
1,-3.1,GO:0070593,dendrite self-avoidance,M1,1,0
1,-2.8,GO:0060560,developmental growth involved in morphogenesis,M1,1,0
1,-2.3,GO:0050853,B cell receptor signaling pathway,M1,1,0
1,-13,GO:0000902,cell morphogenesis,M1,1,0
1,-3.6,GO:0051489,regulation of filopodium assembly,M1,1,0
1,-5.7,GO:0099170,postsynaptic modulation of chemical synaptic transmission,M1,1,0
1,-6.9,R-HSA-422356,Regulation of insulin secretion,M1,1,0
1,-4.1,GO:0032024,positive regulation of insulin secretion,M1,1,0
1,-3.6,WP5049,Glycolysis in senescence,M1,1,0
1,-3,R-HSA-9664433,Leishmania parasite growth and survival,M1,1,0
1,-2.2,GO:0099505,regulation of presynaptic membrane potential,M1,1,0
1,-2.4,GO:0007507,heart development,M1,1,0
1,-2.7,GO:0006936,muscle contraction,M1,1,0
1,-2.2,GO:0097435,supramolecular fiber organization,M1,1,0
1,-3.9,GO:1902307,positive regulation of sodium ion transmembrane transport,M1,1,0
1,-2.7,M8626,SIG BCR SIGNALING PATHWAY,M1,1,0
1,-4.1,GO:0098814,spontaneous synaptic transmission,M1,1,0
1,-4.6,GO:0036376,sodium ion export across plasma membrane,M1,1,0
1,-6,GO:0010038,response to metal ion,M1,1,0
1,-5.2,GO:0051480,regulation of cytosolic calcium ion concentration,M1,1,0
1,-3,GO:1901381,positive regulation of potassium ion transmembrane transport,M1,1,0
1,-5,hsa04015,Rap1 signaling pathway,M1,1,0
1,-6.3,GO:0099587,inorganic ion import across plasma membrane,M1,1,0
1,-3.2,GO:0006820,monoatomic anion transport,M1,1,0
1,-2.6,GO:0032456,endocytic recycling,M1,1,0
1,-2.2,R-HSA-1296065,Inwardly rectifying K+ channels,M1,1,0
1,-4.8,GO:0007169,cell surface receptor protein tyrosine kinase signaling pathway,M1,1,0
1,-2.4,GO:0007156,homophilic cell adhesion via plasma membrane adhesion molecules,M1,1,0
1,-3.1,GO:0120032,regulation of plasma membrane bounded cell projection assembly,M1,1,0
1,-2.4,GO:0045778,positive regulation of ossification,M1,1,0
1,-11,hsa04723,Retrograde endocannabinoid signaling,M1,1,0
1,-5.8,GO:0098771,inorganic ion homeostasis,M1,1,0
1,-2.9,GO:0010970,transport along microtubule,M1,1,0
1,-6.4,GO:0048638,regulation of developmental growth,M1,1,0
1,-2.6,GO:0071875,adrenergic receptor signaling pathway,M1,1,0
1,-5.9,GO:0007214,gamma-aminobutyric acid signaling pathway,M1,1,0
1,-4.6,GO:0061387,regulation of extent of cell growth,M1,1,0
1,-14,WP536,Calcium regulation in cardiac cells,M1,1,0
1,-4.1,hsa05412,Arrhythmogenic right ventricular cardiomyopathy,M1,1,0
1,-3.4,R-HSA-445095,Interaction between L1 and Ankyrins,M1,1,0
1,-3.2,GO:0003299,muscle hypertrophy in response to stress,M1,1,0
1,-2.9,M161,PID IFNG PATHWAY,M1,1,0
1,-2.3,GO:1902683,regulation of receptor localization to synapse,M1,1,0
1,-3.8,GO:0043502,regulation of muscle adaptation,M1,1,0
1,-8,GO:0051592,response to calcium ion,M1,1,0
1,-9.2,WP289,Myometrial relaxation and contraction pathways,M1,1,0
1,-7.8,GO:0032970,regulation of actin filament-based process,M1,1,0
1,-2,GO:0035107,appendage morphogenesis,M1,1,0
1,-3.9,GO:0072001,renal system development,M1,1,0
1,-4.8,hsa04934,Cushing syndrome,M1,1,0
1,-2.2,GO:0065002,intracellular protein transmembrane transport,M1,1,0
1,-7.9,GO:0016358,dendrite development,M1,1,0
1,-4.2,GO:0006904,vesicle docking involved in exocytosis,M1,1,0
1,-4.3,WP3947,Serotonin and anxiety,M1,1,0
1,-6,GO:0006468,protein phosphorylation,M1,1,0
1,-4.3,GO:1903169,regulation of calcium ion transmembrane transport,M1,1,0
1,-7.8,GO:0050772,positive regulation of axonogenesis,M1,1,0
1,-3.5,GO:0098703,calcium ion import across plasma membrane,M1,1,0
1,-2.1,GO:2000463,positive regulation of excitatory postsynaptic potential,M1,1,0
1,-2.6,GO:0070252,actin-mediated cell contraction,M1,1,0
1,-3,GO:0010770,positive regulation of cell morphogenesis,M1,1,0
1,-2.9,hsa04933,AGE-RAGE signaling pathway in diabetic complications,M1,1,0
1,-2.5,GO:0090128,regulation of synapse maturation,M1,1,0
1,-5.3,hsa04270,Vascular smooth muscle contraction,M1,1,0
1,-4.4,GO:1904950,negative regulation of establishment of protein localization,M1,1,0
1,-6.8,GO:0090276,regulation of peptide hormone secretion,M1,1,0
1,-3.8,GO:0051051,negative regulation of transport,M1,1,0
1,-3.8,R-HSA-114508,Effects of PIP2 hydrolysis,M1,1,0
1,-17,GO:0099537,trans-synaptic signaling,M1,1,0
1,-3.7,GO:0006942,regulation of striated muscle contraction,M1,1,0
1,-3.7,GO:0043087,regulation of GTPase activity,M1,1,0
1,-3,GO:0099151,regulation of postsynaptic density assembly,M1,1,0
1,-5.6,GO:1990504,dense core granule exocytosis,M1,1,0
1,-3.6,R-HSA-111885,Opioid Signalling,M1,1,0
1,-4.1,GO:0051056,regulation of small GTPase mediated signal transduction,M1,1,0
1,-3,GO:0030833,regulation of actin filament polymerization,M1,1,0
1,-2.6,GO:0021575,hindbrain morphogenesis,M1,1,0
1,-2.1,GO:0035137,hindlimb morphogenesis,M1,1,0
1,-5,R-HSA-1296072,Voltage gated Potassium channels,M1,1,0
1,-2.2,GO:0050768,negative regulation of neurogenesis,M1,1,0
1,-2.2,GO:0050848,regulation of calcium-mediated signaling,M1,1,0
1,-11,GO:1903530,regulation of secretion by cell,M1,1,0
1,-2.6,GO:0019216,regulation of lipid metabolic process,M1,1,0
1,-2.1,GO:0010256,endomembrane system organization,M1,1,0
1,-5.4,GO:0007416,synapse assembly,M1,1,0
1,-2.6,WP5294,Sildenafil treatment,M1,1,0
1,-3,GO:0098900,regulation of action potential,M1,1,0
1,-3.6,WP2380,Brain derived neurotrophic factor BDNF signaling,M1,1,0
1,-7,WP5420,ADHD and autism ASD pathways,M1,1,0
1,-15,GO:0048858,cell projection morphogenesis,M1,1,0
1,-3.3,GO:0034767,positive regulation of monoatomic ion transmembrane transport,M1,1,0
1,-3.7,R-HSA-1236394,Signaling by ERBB4,M1,1,0
1,-3,GO:0036465,synaptic vesicle recycling,M1,1,0
1,-2.9,GO:0055078,sodium ion homeostasis,M1,1,0
1,-3.7,GO:0086002,cardiac muscle cell action potential involved in contraction,M1,1,0
1,-5.2,hsa05022,Pathways of neurodegeneration - multiple diseases,M1,1,0
1,-12,GO:0051046,regulation of secretion,M1,1,0
1,-3.2,GO:0055075,potassium ion homeostasis,M1,1,0
1,-3,GO:0055007,cardiac muscle cell differentiation,M1,1,0
1,-2.8,GO:0051495,positive regulation of cytoskeleton organization,M1,1,0
1,-5.2,GO:0090659,walking behavior,M1,1,0
1,-7.6,GO:0099175,regulation of postsynapse organization,M1,1,0
1,-5,GO:0042692,muscle cell differentiation,M1,1,0
1,-2.7,GO:0051966,"regulation of synaptic transmission, glutamatergic",M1,1,0
1,-7.2,GO:0032535,regulation of cellular component size,M1,1,0
1,-2.1,WP399,Wnt signaling and pluripotency,M1,1,0
1,-2.1,GO:0032231,regulation of actin filament bundle assembly,M1,1,0
1,-17,GO:0050808,synapse organization,M1,1,0
1,-6.2,GO:0140029,exocytic process,M1,1,0
1,-2.9,GO:0010644,cell communication by electrical coupling,M1,1,0
1,-7.8,GO:0051963,regulation of synapse assembly,M1,1,0
1,-2.2,WP4540,Hippo signaling regulation,M1,1,0
1,-4.7,WP437,EGF EGFR signaling,M1,1,0
1,-2.3,GO:1901292,nucleoside phosphate catabolic process,M1,1,0
1,-4.5,WP2118,Arrhythmogenic right ventricular cardiomyopathy,M1,1,0
1,-2.9,GO:0022898,regulation of transmembrane transporter activity,M1,1,0
1,-8.8,GO:0048167,regulation of synaptic plasticity,M1,1,0
1,-2.4,R-HSA-9824443,Parasitic Infection Pathways,M1,1,0
1,-2.6,GO:1905145,cellular response to acetylcholine,M1,1,0
1,-2.6,GO:0008064,regulation of actin polymerization or depolymerization,M1,1,0
1,-4.2,GO:0043434,response to peptide hormone,M1,1,0
1,-3.8,WP3929,Chemokine signaling,M1,1,0
1,-3.1,M8,PID ENDOTHELIN PATHWAY,M1,1,0
1,-2.9,R-HSA-416482,G alpha (12/13) signalling events,M1,1,0
1,-2.6,GO:0010638,positive regulation of organelle organization,M1,1,0
1,-3.9,R-HSA-8980692,RHOA GTPase cycle,M1,1,0
1,-2.3,GO:0099111,microtubule-based transport,M1,1,0
1,-3.9,GO:0061337,cardiac conduction,M1,1,0
1,-5.9,GO:0050801,monoatomic ion homeostasis,M1,1,0
1,-4.2,GO:0003015,heart process,M1,1,0
1,-2,GO:0035108,limb morphogenesis,M1,1,0
1,-6.7,GO:0034765,regulation of monoatomic ion transmembrane transport,M1,1,0
1,-2.1,GO:0002764,immune response-regulating signaling pathway,M1,1,0
1,-5.3,GO:0072659,protein localization to plasma membrane,M1,1,0
1,-5.5,GO:0050905,neuromuscular process,M1,1,0
1,-2.1,M271,PID PI3K PLC TRK PATHWAY,M1,1,0
1,-2.4,GO:0001932,regulation of protein phosphorylation,M1,1,0
1,-2.1,GO:0001975,response to amphetamine,M1,1,0
1,-4.9,GO:0030534,adult behavior,M1,1,0
1,-3.4,GO:0045921,positive regulation of exocytosis,M1,1,0
1,-2.2,GO:0006734,NADH metabolic process,M1,1,0
1,-11,GO:0061564,axon development,M1,1,0
1,-7.8,GO:0097485,neuron projection guidance,M1,1,0
1,-3.9,GO:0006883,intracellular sodium ion homeostasis,M1,1,0
1,-3.1,GO:0021954,central nervous system neuron development,M1,1,0
1,-5.5,GO:0045927,positive regulation of growth,M1,1,0
1,-5.1,GO:0008016,regulation of heart contraction,M1,1,0
1,-7.9,GO:0055082,intracellular chemical homeostasis,M1,1,0
1,-3.7,WP5050,TCA cycle in senescence,M1,1,0
1,-3.5,GO:0010810,regulation of cell-substrate adhesion,M1,1,0
1,-4.1,hsa05163,Human cytomegalovirus infection,M1,1,0
1,-2.2,GO:0030048,actin filament-based movement,M1,1,0
1,-3.5,GO:0001822,kidney development,M1,1,0
1,-7,GO:0098870,action potential propagation,M1,1,0
1,-3.4,WP5434,Cancer pathways,M1,1,0
1,-16,GO:0034330,cell junction organization,M1,1,0
1,-3.4,M269,PID RAS PATHWAY,M1,1,0
1,-4.8,GO:0040008,regulation of growth,M1,1,0
1,-2.2,R-HSA-163359,Glucagon signaling in metabolic regulation,M1,1,0
1,-2.8,GO:0040013,negative regulation of locomotion,M1,1,0
1,-3,GO:0032412,regulation of monoatomic ion transmembrane transporter activity,M1,1,0
1,-6.9,hsa04724,Glutamatergic synapse,M1,1,0
1,-3,GO:0043524,negative regulation of neuron apoptotic process,M1,1,0
1,-3.5,WP2267,Synaptic vesicle pathway,M1,1,0
1,-3,M272,PID CD8 TCR DOWNSTREAM PATHWAY,M1,1,0
1,-3.2,WP3676,BDNF TrkB signaling,M1,1,0
1,-2.5,GO:0002429,immune response-activating cell surface receptor signaling pathway,M1,1,0
1,-2.6,WP4659,Gastrin signaling,M1,1,0
1,-4.9,GO:0048813,dendrite morphogenesis,M1,1,0
1,-4.2,GO:0045773,positive regulation of axon extension,M1,1,0
1,-2,GO:0051169,nuclear transport,M1,1,0
1,-2.1,M270,PID MAPK TRK PATHWAY,M1,1,0
1,-5.1,GO:0090075,relaxation of muscle,M1,1,0
1,-10,R-HSA-112314,Neurotransmitter receptors and postsynaptic signal transmission,M1,1,0
1,-6.6,WP3888,VEGFA VEGFR2 signaling,M1,1,0
1,-2.7,hsa05214,Glioma,M1,1,0
1,-3.8,GO:0048592,eye morphogenesis,M1,1,0
1,-2.3,hsa04926,Relaxin signaling pathway,M1,1,0
1,-2.3,GO:1902430,negative regulation of amyloid-beta formation,M1,1,0
1,-4.9,hsa04927,Cortisol synthesis and secretion,M1,1,0
1,-2.1,GO:0034405,response to fluid shear stress,M1,1,0
1,-7.2,GO:0046928,regulation of neurotransmitter secretion,M1,1,0
1,-8.2,hsa04728,Dopaminergic synapse,M1,1,0
1,-2.9,GO:0045638,negative regulation of myeloid cell differentiation,M1,1,0
1,-6.3,GO:0090257,regulation of muscle system process,M1,1,0
1,-3.5,GO:2000651,positive regulation of sodium ion transmembrane transporter activity,M1,1,0
1,-4.6,GO:1905475,regulation of protein localization to membrane,M1,1,0
1,-8.9,GO:0006836,neurotransmitter transport,M1,1,0
1,-9.1,GO:0050767,regulation of neurogenesis,M1,1,0
1,-3.5,GO:0097306,cellular response to alcohol,M1,1,0
1,-3.4,WP4941,GPR143 in melanocytes and retinal pigment epithelium cells,M1,1,0
1,-5.4,WP4698,Vitamin D sensitive calcium signaling in depression,M1,1,0
1,-3.2,GO:0006941,striated muscle contraction,M1,1,0
1,-2.4,GO:0072594,establishment of protein localization to organelle,M1,1,0
1,-4.6,GO:0055012,ventricular cardiac muscle cell differentiation,M1,1,0
1,-4.7,WP5200,Dravet syndrome,M1,1,0
1,-2.5,GO:0034248,regulation of amide metabolic process,M1,1,0
1,-7.6,hsa04750,Inflammatory mediator regulation of TRP channels,M1,1,0
1,-3.2,GO:0061178,regulation of insulin secretion involved in cellular response to glucose stimulus,M1,1,0
1,-2.1,GO:1903078,positive regulation of protein localization to plasma membrane,M1,1,0
1,-2,GO:0006913,nucleocytoplasmic transport,M1,1,0
1,-2.5,GO:0030838,positive regulation of actin filament polymerization,M1,1,0
1,-3.1,GO:0050775,positive regulation of dendrite morphogenesis,M1,1,0
1,-2.1,GO:0046474,glycerophospholipid biosynthetic process,M1,1,0
1,-3.9,GO:0001558,regulation of cell growth,M1,1,0
1,-2.4,hsa05170,Human immunodeficiency virus 1 infection,M1,1,0
1,-2.5,R-HSA-4086398,Ca2+ pathway,M1,1,0
1,-4.9,GO:0051222,positive regulation of protein transport,M1,1,0
1,-6.2,WP4148,Splicing factor NOVA regulated synaptic proteins,M1,1,0
1,-5.8,CORUM:7461,"GABA-A receptor (GABRA1, GABRB2, GABRG2)",M1,1,0
1,-17,GO:0042391,regulation of membrane potential,M1,1,0
1,-2,GO:0048738,cardiac muscle tissue development,M1,1,0
1,-10,GO:0001508,action potential,M1,1,0
1,-3.3,GO:0009214,cyclic nucleotide catabolic process,M1,1,0
1,-8.1,GO:0051493,regulation of cytoskeleton organization,M1,1,0
1,-3.9,WP4760,PKC gamma calcium signaling in ataxia,M1,1,0
1,-2.1,WP1544,MicroRNAs in cardiomyocyte hypertrophy,M1,1,0
1,-5,GO:1904951,positive regulation of establishment of protein localization,M1,1,0
1,-3.7,R-HSA-112043,PLC beta mediated events,M1,1,0
1,-2.1,GO:0051961,negative regulation of nervous system development,M1,1,0
1,-7.3,GO:0017157,regulation of exocytosis,M1,1,0
1,-5.9,R-HSA-5578775,Ion homeostasis,M1,1,0
1,-9.8,GO:0071805,potassium ion transmembrane transport,M1,1,0
1,-3.9,GO:0006821,chloride transport,M1,1,0
1,-2.3,WP3925,Amino acid metabolism,M1,1,0
1,-6.6,hsa04918,Thyroid hormone synthesis,M1,1,0
1,-4.6,GO:0099560,synaptic membrane adhesion,M1,1,0
1,-3.6,GO:1903523,negative regulation of blood circulation,M1,1,0
1,-5.6,hsa04070,Phosphatidylinositol signaling system,M1,1,0
1,-4.5,GO:0030307,positive regulation of cell growth,M1,1,0
1,-3.6,WP4008,NO cGMP PKG mediated neuroprotection,M1,1,0
1,-2.5,GO:0010842,retina layer formation,M1,1,0
1,-4.4,GO:0043270,positive regulation of monoatomic ion transport,M1,1,0
1,-3.7,WP534,Glycolysis and gluconeogenesis,M1,1,0
1,-2.3,GO:0032273,positive regulation of protein polymerization,M1,1,0
1,-4.1,GO:0007207,phospholipase C-activating G protein-coupled acetylcholine receptor signaling pathway,M1,1,0
1,-2.7,GO:0099150,regulation of postsynaptic specialization assembly,M1,1,0
1,-3.3,hsa04062,Chemokine signaling pathway,M1,1,0
1,-3.4,WP4628,Aerobic glycolysis augmented,M1,1,0
1,-4.4,GO:0030900,forebrain development,M1,1,0
1,-3.2,GO:0051656,establishment of organelle localization,M1,1,0
1,-2.5,GO:1905144,response to acetylcholine,M1,1,0
1,-3.4,GO:0030516,regulation of axon extension,M1,1,0
1,-19,GO:0099536,synaptic signaling,M1,1,0
1,-2.1,GO:0021545,cranial nerve development,M1,1,0
1,-2,GO:0033157,regulation of intracellular protein transport,M1,1,0
1,-11,GO:0070588,calcium ion transmembrane transport,M1,1,0
1,-3.8,hsa05410,Hypertrophic cardiomyopathy,M1,1,0
1,-3.4,GO:0097120,receptor localization to synapse,M1,1,0
1,-2.2,GO:0150117,positive regulation of cell-substrate junction organization,M1,1,0
1,-2.8,GO:0110020,regulation of actomyosin structure organization,M1,1,0
1,-2.8,WP4290,Metabolic reprogramming in colon cancer,M1,1,0
1,-2.8,GO:0061003,positive regulation of dendritic spine morphogenesis,M1,1,0
1,-2.8,GO:0007528,neuromuscular junction development,M1,1,0
1,-4.5,hsa04973,Carbohydrate digestion and absorption,M1,1,0
1,-2.1,GO:1904893,negative regulation of receptor signaling pathway via STAT,M1,1,0
1,-3.1,GO:0010613,positive regulation of cardiac muscle hypertrophy,M1,1,0
1,-5.2,hsa04730,Long-term depression,M1,1,0
1,-17,R-HSA-112316,Neuronal System,M1,1,0
1,-2.2,GO:0051248,negative regulation of protein metabolic process,M1,1,0
1,-2.2,R-HSA-373760,L1CAM interactions,M1,1,0
1,-5.7,GO:0009150,purine ribonucleotide metabolic process,M1,1,0
1,-2.4,GO:0060041,retina development in camera-type eye,M1,1,0
1,-18,GO:0010975,regulation of neuron projection development,M1,1,0
1,-2.3,M5884,NABA CORE MATRISOME,M1,1,0
1,-16,GO:0098916,anterograde trans-synaptic signaling,M1,1,0
1,-4.5,GO:0050709,negative regulation of protein secretion,M1,1,0
1,-2.7,hsa04820,Cytoskeleton in muscle cells,M1,1,0
1,-2.4,R-HSA-9013148,CDC42 GTPase cycle,M1,1,0
1,-3.5,WP4629,Aerobic glycolysis,M1,1,0
1,-2.9,M62,PID EPHB FWD PATHWAY,M1,1,0
1,-2.9,R-HSA-392154,Nitric oxide stimulates guanylate cyclase,M1,1,0
1,-2.1,GO:0043065,positive regulation of apoptotic process,M1,1,0
1,-4.1,hsa04012,ErbB signaling pathway,M1,1,0
1,-3.2,GO:0009261,ribonucleotide catabolic process,M1,1,0
1,-2.1,GO:0002931,response to ischemia,M1,1,0
1,-6.9,GO:0048639,positive regulation of developmental growth,M1,1,0
1,-8.3,R-HSA-397014,Muscle contraction,M1,1,0
1,-5.9,GO:0016310,phosphorylation,M1,1,0
1,-3.2,GO:0090596,sensory organ morphogenesis,M1,1,0
1,-2.6,GO:0030073,insulin secretion,M1,1,0
1,-6.1,GO:0060627,regulation of vesicle-mediated transport,M1,1,0
1,-4.8,GO:1903828,negative regulation of protein localization,M1,1,0
1,-7.5,GO:0035725,sodium ion transmembrane transport,M1,1,0
1,-2.5,WP481,Insulin signaling,M1,1,0
1,-3.5,GO:0051146,striated muscle cell differentiation,M1,1,0
1,-2.7,GO:0016311,dephosphorylation,M1,1,0
1,-2.2,GO:0051058,negative regulation of small GTPase mediated signal transduction,M1,1,0
1,-2.6,GO:0048588,developmental cell growth,M1,1,0
1,-2.6,GO:0043254,regulation of protein-containing complex assembly,M1,1,0
1,-3.5,GO:1902903,regulation of supramolecular fiber organization,M1,1,0
1,-5.2,GO:0008344,adult locomotory behavior,M1,1,0
1,-2.5,GO:0070482,response to oxygen levels,M1,1,0
1,-2.1,hsa04974,Protein digestion and absorption,M1,1,0
1,-2.4,GO:0019933,cAMP-mediated signaling,M1,1,0
1,-4.3,GO:0072657,protein localization to membrane,M1,1,0
1,-5.3,GO:0009259,ribonucleotide metabolic process,M1,1,0
1,-3.3,GO:0051952,regulation of amine transport,M1,1,0
1,-6,hsa04929,GnRH secretion,M1,1,0
1,-10,hsa04261,Adrenergic signaling in cardiomyocytes,M1,1,0
1,-2.8,GO:0043266,regulation of potassium ion transport,M1,1,0
1,-2.3,GO:0009612,response to mechanical stimulus,M1,1,0
1,-19,GO:0098655,monoatomic cation transmembrane transport,M1,1,0
1,-3.4,R-HSA-373752,Netrin-1 signaling,M1,1,0
1,-2.1,GO:0055021,regulation of cardiac muscle tissue growth,M1,1,0
1,-6,GO:0055080,monoatomic cation homeostasis,M1,1,0
1,-16,GO:0031175,neuron projection development,M1,1,0
1,-8.5,GO:0050769,positive regulation of neurogenesis,M1,1,0
1,-2.3,GO:0051650,establishment of vesicle localization,M1,1,0
1,-2.5,GO:0051279,regulation of release of sequestered calcium ion into cytosol,M1,1,0
1,-4.8,R-HSA-382551,Transport of small molecules,M1,1,0
1,-6.3,GO:0009187,cyclic nucleotide metabolic process,M1,1,0
1,-3.4,GO:0110053,regulation of actin filament organization,M1,1,0
1,-2.4,GO:0035051,cardiocyte differentiation,M1,1,0
1,-2.3,GO:0035020,regulation of Rac protein signal transduction,M1,1,0
1,-3.2,GO:0048278,vesicle docking,M1,1,0
1,-2.3,GO:0032886,regulation of microtubule-based process,M1,1,0
1,-3.3,R-HSA-194138,Signaling by VEGF,M1,1,0
1,-4.5,hsa05415,Diabetic cardiomyopathy,M1,1,0
1,-8.8,GO:0050770,regulation of axonogenesis,M1,1,0
1,-2.2,GO:0006892,post-Golgi vesicle-mediated transport,M1,1,0
1,-3,GO:0046068,cGMP metabolic process,M1,1,0
1,-3.3,GO:1901077,regulation of relaxation of muscle,M1,1,0
1,-4.5,GO:1902305,regulation of sodium ion transmembrane transport,M1,1,0
1,-2.8,M238,PID THROMBIN PAR1 PATHWAY,M1,1,0
1,-6.7,GO:0046903,secretion,M1,1,0
1,-6.9,GO:0055074,calcium ion homeostasis,M1,1,0
1,-3.1,GO:0140238,presynaptic endocytosis,M1,1,0
1,-2.5,hsa04071,Sphingolipid signaling pathway,M1,1,0
1,-4.2,GO:0006753,nucleoside phosphate metabolic process,M1,1,0
1,-3.7,GO:0061061,muscle structure development,M1,1,0
1,-2.6,GO:0086010,membrane depolarization during action potential,M1,1,0
1,-2.5,GO:0051494,negative regulation of cytoskeleton organization,M1,1,0
1,-2.7,GO:0007213,G protein-coupled acetylcholine receptor signaling pathway,M1,1,0
1,-3.4,GO:0051402,neuron apoptotic process,M1,1,0
1,-3.2,GO:0030007,intracellular potassium ion homeostasis,M1,1,0
1,-2.3,R-HSA-451326,Activation of kainate receptors upon glutamate binding,M1,1,0
1,-7.2,R-HSA-9006934,Signaling by Receptor Tyrosine Kinases,M1,1,0
1,-2.6,GO:0001944,vasculature development,M1,1,0
1,-2.5,GO:0001654,eye development,M1,1,0
1,-4.1,GO:0033194,response to hydroperoxide,M1,1,0
1,-6.5,R-HSA-1296071,Potassium Channels,M1,1,0
1,-2.1,R-HSA-9659379,Sensory processing of sound,M1,1,0
1,-12,hsa04921,Oxytocin signaling pathway,M1,1,0
1,-5.6,GO:1901699,cellular response to nitrogen compound,M1,1,0
1,-4.8,GO:0061001,regulation of dendritic spine morphogenesis,M1,1,0
1,-3.4,GO:0048041,focal adhesion assembly,M1,1,0
1,-2,hsa05143,African trypanosomiasis,M1,1,0
1,-16,GO:0007268,chemical synaptic transmission,M1,1,0
1,-3.8,GO:0031503,protein-containing complex localization,M1,1,0
1,-2.3,GO:0046683,response to organophosphorus,M1,1,0
1,-3.7,GO:0098661,inorganic anion transmembrane transport,M1,1,0
1,-4.3,GO:0006979,response to oxidative stress,M1,1,0
1,-2.5,GO:0001754,eye photoreceptor cell differentiation,M1,1,0
1,-3.5,GO:0140056,organelle localization by membrane tethering,M1,1,0
1,-5.3,GO:0002028,regulation of sodium ion transport,M1,1,0
1,-12,GO:0007409,axonogenesis,M1,1,0
1,-5.2,hsa04371,Apelin signaling pathway,M1,1,0
1,-2.4,WP2795,Cardiac hypertrophic response,M1,1,0
1,-3,WP5417,Cell lineage map for neuronal differentiation,M1,1,0
1,-5.6,GO:1903305,regulation of regulated secretory pathway,M1,1,0
1,-4.6,GO:0051262,protein tetramerization,M1,1,0
1,-2.6,hsa00534,Glycosaminoglycan biosynthesis - heparan sulfate / heparin,M1,1,0
1,-11,GO:0006816,calcium ion transport,M1,1,0
1,-4.3,GO:0032870,cellular response to hormone stimulus,M1,1,0
1,-2.6,GO:0002768,immune response-regulating cell surface receptor signaling pathway,M1,1,0
1,-2.1,GO:0070167,regulation of biomineral tissue development,M1,1,0
1,-2.1,GO:0021700,developmental maturation,M1,1,0
1,-2.1,GO:0043279,response to alkaloid,M1,1,0
1,-2.5,GO:0051170,import into nucleus,M1,1,0
1,-3.2,GO:0030705,cytoskeleton-dependent intracellular transport,M1,1,0
1,-3.8,GO:0046885,regulation of hormone biosynthetic process,M1,1,0
1,-4.8,GO:0097553,calcium ion transmembrane import into cytosol,M1,1,0
1,-2.9,GO:1903524,positive regulation of blood circulation,M1,1,0
1,-4.5,GO:0072521,purine-containing compound metabolic process,M1,1,0
1,-3.8,hsa04510,Focal adhesion,M1,1,0
1,-3,GO:0045666,positive regulation of neuron differentiation,M1,1,0
1,-2.9,GO:0021675,nerve development,M1,1,0
1,-2.1,GO:0051968,"positive regulation of synaptic transmission, glutamatergic",M1,1,0
1,-2.9,WP185,Integrin mediated cell adhesion,M1,1,0
1,-3.3,GO:2000649,regulation of sodium ion transmembrane transporter activity,M1,1,0
1,-4,GO:0032252,secretory granule localization,M1,1,0
1,-2.2,GO:0014706,striated muscle tissue development,M1,1,0
1,-2.1,M177,PID EPHA FWDPATHWAY,M1,1,0
1,-3.3,GO:0030865,cortical cytoskeleton organization,M1,1,0
1,-5.8,CORUM:7462,"GABA-A receptor (GABRA1, GABRB2, GABRD)",M1,1,0
1,-4.4,WP382,MAPK signaling,M1,1,0
1,-4.1,GO:0009410,response to xenobiotic stimulus,M1,1,0
1,-6.7,R-HSA-163685,Integration of energy metabolism,M1,1,0
1,-3.2,GO:0015698,inorganic anion transport,M1,1,0
1,-3.1,GO:0032271,regulation of protein polymerization,M1,1,0
1,-3.3,GO:0048488,synaptic vesicle endocytosis,M1,1,0
1,-2.7,R-HSA-3858494,Beta-catenin independent WNT signaling,M1,1,0
1,-2.8,GO:0042325,regulation of phosphorylation,M1,1,0
1,-2.2,GO:0090162,establishment of epithelial cell polarity,M1,1,0
1,-6.7,GO:0002791,regulation of peptide secretion,M1,1,0
1,-9.4,hsa04911,Insulin secretion,M1,1,0
1,-3.1,R-HSA-9620244,Long-term potentiation,M1,1,0
1,-7.6,GO:0006874,intracellular calcium ion homeostasis,M1,1,0
1,-2.2,GO:1902992,negative regulation of amyloid precursor protein catabolic process,M1,1,0
1,-2.5,hsa05131,Shigellosis,M1,1,0
1,-2.3,GO:0036293,response to decreased oxygen levels,M1,1,0
1,-2.6,R-HSA-416476,G alpha (q) signalling events,M1,1,0
1,-2.9,GO:0045823,positive regulation of heart contraction,M1,1,0
1,-3.2,hsa04976,Bile secretion,M1,1,0
1,-2.5,R-HSA-1855204,Synthesis of IP3 and IP4 in the cytosol,M1,1,0
1,-4.1,GO:0098742,cell-cell adhesion via plasma-membrane adhesion molecules,M1,1,0
1,-5.5,GO:0034599,cellular response to oxidative stress,M1,1,0
1,-4.3,GO:1901655,cellular response to ketone,M1,1,0
1,-4.6,GO:0051259,protein complex oligomerization,M1,1,0
1,-2.8,hsa05012,Parkinson disease,M1,1,0
1,-3.8,GO:0010977,negative regulation of neuron projection development,M1,1,0
1,-4.6,WP306,Focal adhesion,M1,1,0
1,-3,GO:0009611,response to wounding,M1,1,0
1,-3.7,GO:0046888,negative regulation of hormone secretion,M1,1,0
1,-2.3,hsa04650,Natural killer cell mediated cytotoxicity,M1,1,0
1,-3.1,hsa05010,Alzheimer disease,M1,1,0
1,-2,R-HSA-9634597,GPER1 signaling,M1,1,0
1,-3.5,GO:1904064,positive regulation of cation transmembrane transport,M1,1,0
1,-3.4,GO:0009154,purine ribonucleotide catabolic process,M1,1,0
1,-2.6,GO:0009199,ribonucleoside triphosphate metabolic process,M1,1,0
1,-2.7,WP5283,Chronic hyperglycemia impairment of neuron function,M1,1,0
1,-3.5,GO:0098815,modulation of excitatory postsynaptic potential,M1,1,0
1,-5.1,GO:0051129,negative regulation of cellular component organization,M1,1,0
1,-2.1,GO:0061572,actin filament bundle organization,M1,1,0
1,-5.2,hsa04964,Proximal tubule bicarbonate reclamation,M1,1,0
1,-4,GO:0008306,associative learning,M1,1,0
1,-6.5,GO:0098657,import into cell,M1,1,0
1,-5.5,GO:0046883,regulation of hormone secretion,M1,1,0
1,-5.6,GO:0007628,adult walking behavior,M1,1,0
1,-7.2,GO:0051047,positive regulation of secretion,M1,1,0
1,-6.3,GO:0098659,inorganic cation import across plasma membrane,M1,1,0
1,-2.8,GO:0048311,mitochondrion distribution,M1,1,0
1,-2.3,GO:0051283,negative regulation of sequestering of calcium ion,M1,1,0
1,-3.3,GO:1903531,negative regulation of secretion by cell,M1,1,0
1,-2.1,M255,PID HIF1 TFPATHWAY,M1,1,0
1,-2.5,WP4018,Clear cell renal cell carcinoma pathways,M1,1,0
1,-3,GO:0007423,sensory organ development,M1,1,0
1,-3.5,GO:0001764,neuron migration,M1,1,0
1,-3.3,GO:0048013,ephrin receptor signaling pathway,M1,1,0
1,-4.5,WP4159,GABA receptor signaling,M1,1,0
1,-7.2,GO:0023061,signal release,M1,1,0
1,-2.3,R-HSA-9013026,RHOB GTPase cycle,M1,1,0
1,-2.9,GO:0016197,endosomal transport,M1,1,0
1,-2.1,GO:0016241,regulation of macroautophagy,M1,1,0
1,-4.5,GO:0051282,regulation of sequestering of calcium ion,M1,1,0
1,-4.2,GO:0009117,nucleotide metabolic process,M1,1,0
1,-3.4,GO:0099173,postsynapse organization,M1,1,0
1,-2.7,GO:0021554,optic nerve development,M1,1,0
1,-2.7,GO:0001568,blood vessel development,M1,1,0
1,-6.8,GO:0050796,regulation of insulin secretion,M1,1,0
1,-5,GO:0051640,organelle localization,M1,1,0
1,-2.4,M122,PID IL2 1PATHWAY,M1,1,0
1,-3.2,GO:0031032,actomyosin structure organization,M1,1,0
1,-2.3,GO:0030166,proteoglycan biosynthetic process,M1,1,0
1,-2.6,R-HSA-418594,G alpha (i) signalling events,M1,1,0
1,-2.5,GO:0032409,regulation of transporter activity,M1,1,0
1,-7.3,GO:0010817,regulation of hormone levels,M1,1,0
1,-5,GO:1903829,positive regulation of protein localization,M1,1,0
1,-2.9,GO:0032350,regulation of hormone metabolic process,M1,1,0
1,-3.1,GO:0034249,negative regulation of amide metabolic process,M1,1,0
1,-6.9,hsa04725,Cholinergic synapse,M1,1,0
1,-2.2,GO:0021537,telencephalon development,M1,1,0
1,-2.2,GO:0006650,glycerophospholipid metabolic process,M1,1,0
1,-4.2,GO:0090277,positive regulation of peptide hormone secretion,M1,1,0
1,-3.3,GO:1903076,regulation of protein localization to plasma membrane,M1,1,0
1,-2,GO:0046890,regulation of lipid biosynthetic process,M1,1,0
1,-2.6,GO:0009166,nucleotide catabolic process,M1,1,0
1,-3.7,GO:1904862,inhibitory synapse assembly,M1,1,0
1,-3.6,R-HSA-418360,Platelet calcium homeostasis,M1,1,0
1,-3.3,GO:0009416,response to light stimulus,M1,1,0
1,-2.9,GO:0010506,regulation of autophagy,M1,1,0
1,-2.5,M113,PID NFAT 3PATHWAY,M1,1,0
1,-3.9,GO:0070509,calcium ion import,M1,1,0
1,-2.7,GO:0043149,stress fiber assembly,M1,1,0
1,-2.6,GO:0031103,axon regeneration,M1,1,0
1,-3.4,WP428,Wnt signaling,M1,1,0
1,-4.2,GO:0002793,positive regulation of peptide secretion,M1,1,0
1,-3.8,hsa05031,Amphetamine addiction,M1,1,0
1,-3.9,R-HSA-438064,Post NMDA receptor activation events,M1,1,0
1,-2.3,GO:0015012,heparan sulfate proteoglycan biosynthetic process,M1,1,0
1,-2.9,GO:0070848,response to growth factor,M1,1,0
1,-3.6,GO:0002026,regulation of the force of heart contraction,M1,1,0
1,-9.3,GO:0060322,head development,M1,1,0
1,-2.1,M3008,NABA ECM GLYCOPROTEINS,M1,1,0
1,-5.4,hsa05414,Dilated cardiomyopathy,M1,1,0
1,-2.7,hsa04066,HIF-1 signaling pathway,M1,1,0
1,-2.8,GO:0072523,purine-containing compound catabolic process,M1,1,0
1,-3.2,hsa05200,Pathways in cancer,M1,1,0
1,-2.1,R-HSA-1483249,Inositol phosphate metabolism,M1,1,0
1,-2.1,GO:0031401,positive regulation of protein modification process,M1,1,0
1,-3,GO:0055001,muscle cell development,M1,1,0
1,-2.6,GO:0055117,regulation of cardiac muscle contraction,M1,1,0
1,-3.2,GO:0014887,cardiac muscle adaptation,M1,1,0
1,-2.2,GO:0048593,camera-type eye morphogenesis,M1,1,0
1,-2.6,WP1541,Energy metabolism,M1,1,0
1,-2.3,GO:1902991,regulation of amyloid precursor protein catabolic process,M1,1,0
1,-2.7,GO:0061024,membrane organization,M1,1,0
1,-3.2,WP2032,Thyroid stimulating hormone TSH signaling,M1,1,0
1,-4,hsa04540,Gap junction,M1,1,0
1,-2.5,GO:0007422,peripheral nervous system development,M1,1,0
1,-3.9,GO:1990806,ligand-gated ion channel signaling pathway,M1,1,0
1,-2.3,GO:0014888,striated muscle adaptation,M1,1,0
1,-5.2,R-HSA-381676,Glucagon-like Peptide-1 (GLP1) regulates insulin secretion,M1,1,0
1,-12,hsa04925,Aldosterone synthesis and secretion,M1,1,0
1,-4.2,GO:0010765,positive regulation of sodium ion transport,M1,1,0
1,-3.1,GO:0030336,negative regulation of cell migration,M1,1,0
1,-3.2,GO:0019228,neuronal action potential,M1,1,0
1,-5,GO:0062197,cellular response to chemical stress,M1,1,0
1,-8,GO:0032940,secretion by cell,M1,1,0
1,-12,GO:0140352,export from cell,M1,1,0
1,-5.5,GO:0050773,regulation of dendrite development,M1,1,0
1,-11,hsa04022,cGMP-PKG signaling pathway,M1,1,0
1,-9.3,GO:0016082,synaptic vesicle priming,M1,1,0
1,-4.2,GO:0043523,regulation of neuron apoptotic process,M1,1,0
1,-2,GO:0016242,negative regulation of macroautophagy,M1,1,0
1,-2,GO:0034504,protein localization to nucleus,M1,1,0
1,-2.6,R-HSA-2029485,Role of phospholipids in phagocytosis,M1,1,0
1,-4.3,GO:0006886,intracellular protein transport,M1,1,0
1,-3.6,hsa04010,MAPK signaling pathway,M1,1,0
1,-8.2,GO:0060078,regulation of postsynaptic membrane potential,M1,1,0
1,-6.2,GO:0055119,relaxation of cardiac muscle,M1,1,0
1,-19,GO:0098662,inorganic cation transmembrane transport,M1,1,0
1,-3.4,GO:1902656,calcium ion import into cytosol,M1,1,0
1,-7,GO:0019725,cellular homeostasis,M1,1,0
1,-7.6,GO:0006887,exocytosis,M1,1,0
1,-2.1,hsa04380,Osteoclast differentiation,M1,1,0
1,-4.7,GO:0002792,negative regulation of peptide secretion,M1,1,0
1,-2.1,R-HSA-6814122,Cooperation of PDCL (PhLP1) and TRiC/CCT in G-protein beta folding,M1,1,0
1,-2.1,GO:0021543,pallium development,M1,1,0
1,-4.5,R-HSA-983712,Ion channel transport,M1,1,0
1,-2.4,R-HSA-1638091,Heparan sulfate/heparin (HS-GAG) metabolism,M1,1,0
1,-2.9,hsa05417,Lipid and atherosclerosis,M1,1,0
1,-2.1,GO:0055002,striated muscle cell development,M1,1,0
1,-2.3,GO:0051492,regulation of stress fiber assembly,M1,1,0
1,-9.3,GO:0043269,regulation of monoatomic ion transport,M1,1,0
1,-8.8,hsa04971,Gastric acid secretion,M1,1,0
1,-3,M15,PID LYSOPHOSPHOLIPID PATHWAY,M1,1,0
1,-2.1,GO:0043500,muscle adaptation,M1,1,0
1,-5,GO:0051924,regulation of calcium ion transport,M1,1,0
1,-2.2,GO:0051017,actin filament bundle assembly,M1,1,0
1,-2.1,GO:0006897,endocytosis,M1,1,0
1,-2.1,GO:0002027,regulation of heart rate,M1,1,0
1,-3.9,GO:0006198,cAMP catabolic process,M1,1,0
1,-2.2,GO:0033365,protein localization to organelle,M1,1,0
1,-2.4,GO:0043410,positive regulation of MAPK cascade,M1,1,0
1,-5.1,GO:0016081,synaptic vesicle docking,M1,1,0
1,-5.1,GO:0051260,protein homooligomerization,M1,1,0
1,-2.2,hsa04666,Fc gamma R-mediated phagocytosis,M1,1,0
1,-5.3,GO:1990778,protein localization to cell periphery,M1,1,0
1,-3.3,WP2374,Oncostatin M signaling,M1,1,0
1,-6.6,GO:0071407,cellular response to organic cyclic compound,M1,1,0
1,-5,GO:0006163,purine nucleotide metabolic process,M1,1,0
1,-7.9,WP4829,mBDNF and proBDNF regulation of GABA neurotransmission,M1,1,0
1,-8.8,hsa04970,Salivary secretion,M1,1,0
1,-7.2,hsa04020,Calcium signaling pathway,M1,1,0
1,-3.7,GO:0060047,heart contraction,M1,1,0
1,-4.8,hsa04924,Renin secretion,M1,1,0
1,-2.1,hsa05142,Chagas disease,M1,1,0
1,-2.2,hsa03250,Viral life cycle - HIV-1,M1,1,0
1,-2.1,GO:0010812,negative regulation of cell-substrate adhesion,M1,1,0
1,-7.2,GO:0007612,learning,M1,1,0
1,-3.2,GO:0090030,regulation of steroid hormone biosynthetic process,M1,1,0
1,-2.6,GO:0030832,regulation of actin filament length,M1,1,0
1,-2.4,GO:0009141,nucleoside triphosphate metabolic process,M1,1,0
1,-2.4,GO:0046034,ATP metabolic process,M1,1,0
1,-8.3,GO:0051223,regulation of protein transport,M1,1,0
1,-2.2,hsa04114,Oocyte meiosis,M1,1,0
1,-2,hsa00250,"Alanine, aspartate and glutamate metabolism",M1,1,0
1,-2.2,GO:0007015,actin filament organization,M1,1,0
1,-2.3,WP5355,Metabolic epileptic disorders,M1,1,0
1,-3.2,WP4875,Disruption of postsynaptic signaling by CNV,M1,1,0
1,-7.8,GO:0007411,axon guidance,M1,1,0
1,-5.4,GO:0044089,positive regulation of cellular component biogenesis,M1,1,0
1,-6.7,GO:0090087,regulation of peptide transport,M1,1,0
1,-3.9,GO:0071447,cellular response to hydroperoxide,M1,1,0
1,-4,GO:1904375,regulation of protein localization to cell periphery,M1,1,0
1,-6,GO:0097305,response to alcohol,M1,1,0
1,-3.1,GO:0001952,regulation of cell-matrix adhesion,M1,1,0
1,-2.4,M69,PID REELIN PATHWAY,M1,1,0
1,-9.7,WP4312,Rett syndrome,M1,1,0
1,-3.4,GO:0034331,cell junction maintenance,M1,1,0
1,-2,WP3998,Prader Willi and Angelman syndrome,M1,1,0
1,-3.2,WP5094,Orexin receptor pathway,M1,1,0
1,-4.9,GO:1990573,potassium ion import across plasma membrane,M1,1,0
1,-15,GO:0048812,neuron projection morphogenesis,M1,1,0
1,-4.3,GO:0032253,dense core granule localization,M1,1,0
1,-2.9,hsa04915,Estrogen signaling pathway,M1,1,0
1,-6.9,hsa04928,"Parathyroid hormone synthesis, secretion and action",M1,1,0
1,-2.5,R-HSA-3295583,TRP channels,M1,1,0
1,-3.7,GO:0098876,vesicle-mediated transport to the plasma membrane,M1,1,0
1,-3.6,R-HSA-936837,Ion transport by P-type ATPases,M1,1,0
1,-2.7,WP5426,HDAC6 interactions in the central nervous system,M1,1,0
1,-3,GO:0098609,cell-cell adhesion,M1,1,0
1,-7.2,GO:0030003,intracellular monoatomic cation homeostasis,M1,1,0
1,-8,GO:0044057,regulation of system process,M1,1,0
1,-2.5,GO:1990089,response to nerve growth factor,M1,1,0
1,-5.4,R-HSA-977443,GABA receptor activation,M1,1,0
1,-4.2,GO:0060048,cardiac muscle contraction,M1,1,0
1,-2.6,GO:1902003,regulation of amyloid-beta formation,M1,1,0
1,-5.2,R-HSA-422475,Axon guidance,M1,1,0
1,-3.4,GO:0032386,regulation of intracellular transport,M1,1,0
1,-4.2,GO:0071248,cellular response to metal ion,M1,1,0
1,-2.4,GO:0010882,regulation of cardiac muscle contraction by calcium ion signaling,M1,1,0
1,-2.5,GO:0150063,visual system development,M1,1,0
1,-15,GO:0120039,plasma membrane bounded cell projection morphogenesis,M1,1,0
1,-3.1,GO:0034614,cellular response to reactive oxygen species,M1,1,0
1,-17,GO:0050803,regulation of synapse structure or activity,M1,1,0
1,-5,GO:0008361,regulation of cell size,M1,1,0
1,-2.1,R-HSA-9664323,FCGR3A-mediated IL10 synthesis,M1,1,0
1,-2.1,R-HSA-2029480,Fcgamma receptor (FCGR) dependent phagocytosis,M1,1,0
1,-2.6,GO:0008038,neuron recognition,M1,1,0
1,-3.8,GO:0045471,response to ethanol,M1,1,0
1,-6.1,GO:0051932,"synaptic transmission, GABAergic",M1,1,0
1,-2.7,GO:0030038,contractile actin filament bundle assembly,M1,1,0
1,-8.2,hsa04720,Long-term potentiation,M1,1,0
1,-3,GO:0021955,central nervous system neuron axonogenesis,M1,1,0
1,-3.2,GO:0006195,purine nucleotide catabolic process,M1,1,0
1,-3.4,GO:0046434,organophosphate catabolic process,M1,1,0
1,-2.1,GO:1905477,positive regulation of protein localization to membrane,M1,1,0
1,-2.1,GO:0070050,neuron cellular homeostasis,M1,1,0
1,-3,GO:0014742,positive regulation of muscle hypertrophy,M1,1,0
1,-3.5,R-HSA-372790,Signaling by GPCR,M1,1,0
1,-2.5,GO:0014075,response to amine,M1,1,0
1,-7.7,hsa04713,Circadian entrainment,M1,1,0
1,-4.7,R-HSA-5576892,Phase 0 - rapid depolarisation,M1,1,0
1,-2.9,M237,PID VEGFR1 2 PATHWAY,M1,1,0
1,-7.6,GO:1901888,regulation of cell junction assembly,M1,1,0
1,-4.4,hsa04922,Glucagon signaling pathway,M1,1,0
1,-5.8,CORUM:5809,"GABA-A receptor (GABRA1, GABRB2, GABRG2)",M1,1,0
1,-2.9,hsa04310,Wnt signaling pathway,M1,1,0
1,-2.4,GO:0048880,sensory system development,M1,1,0
1,-3.4,GO:0014074,response to purine-containing compound,M1,1,0
1,-7.3,GO:0019227,neuronal action potential propagation,M1,1,0
1,-3.1,GO:0045744,negative regulation of G protein-coupled receptor signaling pathway,M1,1,0
1,-4.1,hsa04978,Mineral absorption,M1,1,0
1,-2.5,GO:0003338,metanephros morphogenesis,M1,1,0
1,-2.5,GO:0007163,establishment or maintenance of cell polarity,M1,1,0
1,-3.8,GO:0150115,cell-substrate junction organization,M1,1,0
1,-4.2,R-HSA-1489509,DAG and IP3 signaling,M1,1,0
1,-3.9,GO:0060291,long-term synaptic potentiation,M1,1,0
1,-2.3,WP3869,Cannabinoid receptor signaling,M1,1,0
1,-2.2,M108,PID NETRIN PATHWAY,M1,1,0
1,-5.2,GO:0019693,ribose phosphate metabolic process,M1,1,0
1,-5.2,WP5083,Neuroinflammation and glutamatergic signaling,M1,1,0
1,-5.1,GO:0140115,export across plasma membrane,M1,1,0
1,-3.3,GO:0099558,maintenance of synapse structure,M1,1,0
1,-3.2,GO:0051654,establishment of mitochondrion localization,M1,1,0
1,-5.6,GO:0031345,negative regulation of cell projection organization,M1,1,0
1,-2.7,GO:0099565,"chemical synaptic transmission, postsynaptic",M1,1,0
1,-2.5,WP4539,Synaptic signaling associated with autism spectrum disorder,M1,1,0
1,-4.7,GO:0090278,negative regulation of peptide hormone secretion,M1,1,0
1,-2.5,GO:0034284,response to monosaccharide,M1,1,0
1,-2.2,GO:0002757,immune response-activating signaling pathway,M1,1,0
1,-2.4,R-HSA-9658195,Leishmania infection,M1,1,0
1,-7.3,GO:0090066,regulation of anatomical structure size,M1,1,0
1,-8.7,GO:0060998,regulation of dendritic spine development,M1,1,0
1,-3.4,GO:0098656,monoatomic anion transmembrane transport,M1,1,0
1,-3.8,GO:0150116,regulation of cell-substrate junction organization,M1,1,0
1,-19,GO:0099177,regulation of trans-synaptic signaling,M1,1,0
1,-2.2,GO:0048589,developmental growth,M1,1,0
1,-6.7,GO:1904062,regulation of monoatomic cation transmembrane transport,M1,1,0
1,-4.9,GO:0000165,MAPK cascade,M1,1,0
1,-2.2,WP2858,Ectoderm differentiation,M1,1,0
1,-2,GO:0042462,eye photoreceptor cell development,M1,1,0
1,-2.6,WP1528,Physiological and pathological hypertrophy of the heart,M1,1,0
1,-9.7,GO:0099003,vesicle-mediated transport in synapse,M1,1,0
1,-2.2,hsa05231,Choline metabolism in cancer,M1,1,0
1,-6.1,GO:0034329,cell junction assembly,M1,1,0
1,-2.4,GO:0060537,muscle tissue development,M1,1,0
1,-3.4,GO:0031589,cell-substrate adhesion,M1,1,0
1,-4.1,GO:0050714,positive regulation of protein secretion,M1,1,0
1,-2.8,WP5224,2q37 copy number variation syndrome,M1,1,0
1,-2,GO:0046326,positive regulation of D-glucose import,M1,1,0
1,-3.6,hsa05146,Amoebiasis,M1,1,0
1,-2.4,GO:0001666,response to hypoxia,M1,1,0
1,-6.4,GO:0051588,regulation of neurotransmitter transport,M1,1,0
1,-2.5,R-HSA-2871809,FCERI mediated Ca+2 mobilization,M1,1,0
1,-2.6,R-HSA-3928663,EPHA-mediated growth cone collapse,M1,1,0
1,-2.8,WP4756,Renin angiotensin aldosterone system RAAS,M1,1,0
1,-3.5,GO:0008542,visual learning,M1,1,0
1,-2,M81,PID CDC42 PATHWAY,M1,1,0
1,-7.9,hsa04912,GnRH signaling pathway,M1,1,0
1,-4.2,GO:0003407,neural retina development,M1,1,0
1,-9.2,hsa04727,GABAergic synapse,M1,1,0
1,-2.9,GO:1902905,positive regulation of supramolecular fiber organization,M1,1,0
1,-9.9,GO:0034762,regulation of transmembrane transport,M1,1,0
1,-2.4,GO:0050885,neuromuscular process controlling balance,M1,1,0
1,-8.2,hsa04360,Axon guidance,M1,1,0
1,-3,GO:0035641,locomotory exploration behavior,M1,1,0
1,-5.3,hsa04960,Aldosterone-regulated sodium reabsorption,M1,1,0
1,-4.5,GO:0010976,positive regulation of neuron projection development,M1,1,0
1,-2.4,hsa04512,ECM-receptor interaction,M1,1,0
1,-6,GO:0050708,regulation of protein secretion,M1,1,0
1,-9.2,hsa04961,Endocrine and other factor-regulated calcium reabsorption,M1,1,0
1,-7.7,WP5470,Effect of omega 3 PUFA on Huntington 39 s disease pathways,M1,1,0
1,-4.2,R-HSA-388396,GPCR downstream signalling,M1,1,0
1,-3.2,GO:0060219,camera-type eye photoreceptor cell differentiation,M1,1,0
1,-5.6,R-HSA-418346,Platelet homeostasis,M1,1,0
1,-5.3,GO:0030029,actin filament-based process,M1,1,0
1,-4.2,GO:0046777,protein autophosphorylation,M1,1,0
1,-3.5,GO:1903779,regulation of cardiac conduction,M1,1,0
1,-2.2,GO:0031102,neuron projection regeneration,M1,1,0
1,-3.1,GO:0018209,peptidyl-serine modification,M1,1,0
1,-2.3,GO:0006470,protein dephosphorylation,M1,1,0
1,-6.4,GO:0052652,cyclic purine nucleotide metabolic process,M1,1,0
1,-7,GO:0010720,positive regulation of cell development,M1,1,0
1,-7.1,GO:0008277,regulation of G protein-coupled receptor signaling pathway,M1,1,0
1,-2.5,GO:0006029,proteoglycan metabolic process,M1,1,0
1,-5.2,GO:0046058,cAMP metabolic process,M1,1,0
1,-2.2,GO:0060045,positive regulation of cardiac muscle cell proliferation,M1,1,0
1,-4.6,GO:0021953,central nervous system neuron differentiation,M1,1,0
1,-5.1,GO:0022604,regulation of cell morphogenesis,M1,1,0
1,-4,hsa04935,"Growth hormone synthesis, secretion and action",M1,1,0
1,-2.9,WP2059,Alzheimer 39 s disease and miRNA effects,M1,1,0
1,-3.2,GO:0014898,cardiac muscle hypertrophy in response to stress,M1,1,0
1,-2.2,GO:0040007,growth,M1,1,0
1,-2.7,GO:0009314,response to radiation,M1,1,0
1,-2.2,WP2197,Endothelin pathways,M1,1,0
1,-3.7,GO:0045596,negative regulation of cell differentiation,M1,1,0
1,-2.7,GO:2001135,regulation of endocytic recycling,M1,1,0
1,-2.7,GO:0008015,blood circulation,M1,1,0
1,-8.4,GO:0007626,locomotory behavior,M1,1,0
1,-9.7,WP4549,Fragile X syndrome,M1,1,0
1,-3.4,GO:1901890,positive regulation of cell junction assembly,M1,1,0
1,-7.1,GO:0006873,intracellular monoatomic ion homeostasis,M1,1,0
1,-4.6,GO:0007613,memory,M1,1,0
1,-9.7,GO:0016079,synaptic vesicle exocytosis,M1,1,0
1,-4.2,WP734,Serotonin receptor 4 6 7 and NR3C signaling,M1,1,0
1,-2.4,GO:0035235,ionotropic glutamate receptor signaling pathway,M1,1,0
1,-3.9,GO:0060042,retina morphogenesis in camera-type eye,M1,1,0
1,-3.4,GO:0021952,central nervous system projection neuron axonogenesis,M1,1,0
1,-7.8,R-HSA-5576891,Cardiac conduction,M1,1,0
1,-2.6,GO:0009144,purine nucleoside triphosphate metabolic process,M1,1,0
1,-2.3,GO:0051209,release of sequestered calcium ion into cytosol,M1,1,0
1,-9.6,hsa04024,cAMP signaling pathway,M1,1,0
1,-2,GO:0008340,determination of adult lifespan,M1,1,0
1,-3.6,GO:0007215,glutamate receptor signaling pathway,M1,1,0
1,-2.7,hsa05020,Prion disease,M1,1,0
1,-3.5,GO:0071396,cellular response to lipid,M1,1,0
1,-3.5,GO:0030036,actin cytoskeleton organization,M1,1,0
1,-2.7,GO:0009743,response to carbohydrate,M1,1,0
1,-8.5,GO:0010959,regulation of metal ion transport,M1,1,0
1,-2.9,WP5124,Alzheimer 39 s disease,M1,1,0
1,-2,GO:0071375,cellular response to peptide hormone stimulus,M1,1,0
1,-2.8,GO:0048511,rhythmic process,M1,1,0
1,-7,GO:0006814,sodium ion transport,M1,1,0
1,-2.2,R-HSA-9662360,Sensory processing of sound by inner hair cells of the cochlea,M1,1,0
1,-19,GO:0050804,modulation of chemical synaptic transmission,M1,1,0
1,-9.4,GO:0031346,positive regulation of cell projection organization,M1,1,0
1,-4.6,R-HSA-109582,Hemostasis,M1,1,0
1,-10,hsa05032,Morphine addiction,M1,1,0
1,-4.8,GO:0014733,regulation of skeletal muscle adaptation,M1,1,0
1,-3.9,hsa04611,Platelet activation,M1,1,0
1,-3.1,GO:1904892,regulation of receptor signaling pathway via STAT,M1,1,0
1,-2.2,hsa01522,Endocrine resistance,M1,1,0
1,-4.5,GO:0098739,import across plasma membrane,M1,1,0
1,-3.9,GO:0045664,regulation of neuron differentiation,M1,1,0
1,-9.6,GO:0051960,regulation of nervous system development,M1,1,0
1,-2.8,GO:0010828,positive regulation of D-glucose transmembrane transport,M1,1,0
1,-2.6,GO:0010827,regulation of D-glucose transmembrane transport,M1,1,0
1,-2.3,GO:0086009,membrane repolarization,M1,1,0
1,-2.9,GO:0043954,cellular component maintenance,M1,1,0
1,-2.2,GO:0006865,amino acid transport,M1,1,0
1,-2.9,R-HSA-2682334,EPH-Ephrin signaling,M1,1,0
1,-2,GO:0009749,response to glucose,M1,1,0
1,-2.5,hsa04722,Neurotrophin signaling pathway,M1,1,0
1,-3.2,WP706,Sudden infant death syndrome SIDS susceptibility pathways,M1,1,0
1,-2.3,GO:0051591,response to cAMP,M1,1,0
1,-3.9,R-HSA-418597,G alpha (z) signalling events,M1,1,0
1,-2.4,R-HSA-76002,"Platelet activation, signaling and aggregation",M1,1,0
1,-2.7,WP4341,Non genomic actions of 1 25 dihydroxyvitamin D3,M1,1,0
1,-3.4,GO:0086003,cardiac muscle cell contraction,M1,1,0
1,-17,GO:0050807,regulation of synapse organization,M1,1,0
1,-2.3,GO:0001823,mesonephros development,M1,1,0
1,-2.3,GO:0048168,regulation of neuronal synaptic plasticity,M1,1,0
1,-6,hsa04260,Cardiac muscle contraction,M1,1,0
1,-2.9,GO:0045637,regulation of myeloid cell differentiation,M1,1,0
1,-3.1,GO:0060491,regulation of cell projection assembly,M1,1,0
1,-2.7,GO:1904889,regulation of excitatory synapse assembly,M1,1,0
1,-2.2,GO:1903706,regulation of hemopoiesis,M1,1,0
1,-3.6,GO:0051048,negative regulation of secretion,M1,1,0
1,-3.9,GO:0055086,nucleobase-containing small molecule metabolic process,M1,1,0
1,-2.9,GO:0060079,excitatory postsynaptic potential,M1,1,0
1,-2.5,GO:1990138,neuron projection extension,M1,1,0
1,-2.1,GO:0051648,vesicle localization,M1,1,0
1,-2.3,GO:0043647,inositol phosphate metabolic process,M1,1,0
1,-23,GO:0098660,inorganic ion transmembrane transport,M1,1,0
1,-5.1,hsa05033,Nicotine addiction,M1,1,0
1,-3.6,hsa04930,Type II diabetes mellitus,M1,1,0
1,-7.1,GO:0051668,localization within membrane,M1,1,0
1,-2.7,GO:0009205,purine ribonucleoside triphosphate metabolic process,M1,1,0
1,-5.7,GO:0007167,enzyme-linked receptor protein signaling pathway,M1,1,0
1,-3.2,GO:0007632,visual behavior,M1,1,0
1,-2.2,GO:0007160,cell-matrix adhesion,M1,1,0
1,-4,GO:0050919,negative chemotaxis,M1,1,0
1,-4,WP673,ErbB signaling,M1,1,0
1,-3.5,GO:1901654,response to ketone,M1,1,0
1,-2.9,GO:0051336,regulation of hydrolase activity,M1,1,0
1,-3.3,R-HSA-163125,Post-translational modification: synthesis of GPI-anchored proteins,M1,1,0
1,-3.8,hsa05205,Proteoglycans in cancer,M1,1,0
1,-2.9,GO:0086065,cell communication involved in cardiac conduction,M1,1,0
1,-9.2,GO:0006813,potassium ion transport,M1,1,0
1,-3.3,M63,PID AVB3 OPN PATHWAY,M1,1,0
1,-2.3,WP5265,Neurogenesis regulation in the olfactory epithelium,M1,1,0
1,-2.4,GO:0043068,positive regulation of programmed cell death,M1,1,0
1,-2.7,GO:0010721,negative regulation of cell development,M1,1,0
1,-18,GO:0120035,regulation of plasma membrane bounded cell projection organization,M1,1,0
1,-2.3,GO:0043244,regulation of protein-containing complex disassembly,M1,1,0
1,-2,GO:0000226,microtubule cytoskeleton organization,M1,1,0
1,-2.4,GO:0040011,locomotion,M1,1,0
1,-6.9,WP35,G protein signaling,M1,1,0
1,-3.2,GO:0031644,regulation of nervous system process,M1,1,0
1,-5,GO:0046676,negative regulation of insulin secretion,M1,1,0
1,-5.3,GO:0086001,cardiac muscle cell action potential,M1,1,0
1,-2,WP722,Serotonin HTR1 group and FOS pathway,M1,1,0
1,-3.6,R-HSA-112040,G-protein mediated events,M1,1,0
1,-2.9,GO:0003013,circulatory system process,M1,1,0
1,-2.5,GO:0016049,cell growth,M1,1,0
1,-3,GO:2000146,negative regulation of cell motility,M1,1,0
1,-16,GO:0007610,behavior,M1,1,0
1,-2.2,GO:0045937,positive regulation of phosphate metabolic process,M1,1,0
1,-3.2,GO:0050851,antigen receptor-mediated signaling pathway,M1,1,0
1,-2.1,GO:0045671,negative regulation of osteoclast differentiation,M1,1,0
1,-4.2,GO:0048678,response to axon injury,M1,1,0
1,-17,GO:0031344,regulation of cell projection organization,M1,1,0
1,-4.2,GO:0003012,muscle system process,M1,1,0
1,-4.1,GO:1903522,regulation of blood circulation,M1,1,0
1,-3.2,M281,PID FAK PATHWAY,M1,1,0
1,-2.1,GO:0001659,temperature homeostasis,M1,1,0
1,-4.3,WP4222,Phosphodiesterases in neuronal function,M1,1,0
1,-2.2,GO:0010562,positive regulation of phosphorus metabolic process,M1,1,0
1,-2.9,GO:0006937,regulation of muscle contraction,M1,1,0
1,-2.7,M5193,SIG CHEMOTAXIS,M1,1,0
1,-2.1,hsa04625,C-type lectin receptor signaling pathway,M1,1,0
1,-2.2,GO:0071456,cellular response to hypoxia,M1,1,0
1,-21,GO:0030001,metal ion transport,M1,1,0
1,-3.6,GO:0035249,"synaptic transmission, glutamatergic",M1,1,0
1,-8.2,GO:0007420,brain development,M1,1,0
1,-3.4,GO:0018105,peptidyl-serine phosphorylation,M1,1,0
1,-3.8,GO:0043268,positive regulation of potassium ion transport,M1,1,0
1,-8.5,GO:0050890,cognition,M1,1,0
1,-2,GO:0003300,cardiac muscle hypertrophy,M1,1,0
1,-3.5,GO:0060996,dendritic spine development,M1,1,0
1,-3.4,GO:0042752,regulation of circadian rhythm,M1,1,0
1,-5.6,GO:0050806,positive regulation of synaptic transmission,M1,1,0
1,-3.5,GO:0046887,positive regulation of hormone secretion,M1,1,0
1,-10,GO:0099504,synaptic vesicle cycle,M1,1,0
1,-2.5,GO:0090407,organophosphate biosynthetic process,M1,1,0
1,-7.3,GO:0032956,regulation of actin cytoskeleton organization,M1,1,0
1,-2.7,R-HSA-9012999,RHO GTPase cycle,M1,1,0
