Network,Annotation
hits,GO:0098660|inorganic ion transmembrane transport|-25.4;GO:0098662|inorganic cation transmembrane transport|-21.8;GO:0042391|regulation of membrane potential|-21.7
hits_MCODE_ALL,GO:0098660|inorganic ion transmembrane transport|-24.3;GO:0098662|inorganic cation transmembrane transport|-18.6;GO:0098655|monoatomic cation transmembrane transport|-18.4
hits_SUB1_MCODE_1,GO:0071805|potassium ion transmembrane transport|-7.3;GO:0006813|potassium ion transport|-7.1;hsa04721|Synaptic vesicle cycle|-6.8
hits_SUB1_MCODE_2,hsa04932|Non-alcoholic fatty liver disease|-7.7;hsa05415|Diabetic cardiomyopathy|-7.1;hsa05208|Chemical carcinogenesis - reactive oxygen species|-6.9
hits_SUB1_MCODE_3,hsa04921|Oxytocin signaling pathway|-13.6;GO:0070588|calcium ion transmembrane transport|-12.5;GO:0006816|calcium ion transport|-11.9
hits_SUB1_MCODE_4,"GO:0051932|synaptic transmission, GABAergic|-15.3;GO:0007214|gamma-aminobutyric acid signaling pathway|-15.2;WP4159|GABA receptor signaling|-15.1"
hits_SUB1_MCODE_5,hsa04972|Pancreatic secretion|-9.2;GO:0055082|intracellular chemical homeostasis|-8.5;WP536|Calcium regulation in cardiac cells|-8.5
hits_SUB1_MCODE_6,GO:0018193|peptidyl-amino acid modification|-5.8;WP3888|VEGFA VEGFR2 signaling|-5.5
hits_SUB1_MCODE_7,M18|PID INTEGRIN1 PATHWAY|-8.0;hsa04512|ECM-receptor interaction|-7.6;WP306|Focal adhesion|-6.6
