Cluster,Score,Type,Gene,Symbol,Network
4,2.0,Clustered,2561,GABRB2,hits_SUB1
4,2.0,Clustered,2554,GABRA1,hits_SUB1
4,2.0,Clustered,2566,GABRG2,hits_SUB1
4,2.0,Clustered,2567,GABRG3,hits_SUB1
4,2.0,Seed,2563,GABRD,hits_SUB1
3,1.9090909090909092,Clustered,4747,NEFL,hits_SUB1
3,1.9090909090909092,Clustered,3708,ITPR1,hits_SUB1
3,1.9090909090909092,Clustered,785,CACNB4,hits_SUB1
3,1.9090909090909092,Seed,5923,RASGRF1,hits_SUB1
3,1.9090909090909092,Clustered,2903,GRIN2A,hits_SUB1
3,1.9090909090909092,Clustered,5144,PDE4D,hits_SUB1
3,1.9090909090909092,Clustered,818,CAMK2G,hits_SUB1
3,1.9090909090909092,Clustered,59283,CACNG8,hits_SUB1
3,1.9090909090909092,Clustered,55799,CACNA2D3,hits_SUB1
3,1.9090909090909092,Clustered,3709,ITPR2,hits_SUB1
3,1.9090909090909092,Clustered,23236,PLCB1,hits_SUB1
5,1.7999999999999998,Clustered,488,ATP2A2,hits_SUB1
5,1.7999999999999998,Seed,6833,ABCC8,hits_SUB1
5,1.7999999999999998,Clustered,490,ATP2B1,hits_SUB1
5,1.7999999999999998,Clustered,481,ATP1B1,hits_SUB1
5,1.7999999999999998,Clustered,483,ATP1B3,hits_SUB1
1,1.736842105263158,Clustered,526,ATP6V1B2,hits_SUB1
1,1.736842105263158,Clustered,6138,RPL15,hits_SUB1
1,1.736842105263158,Clustered,1211,CLTA,hits_SUB1
1,1.736842105263158,Clustered,5530,PPP3CA,hits_SUB1
1,1.736842105263158,Clustered,3756,KCNH1,hits_SUB1
1,1.736842105263158,Clustered,10815,CPLX1,hits_SUB1
1,1.736842105263158,Clustered,120892,LRRK2,hits_SUB1
1,1.736842105263158,Clustered,2181,ACSL3,hits_SUB1
1,1.736842105263158,Clustered,476,ATP1A1,hits_SUB1
1,1.736842105263158,Clustered,9515,STXBP5L,hits_SUB1
1,1.736842105263158,Clustered,134957,STXBP5,hits_SUB1
1,1.736842105263158,Clustered,6616,SNAP25,hits_SUB1
1,1.736842105263158,Clustered,5230,PGK1,hits_SUB1
1,1.736842105263158,Clustered,27133,KCNH5,hits_SUB1
1,1.736842105263158,Clustered,56479,KCNQ5,hits_SUB1
1,1.736842105263158,Clustered,816,CAMK2B,hits_SUB1
1,1.736842105263158,Clustered,83988,NCALD,hits_SUB1
1,1.736842105263158,Clustered,9478,CABP1,hits_SUB1
1,1.736842105263158,Clustered,4673,NAP1L1,hits_SUB1
2,1.4117647058823528,Clustered,1329,COX5B,hits_SUB1
2,1.4117647058823528,Clustered,4591,TRIM37,hits_SUB1
2,1.4117647058823528,Clustered,1523,CUX1,hits_SUB1
2,1.4117647058823528,Clustered,9208,LRRFIP1,hits_SUB1
2,1.4117647058823528,Clustered,4205,MEF2A,hits_SUB1
2,1.4117647058823528,Clustered,4705,NDUFA10,hits_SUB1
2,1.4117647058823528,Clustered,56341,PRMT8,hits_SUB1
2,1.4117647058823528,Clustered,5315,PKM,hits_SUB1
2,1.4117647058823528,Clustered,4719,NDUFS1,hits_SUB1
2,1.4117647058823528,Clustered,9648,GCC2,hits_SUB1
2,1.4117647058823528,Clustered,11113,CIT,hits_SUB1
2,1.4117647058823528,Clustered,5295,PIK3R1,hits_SUB1
2,1.4117647058823528,Clustered,5602,MAPK10,hits_SUB1
2,1.4117647058823528,Clustered,2908,NR3C1,hits_SUB1
2,1.4117647058823528,Clustered,1612,DAPK1,hits_SUB1
2,1.4117647058823528,Clustered,4008,LMO7,hits_SUB1
2,1.4117647058823528,Clustered,4208,MEF2C,hits_SUB1
6,1.0,Seed,2597,GAPDH,hits_SUB1
6,1.0,Clustered,2185,PTK2B,hits_SUB1
6,1.0,Clustered,5581,PRKCE,hits_SUB1
7,1.0,Clustered,3908,LAMA2,hits_SUB1
7,1.0,Clustered,8516,ITGA8,hits_SUB1
7,1.0,Clustered,3910,LAMA4,hits_SUB1
