_MEMBER_hits,_LogP_hits,GO,_PATTERN_,_RANK_,GiniIndex,Category,CategoryID,Description,PARENT_GO,LogP,Enrichment,Z-score,#TotalGeneInLibrary,#GeneInGO,#GeneInHitList,#GeneInGOAndHitList,%InGO,STDV %InGO,GeneID,Hits,Log(q-value),EvidenceCutoff
1,-20,COVID016,M1,1,0,COVID,200,RNA_Blanco-Melo_Calu-3_Up,,-20,9.5,15,30284,300,330,31,9.4,1.6,1843|2113|2354|2355|3491|3601|4599|4616|4739|4792|5327|5371|6890|7453|8553|8614|8743|9314|9590|10318|10964|23645|54206|54739|57018|64135|80833|90102|115361|162394|283131,DUSP1|ETS1|FOSB|FOSL2|CCN1|IL15RA|MX1|GADD45B|NEDD9|NFKBIA|PLAT|PML|TAP1|WARS1|BHLHE40|STC2|TNFSF10|KLF4|AKAP12|TNIP1|IFI44L|PPP1R15A|ERRFI1|XAF1|CCNL1|IFIH1|APOL3|PHLDB2|GBP4|SLFN5|NEAT1,-17,0
1,-16,COVID048,M1,1,0,COVID,200,RNA_Wyler_Calu-3_12h_Up,,-16,8.3,13,30284,300,330,27,8.2,1.5,1843|3075|3397|3429|3601|4599|4739|4792|5371|5939|6890|7052|7453|8542|8553|8743|9314|9592|10384|10964|23645|54739|57018|64135|90102|115361|162394,DUSP1|CFH|ID1|IFI27|IL15RA|MX1|NEDD9|NFKBIA|PML|RBMS2|TAP1|TGM2|WARS1|APOL1|BHLHE40|TNFSF10|KLF4|IER2|BTN3A3|IFI44L|PPP1R15A|XAF1|CCNL1|IFIH1|PHLDB2|GBP4|SLFN5,-13,0
1,-15,COVID050,M1,1,0,COVID,200,RNA_Wyler_Calu-3_24h_Up,,-15,8,13,30284,300,330,26,7.9,1.5,1843|3075|3133|3429|3601|4599|4739|4792|5371|6890|7052|7453|8542|8743|9235|9314|10318|10384|10964|23645|54739|57018|64135|80833|115361|162394,DUSP1|CFH|HLA-E|IFI27|IL15RA|MX1|NEDD9|NFKBIA|PML|TAP1|TGM2|WARS1|APOL1|TNFSF10|IL32|KLF4|TNIP1|BTN3A3|IFI44L|PPP1R15A|XAF1|CCNL1|IFIH1|APOL3|GBP4|SLFN5,-12,0
1,-15,COVID193,M1,1,0,COVID,200,RNA_Stukalov_A549-ACE2_30h_Up,,-15,8,13,30284,300,330,26,7.9,1.5,133|1649|1843|2034|2113|2354|2355|3164|3397|3491|3911|3949|4616|4739|4792|7052|8273|8553|9592|10614|23645|56261|57018|90102|283131|284119,ADM|DDIT3|DUSP1|EPAS1|ETS1|FOSB|FOSL2|NR4A1|ID1|CCN1|LAMA5|LDLR|GADD45B|NEDD9|NFKBIA|TGM2|SLC10A3|BHLHE40|IER2|HEXIM1|PPP1R15A|GPCPD1|CCNL1|PHLDB2|NEAT1|CAVIN1,-12,0
1,-13,COVID011,M1,1,0,COVID,200,RNA_Blanco-Melo_A549-ACE2-ruxolitinib_Down,,-13,8.3,12,30284,233,330,21,6.4,1.3,3133|3397|3429|3601|4005|4599|5371|6890|7052|7453|8542|8743|10964|11167|54739|57194|57493|64116|64135|115361|162394,HLA-E|ID1|IFI27|IL15RA|LMO2|MX1|PML|TAP1|TGM2|WARS1|APOL1|TNFSF10|IFI44L|FSTL1|XAF1|ATP10A|HEG1|SLC39A8|IFIH1|GBP4|SLFN5,-10,0
1,-12,COVID243,M1,1,0,COVID,200,RNA_Riva_Vero-E6_24h_Up,,-12,6.7,10,30284,300,330,22,6.7,1.4,90|1649|1843|3164|3397|3491|3911|3949|4616|4739|4792|5205|6909|8553|9314|9592|10318|23645|54206|57018|64135|84879,ACVR1|DDIT3|DUSP1|NR4A1|ID1|CCN1|LAMA5|LDLR|GADD45B|NEDD9|NFKBIA|ATP8B1|TBX2|BHLHE40|KLF4|IER2|TNIP1|PPP1R15A|ERRFI1|CCNL1|IFIH1|MFSD2A,-8.9,0
1,-11,COVID189,M1,1,0,COVID,200,RNA_Stukalov_A549-ACE2_18h_Up,,-11,17,13,30284,66,330,12,3.6,1,1649|1843|2354|3164|3397|4792|7052|8553|9592|23645|57018|84981,DDIT3|DUSP1|FOSB|NR4A1|ID1|NFKBIA|TGM2|BHLHE40|IER2|PPP1R15A|CCNL1|MIR22HG,-8.5,0
1,-9.8,COVID008,M1,1,0,COVID,200,RNA_Blanco-Melo_A549_Up,,-9.8,6.1,9.4,30284,300,330,20,6.1,1.3,306|1649|1831|1843|2113|3491|4616|8462|8614|9235|9590|10395|11167|23645|56985|57493|79993|90102|162394|100506658,ANXA3|DDIT3|TSC22D3|DUSP1|ETS1|CCN1|GADD45B|KLF11|STC2|IL32|AKAP12|DLC1|FSTL1|PPP1R15A|ADPRM|HEG1|ELOVL7|PHLDB2|SLFN5|OCLN,-7.3,0
1,-9.8,COVID032,M1,1,0,COVID,200,RNA_Liao_BALF-severe_Up,,-9.8,6.1,9.4,30284,300,330,20,6.1,1.3,133|2296|3075|3397|3486|3491|3601|4430|4599|5074|5796|6890|11167|23224|28231|64065|64857|85027|92745|259173,ADM|FOXC1|CFH|ID1|IGFBP3|CCN1|IL15RA|MYO1B|MX1|PAWR|PTPRK|TAP1|FSTL1|SYNE2|SLCO4A1|PERP|PLEKHG2|SMIM3|SLC38A5|ALS2CL,-7.3,0
1,-9.1,COVID191,M1,1,0,COVID,200,RNA_Stukalov_A549-ACE2_24h_Up,,-9.1,11,11,30284,98,330,12,3.6,1,1649|1843|3164|3397|3491|4792|7052|8553|9592|23645|56261|57018,DDIT3|DUSP1|NR4A1|ID1|CCN1|NFKBIA|TGM2|BHLHE40|IER2|PPP1R15A|GPCPD1|CCNL1,-6.6,0
1,-9,COVID038,M1,1,0,COVID,200,RNA_Sun_Calu-3_12h_Up,,-9,5.8,8.8,30284,300,330,19,5.8,1.3,1843|3429|3491|4599|4792|6890|8743|9314|10964|23645|54739|54861|56261|57018|64135|79973|115361|162394|253461,DUSP1|IFI27|CCN1|MX1|NFKBIA|TAP1|TNFSF10|KLF4|IFI44L|PPP1R15A|XAF1|SNRK|GPCPD1|CCNL1|IFIH1|ZNF442|GBP4|SLFN5|ZBTB38,-6.6,0
1,-8.8,COVID018,M1,1,0,COVID,200,RNA_Blanco-Melo_Lung_Up,,-8.8,12,11,30284,83,330,11,3.3,0.99,94|2354|3164|3710|4855|7122|7450|9592|11140|54206|113246,ACVRL1|FOSB|NR4A1|ITPR3|NOTCH4|CLDN5|VWF|IER2|CDC37|ERRFI1|C12orf57,-6.3,0
1,-8.2,COVID027,M1,1,0,COVID,200,RNA_Lamers_intestinal-organoid_expansion_Down,,-8.2,5.9,8.4,30284,264,330,17,5.2,1.2,133|978|1649|1831|1893|3486|3643|3956|6513|6948|8462|8553|8848|60485|64094|85027|120224,ADM|CDA|DDIT3|TSC22D3|ECM1|IGFBP3|INSR|LGALS1|SLC2A1|TCN2|KLF11|BHLHE40|TSC22D1|SAV1|SMOC2|SMIM3|TMEM45B,-5.8,0
1,-8.2,COVID024,M1,1,0,COVID,200,RNA_Keller_B-cells-Infected_CD21pos_Up,,-8.2,5.5,8.2,30284,300,330,18,5.5,1.3,1953|2321|3384|3480|4306|4430|4792|5074|5243|5796|9452|9934|51599|56985|60485|90102|115361|151258,MEGF6|FLT1|ICAM2|IGF1R|NR3C2|MYO1B|NFKBIA|PAWR|ABCB1|PTPRK|ITM2A|P2RY14|LSR|ADPRM|SAV1|PHLDB2|GBP4|SLC38A11,-5.8,0
1,-8.2,COVID036,M1,1,0,COVID,200,RNA_Sun_Calu-3_0h_Up,,-8.2,5.5,8.2,30284,300,330,18,5.5,1.3,1843|2113|2878|3601|3949|4739|4792|5327|5371|6890|8553|9314|10318|28231|60485|90102|115361|162394,DUSP1|ETS1|GPX3|IL15RA|LDLR|NEDD9|NFKBIA|PLAT|PML|TAP1|BHLHE40|KLF4|TNIP1|SLCO4A1|SAV1|PHLDB2|GBP4|SLFN5,-5.8,0
1,-8,COVID253,M1,1,0,COVID,200,RNA_Wilk_CD14+Monocytes_patient-C4_Down,,-8,10,9.7,30284,97,330,11,3.3,0.99,1831|1843|2354|3133|4792|8531|9314|9592|23645|57018|283131,TSC22D3|DUSP1|FOSB|HLA-E|NFKBIA|YBX3|KLF4|IER2|PPP1R15A|CCNL1|NEAT1,-5.7,0
1,-7.4,COVID034,M1,1,0,COVID,200,RNA_Liao_BALF-severe-vs-mild_Up,,-7.4,5.2,7.7,30284,300,330,17,5.2,1.2,133|687|978|2354|2355|3491|3915|28231|29950|54206|64857|79993|84981|85027|94234|284119|286006,ADM|KLF9|CDA|FOSB|FOSL2|CCN1|LAMC1|SLCO4A1|SERTAD1|ERRFI1|PLEKHG2|ELOVL7|MIR22HG|SMIM3|FOXQ1|CAVIN1|LSMEM1,-5.1,0
1,-7.2,COVID241,M1,1,0,COVID,200,RNA_Lieberman_Nasopharynx_High_vs_Low_Up,,-7.2,6.9,8.2,30284,173,330,13,3.9,1.1,3491|4005|4599|5371|7453|8542|8743|10964|23294|57493|80833|115361|162394,CCN1|LMO2|MX1|PML|WARS1|APOL1|TNFSF10|IFI44L|ANKS1A|HEG1|APOL3|GBP4|SLFN5,-4.9,0
1,-7,COVID046,M1,1,0,COVID,200,RNA_Wyler_Caco-2_24h_Up,,-7,9.7,8.9,30284,95,330,10,3,0.94,1843|2113|2354|8553|9120|9590|9592|23645|79875|79973,DUSP1|ETS1|FOSB|BHLHE40|SLC16A6|AKAP12|IER2|PPP1R15A|THSD4|ZNF442,-4.8,0
1,-6.8,COVID353,M1,1,0,COVID,200,RNA_Zhang_Monocytes_severe-and-moderate_Up,,-6.8,7.9,8.2,30284,127,330,11,3.3,0.99,3429|4599|6890|6948|8743|9235|10627|10964|54739|64135|168537,IFI27|MX1|TAP1|TCN2|TNFSF10|IL32|MYL12A|IFI44L|XAF1|IFIH1|GIMAP7,-4.6,0
1,-6.7,COVID247,M1,1,0,COVID,200,RNA_Wilk_CD14+Monocytes_patient-C1B-severe_Down,,-6.7,13,9.3,30284,58,330,8,2.4,0.85,1831|1843|2354|4792|9314|9592|23645|57018,TSC22D3|DUSP1|FOSB|NFKBIA|KLF4|IER2|PPP1R15A|CCNL1,-4.5,0
1,-6.6,COVID010,M1,1,0,COVID,200,RNA_Blanco-Melo_A549-ACE2_Up,,-6.6,4.9,7.1,30284,300,330,16,4.8,1.2,1649|2296|2354|3164|3397|4792|5514|7052|7779|9592|10210|23645|56261|57018|64857|283131,DDIT3|FOXC1|FOSB|NR4A1|ID1|NFKBIA|PPP1R10|TGM2|SLC30A1|IER2|TOPORS|PPP1R15A|GPCPD1|CCNL1|PLEKHG2|NEAT1,-4.4,0
1,-6.4,COVID042,M1,1,0,COVID,200,RNA_Sun_Calu-3_7h_Up,,-6.4,12,8.9,30284,63,330,8,2.4,0.85,3429|4599|5327|9235|10964|54739|79973|115361,IFI27|MX1|PLAT|IL32|IFI44L|XAF1|ZNF442|GBP4,-4.2,0
1,-6.2,COVID345,M1,1,0,COVID,200,RNA_Wilk_B-cells_patient-C5_Up,,-6.2,7.9,7.8,30284,116,330,10,3,0.94,3007|3429|3688|4599|6397|6890|7453|8743|10964|54739,H1-3|IFI27|ITGB1|MX1|SEC14L1|TAP1|WARS1|TNFSF10|IFI44L|XAF1,-4.1,0
1,-5.7,COVID266,M1,1,0,COVID,200,RNA_Wilk_CD16+Monocytes_patient-C4_Up,,-5.7,9.5,7.9,30284,77,330,8,2.4,0.85,133|3429|4599|6890|6948|10964|54739|64135,ADM|IFI27|MX1|TAP1|TCN2|IFI44L|XAF1|IFIH1,-3.7,0
1,-5.5,COVID329,M1,1,0,COVID,200,RNA_Wilk_CD4+T-cells_patient-C5_Up,,-5.5,14,8.7,30284,38,330,6,1.8,0.74,3429|4599|8743|10964|54739|64135,IFI27|MX1|TNFSF10|IFI44L|XAF1|IFIH1,-3.5,0
1,-5.2,COVID040,M1,1,0,COVID,200,RNA_Sun_Calu-3_24h_Up,,-5.2,4.3,6,30284,300,330,14,4.2,1.1,1843|4599|4792|6890|9314|10318|10964|23645|56261|57018|64135|79973|115361|253461,DUSP1|MX1|NFKBIA|TAP1|KLF4|TNIP1|IFI44L|PPP1R15A|GPCPD1|CCNL1|IFIH1|ZNF442|GBP4|ZBTB38,-3.3,0
1,-5,COVID356,M1,1,0,COVID,200,RNA_Zhang_NK-cells_severe-and-moderate_Up,,-5,7.7,6.9,30284,95,330,8,2.4,0.85,3429|4599|6890|10627|10964|54739|162394|168537,IFI27|MX1|TAP1|MYL12A|IFI44L|XAF1|SLFN5|GIMAP7,-3.1,0
1,-4.8,COVID285,M1,1,0,COVID,200,RNA_Wilk_Dendritic-cells_patient-C7_Up,,-4.8,16,8.4,30284,29,330,5,1.5,0.67,687|3956|4616|6515|8553,KLF9|LGALS1|GADD45B|SLC2A3|BHLHE40,-3,0
1,-4.8,COVID135,M1,1,0,COVID,200,Proteome_Stukalov_A549-ACE2_24h_Up,,-4.8,6.3,6.4,30284,131,330,9,2.7,0.9,306|1265|2335|3956|4430|7052|9961|30846|284119,ANXA3|CNN2|FN1|LGALS1|MYO1B|TGM2|MVP|EHD2|CAVIN1,-3,0
1,-4.8,COVID282,M1,1,0,COVID,200,RNA_Wilk_Dendritic-cells_patient-C5_Up,,-4.8,8.8,7,30284,73,330,7,2.1,0.79,3429|3956|4599|6774|8743|10964|54739,IFI27|LGALS1|MX1|STAT3|TNFSF10|IFI44L|XAF1,-2.9,0
1,-4.8,COVID299,M1,1,0,COVID,200,RNA_Wilk_NK-cells_patient-C6_Up,,-4.8,15,8.2,30284,30,330,5,1.5,0.67,4599|8743|10964|54739|115361,MX1|TNFSF10|IFI44L|XAF1|GBP4,-2.9,0
1,-4.8,COVID275,M1,1,0,COVID,200,RNA_Wilk_Dendritic-cells_patient-C1B-severe_Up,,-4.8,24,9.5,30284,15,330,4,1.2,0.6,3429|4599|10964|54739,IFI27|MX1|IFI44L|XAF1,-2.9,0
1,-4.6,COVID255,M1,1,0,COVID,200,RNA_Wilk_CD14+Monocytes_patient-C5_Down,,-4.6,5.8,6,30284,142,330,9,2.7,0.9,1831|1843|2354|3133|4792|9314|9592|23645|283131,TSC22D3|DUSP1|FOSB|HLA-E|NFKBIA|KLF4|IER2|PPP1R15A|NEAT1,-2.7,0
1,-4.3,COVID202,M1,1,0,COVID,200,RNA_Vanderheiden_pHAE_48h_Down,,-4.3,4.9,5.6,30284,189,330,10,3,0.94,2687|3397|3910|6533|6539|23224|28231|84952|123099|283131,GGT5|ID1|LAMA4|SLC6A6|SLC6A12|SYNE2|SLCO4A1|CGNL1|DEGS2|NEAT1,-2.5,0
1,-4.3,COVID303,M1,1,0,COVID,200,RNA_Wilk_CD8+T-cells_patient-C1A-mild_Up,,-4.3,19,8.4,30284,19,330,4,1.2,0.6,4599|4792|10964|54739,MX1|NFKBIA|IFI44L|XAF1,-2.5,0
1,-4.2,COVID156,M1,1,0,COVID,200,Proteome_Stukalov_A549_72h_NSP2_Down,,-4.2,6.1,5.9,30284,121,330,8,2.4,0.85,3956|7145|8436|8884|10564|30846|51599|284119,LGALS1|TNS1|CAVIN2|SLC5A6|ARFGEF2|EHD2|LSR|CAVIN1,-2.5,0
1,-4.2,COVID294,M1,1,0,COVID,200,RNA_Wilk_NK-cells_patient-C3_Down,,-4.2,34,9.9,30284,8,330,3,0.91,0.52,1831|2113|3133,TSC22D3|ETS1|HLA-E,-2.4,0
1,-4.1,COVID319,M1,1,0,COVID,200,RNA_Wilk_CD4+T-cells_patient-C1A-mild_Up,,-4.1,11,7,30284,40,330,5,1.5,0.67,3429|4599|4792|10964|54739,IFI27|MX1|NFKBIA|IFI44L|XAF1,-2.4,0
1,-4.1,COVID239,M1,1,0,COVID,200,RNA_Lieberman_Nasopharynx_Infected_vs_Neg_Up,,-4.1,11,6.9,30284,41,330,5,1.5,0.67,4599|7453|8743|10964|54739,MX1|WARS1|TNFSF10|IFI44L|XAF1,-2.3,0
1,-4,COVID146,M1,1,0,COVID,200,Proteome_Stukalov_A549_72h_NSP13_Down,,-4,6.6,5.8,30284,97,330,7,2.1,0.79,2791|3688|4430|5095|6513|6533|285761,GNG11|ITGB1|MYO1B|PCCA|SLC2A1|SLC6A6|DCBLD1,-2.3,0
1,-3.9,COVID327,M1,1,0,COVID,200,RNA_Wilk_CD4+T-cells_patient-C4_Up,,-3.9,15,7.4,30284,24,330,4,1.2,0.6,3429|4599|10964|54739,IFI27|MX1|IFI44L|XAF1,-2.2,0
1,-3.8,COVID307,M1,1,0,COVID,200,RNA_Wilk_CD8+T-cells_patient-C2_Up,,-3.8,28,8.8,30284,10,330,3,0.91,0.52,3956|4792|57018,LGALS1|NFKBIA|CCNL1,-2.1,0
1,-3.8,COVID280,M1,1,0,COVID,200,RNA_Wilk_Dendritic-cells_patient-C4_Up,,-3.8,15,7.2,30284,25,330,4,1.2,0.6,3429|4599|10964|54739,IFI27|MX1|IFI44L|XAF1,-2.1,0
1,-3.8,COVID254,M1,1,0,COVID,200,RNA_Wilk_CD14+Monocytes_patient-C5_Up,,-3.8,6.2,5.6,30284,104,330,7,2.1,0.79,3007|3429|3956|4599|10964|54739|64135,H1-3|IFI27|LGALS1|MX1|IFI44L|XAF1|IFIH1,-2.1,0
1,-3.8,COVID359,M1,1,0,COVID,200,RNA_Zhang_T-cells_severe-and-moderate_Up,,-3.8,5.3,5.3,30284,139,330,8,2.4,0.85,3429|3956|4599|6890|10627|10964|54739|168537,IFI27|LGALS1|MX1|TAP1|MYL12A|IFI44L|XAF1|GIMAP7,-2.1,0
1,-3.8,COVID260,M1,1,0,COVID,200,RNA_Wilk_CD16+Monocytes_patient-C1A-mild_Up,,-3.8,7.4,5.8,30284,74,330,6,1.8,0.74,3429|4599|6948|8553|10964|54739,IFI27|MX1|TCN2|BHLHE40|IFI44L|XAF1,-2.1,0
1,-3.8,COVID362,M1,1,0,COVID,200,RNA_Zhang_B-cells_severe-and-moderate_Up,,-3.8,7.4,5.8,30284,74,330,6,1.8,0.74,3429|4599|6890|8743|10964|54739,IFI27|MX1|TAP1|TNFSF10|IFI44L|XAF1,-2.1,0
1,-3.8,COVID271,M1,1,0,COVID,200,RNA_Wilk_CD16+Monocytes_patient-C7_Up,,-3.8,14,7,30284,26,330,4,1.2,0.6,4616|7453|8743|115361,GADD45B|WARS1|TNFSF10|GBP4,-2.1,0
1,-3.8,COVID346,M1,1,0,COVID,200,RNA_Wilk_B-cells_patient-C5_Down,,-3.8,4.6,5,30284,181,330,9,2.7,0.9,118|1831|1843|2113|2354|3133|4792|7402|23645,ADD1|TSC22D3|DUSP1|ETS1|FOSB|HLA-E|NFKBIA|UTRN|PPP1R15A,-2.1,0
1,-3.7,COVID237,M1,1,0,COVID,200,Proteome_Klann_Caco-2_24h_Up,,-3.7,7.2,5.7,30284,76,330,6,1.8,0.74,2355|3491|5371|6890|8743|64135,FOSL2|CCN1|PML|TAP1|TNFSF10|IFIH1,-2,0
1,-3.7,COVID338,M1,1,0,COVID,200,RNA_Wilk_B-cells_patient-C1B-severe_Down,,-3.7,7.2,5.7,30284,76,330,6,1.8,0.74,1831|1843|2113|3133|4792|7402,TSC22D3|DUSP1|ETS1|HLA-E|NFKBIA|UTRN,-2,0
1,-3.6,COVID244,M1,1,0,COVID,200,RNA_Wilk_CD14+Monocytes_patient-C1A-mild_Up,,-3.6,6.9,5.5,30284,80,330,6,1.8,0.74,3429|4599|4792|10964|54739|162394,IFI27|MX1|NFKBIA|IFI44L|XAF1|SLFN5,-1.9,0
1,-3.6,COVID297,M1,1,0,COVID,200,RNA_Wilk_NK-cells_patient-C5_Up,,-3.6,8.8,5.9,30284,52,330,5,1.5,0.67,4599|8743|9235|10964|54739,MX1|TNFSF10|IL32|IFI44L|XAF1,-1.9,0
1,-3.5,COVID204,M1,1,0,COVID,200,Proteome_Li_Urine-severe-vs-healthy_Up,,-3.5,6.6,5.4,30284,83,330,6,1.8,0.74,1755|5216|6386|8404|8531|29028,DMBT1|PFN1|SDCBP|SPARCL1|YBX3|ATAD2,-1.9,0
1,-3.5,COVID256,M1,1,0,COVID,200,RNA_Wilk_CD14+Monocytes_patient-C6_Up,,-3.5,4.8,4.9,30284,154,330,8,2.4,0.85,3429|3949|3956|4599|6515|10964|54739|64116,IFI27|LDLR|LGALS1|MX1|SLC2A3|IFI44L|XAF1|SLC39A8,-1.9,0
1,-3.5,COVID020,M1,1,0,COVID,200,RNA_Blanco-Melo_NHBE_Up,,-3.5,6.5,5.3,30284,85,330,6,1.8,0.74,3429|4599|5327|9235|10318|54739,IFI27|MX1|PLAT|IL32|TNIP1|XAF1,-1.8,0
1,-3.4,COVID173,M1,1,0,COVID,200,Proteome_Stukalov_A549_72h_ORF3_Up,,-3.4,3.5,4.4,30284,291,330,11,3.3,0.99,90|1362|2335|3075|3491|3911|3915|3949|6386|9961|10318,ACVR1|CPD|FN1|CFH|CCN1|LAMA5|LAMC1|LDLR|SDCBP|MVP|TNIP1,-1.8,0
1,-3.4,COVID213,M1,1,0,COVID,200,Proteome_Shen_Serum-severe-vs-healthy_Down,,-3.4,7.9,5.5,30284,58,330,5,1.5,0.67,2022|2335|3486|5118|5216,ENG|FN1|IGFBP3|PCOLCE|PFN1,-1.7,0
1,-3.3,COVID052,M1,1,0,COVID,200,RNA_Xiong_BALF_Up,,-3.3,3.4,4.3,30284,300,330,11,3.3,0.99,1893|3007|4430|5074|7402|8743|22837|57480|64065|94234|220441,ECM1|H1-3|MYO1B|PAWR|UTRN|TNFSF10|COBLL1|PLEKHG1|PERP|FOXQ1|RNF152,-1.7,0
1,-3.3,COVID059,M1,1,0,COVID,200,Phosphoproteome_Bouhaddou_Vero_E6_24h_Down,,-3.3,3.4,4.3,30284,300,330,11,3.3,0.99,1362|3007|7145|9590|9882|28231|29028|54206|54861|60485|90102,CPD|H1-3|TNS1|AKAP12|TBC1D4|SLCO4A1|ATAD2|ERRFI1|SNRK|SAV1|PHLDB2,-1.7,0
1,-3.3,COVID385,M1,1,0,COVID,200,Interactome_Laurent_HEK293_24h_ORF7A,,-3.3,3.4,4.3,30284,300,330,11,3.3,0.99,6533|6548|6575|6890|7779|8884|9709|23224|25825|285761|100506658,SLC6A6|SLC9A1|SLC20A2|TAP1|SLC30A1|SLC5A6|HERPUD1|SYNE2|BACE2|DCBLD1|OCLN,-1.7,0
1,-3.3,COVID287,M1,1,0,COVID,200,RNA_Wilk_NK-cells_patient-C1A-mild_Up,,-3.3,11,6,30284,34,330,4,1.2,0.6,4599|9235|10964|54739,MX1|IL32|IFI44L|XAF1,-1.7,0
1,-3.2,COVID284,M1,1,0,COVID,200,RNA_Wilk_Dendritic-cells_patient-C6_Up,,-3.2,17,6.8,30284,16,330,3,0.91,0.52,3429|4599|10964,IFI27|MX1|IFI44L,-1.6,0
1,-3.1,COVID331,M1,1,0,COVID,200,RNA_Wilk_CD4+T-cells_patient-C6_Up,,-3.1,9.7,5.6,30284,38,330,4,1.2,0.6,4599|10964|23224|54739,MX1|IFI44L|SYNE2|XAF1,-1.5,0
1,-3.1,COVID268,M1,1,0,COVID,200,RNA_Wilk_CD16+Monocytes_patient-C5_Up,,-3.1,5.5,4.7,30284,100,330,6,1.8,0.74,3429|4599|6948|10964|64116|64135,IFI27|MX1|TCN2|IFI44L|SLC39A8|IFIH1,-1.5,0
1,-3.1,COVID350,M1,1,0,COVID,200,RNA_Wilk_B-cells_patient-C7_Down,,-3.1,9.4,5.5,30284,39,330,4,1.2,0.6,2113|3133|7402|23224,ETS1|HLA-E|UTRN|SYNE2,-1.5,0
1,-3,COVID273,M1,1,0,COVID,200,RNA_Wilk_Dendritic-cells_patient-C1A-mild_Up,,-3,9.2,5.4,30284,40,330,4,1.2,0.6,3429|4599|10964|54739,IFI27|MX1|IFI44L|XAF1,-1.5,0
1,-3,COVID315,M1,1,0,COVID,200,RNA_Wilk_CD8+T-cells_patient-C6_Up,,-3,9,5.3,30284,41,330,4,1.2,0.6,3429|4599|10964|54739,IFI27|MX1|IFI44L|XAF1,-1.4,0
1,-2.9,COVID313,M1,1,0,COVID,200,RNA_Wilk_CD8+T-cells_patient-C5_Up,,-2.9,8.5,5.2,30284,43,330,4,1.2,0.6,3429|4599|10964|54739,IFI27|MX1|IFI44L|XAF1,-1.4,0
1,-2.8,COVID314,M1,1,0,COVID,200,RNA_Wilk_CD8+T-cells_patient-C5_Down,,-2.8,8.2,5,30284,45,330,4,1.2,0.6,2113|3133|10365|23224,ETS1|HLA-E|KLF2|SYNE2,-1.3,0
1,-2.8,COVID323,M1,1,0,COVID,200,RNA_Wilk_CD4+T-cells_patient-C2_Up,,-2.8,13,5.8,30284,21,330,3,0.91,0.52,687|4792|57018,KLF9|NFKBIA|CCNL1,-1.3,0
1,-2.8,COVID246,M1,1,0,COVID,200,RNA_Wilk_CD14+Monocytes_patient-C1B-severe_Up,,-2.8,6,4.6,30284,77,330,5,1.5,0.67,3429|3956|4599|10964|54739,IFI27|LGALS1|MX1|IFI44L|XAF1,-1.3,0
1,-2.8,COVID252,M1,1,0,COVID,200,RNA_Wilk_CD14+Monocytes_patient-C4_Up,,-2.8,5.9,4.5,30284,78,330,5,1.5,0.67,3429|3956|4599|10964|54739,IFI27|LGALS1|MX1|IFI44L|XAF1,-1.3,0
1,-2.8,COVID311,M1,1,0,COVID,200,RNA_Wilk_CD8+T-cells_patient-C4_Up,,-2.8,13,5.7,30284,22,330,3,0.91,0.52,4599|10964|54739,MX1|IFI44L|XAF1,-1.3,0
1,-2.7,COVID057,M1,1,0,COVID,200,Phosphoproteome_Bouhaddou_Vero_E6_12h_Down,,-2.7,3.1,3.8,30284,300,330,10,3,0.94,1362|5784|6774|7145|9882|29028|54206|54861|84991|90102,CPD|PTPN14|STAT3|TNS1|TBC1D4|ATAD2|ERRFI1|SNRK|RBM17|PHLDB2,-1.3,0
1,-2.7,COVID065,M1,1,0,COVID,200,Phosphoproteome_Bouhaddou_Vero_E6_8h_Down,,-2.7,3.1,3.8,30284,300,330,10,3,0.94,1362|3007|5784|6774|7145|9882|29028|54206|84991|90102,CPD|H1-3|PTPN14|STAT3|TNS1|TBC1D4|ATAD2|ERRFI1|RBM17|PHLDB2,-1.3,0
1,-2.7,COVID124,M1,1,0,COVID,200,Interactome_Stukalov_A549_72h_ORF3,,-2.7,3.1,3.8,30284,300,330,10,3,0.94,90|3133|3949|5205|6533|7779|9120|10318|51599|56937,ACVR1|HLA-E|LDLR|ATP8B1|SLC6A6|SLC30A1|SLC16A6|TNIP1|LSR|PMEPA1,-1.3,0
1,-2.7,COVID130,M1,1,0,COVID,200,Phosphoproteome_Stukalov_A549-ACE2_24h_Down,,-2.7,3.1,3.8,30284,300,330,10,3,0.94,118|2122|6909|8531|9590|9749|9882|10564|57018|57488,ADD1|MECOM|TBX2|YBX3|AKAP12|PHACTR2|TBC1D4|ARFGEF2|CCNL1|ESYT2,-1.3,0
1,-2.7,COVID387,M1,1,0,COVID,200,Interactome_Laurent_HEK293_24h_ORF8,,-2.7,3.1,3.8,30284,300,330,10,3,0.94,1362|3688|6533|6548|6890|8323|9351|10052|23224|51599,CPD|ITGB1|SLC6A6|SLC9A1|TAP1|FZD6|NHERF2|GJC1|SYNE2|LSR,-1.3,0
1,-2.7,COVID390,M1,1,0,COVID,200,Interactome_Laurent_HEK293_24h_S,,-2.7,3.1,3.8,30284,300,330,10,3,0.94,6533|6548|6575|6890|7779|23224|200894|284119|285761|100506658,SLC6A6|SLC9A1|SLC20A2|TAP1|SLC30A1|SYNE2|ARL13B|CAVIN1|DCBLD1|OCLN,-1.3,0
1,-2.7,COVID295,M1,1,0,COVID,200,RNA_Wilk_NK-cells_patient-C4_Up,,-2.7,11,5.4,30284,24,330,3,0.91,0.52,4599|10964|54739,MX1|IFI44L|XAF1,-1.2,0
1,-2.6,COVID293,M1,1,0,COVID,200,RNA_Wilk_NK-cells_patient-C3_Up,,-2.6,11,5.3,30284,25,330,3,0.91,0.52,3956|9235|54739,LGALS1|IL32|XAF1,-1.2,0
1,-2.6,COVID257,M1,1,0,COVID,200,RNA_Wilk_CD14+Monocytes_patient-C6_Down,,-2.6,5.3,4.2,30284,86,330,5,1.5,0.67,1843|4792|9592|57018|283131,DUSP1|NFKBIA|IER2|CCNL1|NEAT1,-1.1,0
1,-2.6,COVID344,M1,1,0,COVID,200,RNA_Wilk_B-cells_patient-C4_Down,,-2.6,3.8,3.8,30284,169,330,7,2.1,0.79,1831|1843|2113|3133|4792|7402|57018,TSC22D3|DUSP1|ETS1|HLA-E|NFKBIA|UTRN|CCNL1,-1.1,0
1,-2.5,COVID245,M1,1,0,COVID,200,RNA_Wilk_CD14+Monocytes_patient-C1A-mild_Down,,-2.5,6.7,4.4,30284,55,330,4,1.2,0.6,1843|2354|9314|9592,DUSP1|FOSB|KLF4|IER2,-1.1,0
1,-2.5,COVID342,M1,1,0,COVID,200,RNA_Wilk_B-cells_patient-C3_Down,,-2.5,9.8,4.9,30284,28,330,3,0.91,0.52,1831|2113|3133,TSC22D3|ETS1|HLA-E,-1.1,0
1,-2.4,COVID251,M1,1,0,COVID,200,RNA_Wilk_CD14+Monocytes_patient-C3_Down,,-2.4,6.3,4.3,30284,58,330,4,1.2,0.6,1831|1843|3133|9592,TSC22D3|DUSP1|HLA-E|IER2,-1,0
1,-2.4,COVID270,M1,1,0,COVID,200,RNA_Wilk_CD16+Monocytes_patient-C6_Up,,-2.4,9.5,4.8,30284,29,330,3,0.91,0.52,3429|6948|10964,IFI27|TCN2|IFI44L,-1,0
1,-2.4,COVID302,M1,1,0,COVID,200,RNA_Wilk_NK-cells_patient-C7_Down,,-2.4,9.2,4.7,30284,30,330,3,0.91,0.52,2113|3133|246175,ETS1|HLA-E|CNOT6L,-0.98,0
1,-2.3,COVID312,M1,1,0,COVID,200,RNA_Wilk_CD8+T-cells_patient-C4_Down,,-2.3,8.9,4.6,30284,31,330,3,0.91,0.52,1831|3133|23224,TSC22D3|HLA-E|SYNE2,-0.95,0
1,-2.3,COVID328,M1,1,0,COVID,200,RNA_Wilk_CD4+T-cells_patient-C4_Down,,-2.3,8.9,4.6,30284,31,330,3,0.91,0.52,1831|23224|283131,TSC22D3|SYNE2|NEAT1,-0.95,0
1,-2.3,COVID248,M1,1,0,COVID,200,RNA_Wilk_CD14+Monocytes_patient-C2_Up,,-2.3,5.8,4,30284,63,330,4,1.2,0.6,3429|3956|4792|6515,IFI27|LGALS1|NFKBIA|SLC2A3,-0.93,0
1,-2.3,COVID335,M1,1,0,COVID,200,RNA_Wilk_B-cells_patient-C1A-mild_Up,,-2.3,5.8,4,30284,63,330,4,1.2,0.6,3429|4599|10964|54739,IFI27|MX1|IFI44L|XAF1,-0.93,0
1,-2.2,COVID005,M1,1,0,COVID,200,RNA_Appelberg_Huh-7_72h_Down,,-2.2,2.8,3.2,30284,300,330,9,2.7,0.9,2242|2852|3397|6909|9351|29950|51293|54997|284119,FES|GPER1|ID1|TBX2|NHERF2|SERTAD1|CD320|TESC|CAVIN1,-0.87,0
1,-2.2,COVID060,M1,1,0,COVID,200,Phosphoproteome_Bouhaddou_Vero_E6_24h_Up,,-2.2,2.8,3.2,30284,300,330,9,2.7,0.9,3297|3688|5514|9590|10155|10627|22837|23224|51599,HSF1|ITGB1|PPP1R10|AKAP12|TRIM28|MYL12A|COBLL1|SYNE2|LSR,-0.87,0
1,-2.2,COVID061,M1,1,0,COVID,200,Phosphoproteome_Bouhaddou_Vero_E6_2h_Down,,-2.2,2.8,3.2,30284,300,330,9,2.7,0.9,1362|3007|5784|6548|7145|9882|54861|90102|254427,CPD|H1-3|PTPN14|SLC9A1|TNS1|TBC1D4|SNRK|PHLDB2|PROSER2,-0.87,0
1,-2.2,COVID363,M1,1,0,COVID,200,Interactome_Laurent_HEK293_24h_E,,-2.2,2.8,3.2,30284,300,330,9,2.7,0.9,6533|6548|6890|7779|9709|10384|23224|25825|100506658,SLC6A6|SLC9A1|TAP1|SLC30A1|HERPUD1|BTN3A3|SYNE2|BACE2|OCLN,-0.87,0
1,-2.2,COVID383,M1,1,0,COVID,200,Interactome_Laurent_HEK293_24h_ORF3B,,-2.2,2.8,3.2,30284,300,330,9,2.7,0.9,1362|1456|3688|6533|6575|7779|51599|200894|100506658,CPD|CSNK1G3|ITGB1|SLC6A6|SLC20A2|SLC30A1|LSR|ARL13B|OCLN,-0.87,0
1,-2.2,COVID320,M1,1,0,COVID,200,RNA_Wilk_CD4+T-cells_patient-C1A-mild_Down,,-2.2,8.1,4.3,30284,34,330,3,0.91,0.52,2113|51176|168537,ETS1|LEF1|GIMAP7,-0.87,0
1,-2.2,COVID014,M1,1,0,COVID,200,RNA_Blanco-Melo_A549-low-MOI_Up,,-2.2,7.9,4.3,30284,35,330,3,0.91,0.52,3429|4599|64135,IFI27|MX1|IFIH1,-0.84,0
1,-2.2,COVID157,M1,1,0,COVID,200,Proteome_Stukalov_A549_72h_NSP2_Up,,-2.2,5.3,3.8,30284,69,330,4,1.2,0.6,306|3643|10627|200894,ANXA3|INSR|MYL12A|ARL13B,-0.82,0
1,-2.1,COVID053,M1,1,0,COVID,200,RNA_Xiong_PBMC_Down,,-2.1,2.9,3.1,30284,257,330,8,2.4,0.85,3486|3908|5243|9452|9590|10210|10365|256949,IGFBP3|LAMA2|ABCB1|ITM2A|AKAP12|TOPORS|KLF2|KANK3,-0.79,0
1,-2.1,COVID152,M1,1,0,COVID,200,Proteome_Stukalov_A549_72h_NSP16_Down,,-2.1,7.1,4,30284,39,330,3,0.91,0.52,90|2791|8553,ACVR1|GNG11|BHLHE40,-0.74,0
