_MEMBER_hits,_LogP_hits,GO,_PATTERN_,_RANK_,GiniIndex,Category,CategoryID,Description,PARENT_GO,LogP,Enrichment,Z-score,#TotalGeneInLibrary,#GeneInGO,#GeneInHitList,#GeneInGOAndHitList,%InGO,STDV %InGO,GeneID,Hits,Log(q-value),EvidenceCutoff
1,-6.8,PGB:00071,M1,1,0,PaGenBase,36,Cell-specific: HUVEC,,-6.8,4.5,7,30284,371,330,18,5.5,1.3,94|285|306|654|2078|2321|2828|3384|4846|5175|5205|5784|6948|7052|7075|8692|79993|120224,ACVRL1|ANGPT2|ANXA3|BMP6|ERG|FLT1|GPR4|ICAM2|NOS3|PECAM1|ATP8B1|PTPN14|TCN2|TGM2|TIE1|HYAL2|ELOVL7|TMEM45B,-4.6,0
1,-6.5,PGB:00133,M1,1,0,PaGenBase,36,Cell-specific: Cardiac Myocytes,,-6.5,12,9.1,30284,60,330,8,2.4,0.85,633|2335|2791|3397|3486|5327|8614|10234,BGN|FN1|GNG11|ID1|IGFBP3|PLAT|STC2|LRRC17,-4.4,0
1,-6.5,PGB:00029,M1,1,0,PaGenBase,36,Tissue-specific: placenta,,-6.5,4.8,7,30284,305,330,16,4.8,1.2,133|654|2321|2324|2335|3480|6513|6654|7052|8884|9886|22837|80704|80760|84879|90952,ADM|BMP6|FLT1|FLT4|FN1|IGF1R|SLC2A1|SOS1|TGM2|SLC5A6|RHOBTB1|COBLL1|SLC19A3|ITIH5|MFSD2A|ESAM,-4.4,0
1,-5,PGB:00014,M1,1,0,PaGenBase,36,Tissue-specific: lung,,-5,3.3,5.5,30284,498,330,18,5.5,1.3,1755|1843|2013|2034|2078|2294|2828|3355|3601|4005|5939|6654|7122|8692|8743|9754|51162|64116,DMBT1|DUSP1|EMP2|EPAS1|ERG|FOXF1|GPR4|HTR1F|IL15RA|LMO2|RBMS2|SOS1|CLDN5|HYAL2|TNFSF10|STARD8|EGFL7|SLC39A8,-3.1,0
1,-3.9,PGB:00094,M1,1,0,PaGenBase,36,Cell-specific: Bronchial Epithelial Cells,,-3.9,5.4,5.4,30284,137,330,8,2.4,0.85,306|1362|3910|3949|4430|5796|8323|64065,ANXA3|CPD|LAMA4|LDLR|MYO1B|PTPRK|FZD6|PERP,-2.2,0
1,-3,PGB:00104,M1,1,0,PaGenBase,36,Cell-specific: CD33+ Myeloid,,-3,9,5.3,30284,41,330,4,1.2,0.6,2354|6515|9314|23645,FOSB|SLC2A3|KLF4|PPP1R15A,-1.4,0
1,-3,PGB:00080,M1,1,0,PaGenBase,36,Cell-specific: Adipocyte,,-3,4.4,4.3,30284,145,330,7,2.1,0.79,133|2878|3075|3908|3910|5118|5396,ADM|GPX3|CFH|LAMA2|LAMA4|PCOLCE|PRRX1,-1.4,0
1,-2.5,PGB:00091,M1,1,0,PaGenBase,36,Cell-specific: A204,,-2.5,6.6,4.4,30284,56,330,4,1.2,0.6,1908|3908|6654|6909,EDN3|LAMA2|SOS1|TBX2,-1.1,0
1,-2.3,PGB:00011,M1,1,0,PaGenBase,36,Tissue-specific: Smooth Muscle,,-2.3,4.5,3.7,30284,103,330,5,1.5,0.67,871|4430|6654|8614|10234,SERPINH1|MYO1B|SOS1|STC2|LRRC17,-0.89,0
1,-2.2,PGB:00081,M1,1,0,PaGenBase,36,Cell-specific: Brain cell,,-2.2,5.5,3.9,30284,67,330,4,1.2,0.6,2791|3486|5396|11167,GNG11|IGFBP3|PRRX1|FSTL1,-0.85,0
