_MEMBER_hits,_LogP_hits,GO,_PATTERN_,_RANK_,GiniIndex,Category,CategoryID,Description,PARENT_GO,LogP,Enrichment,Z-score,#TotalGeneInLibrary,#GeneInGO,#GeneInHitList,#GeneInGOAndHitList,%InGO,STDV %InGO,GeneID,Hits,Log(q-value),EvidenceCutoff
1,-7.1,TRR01419,M1,1,0,TRRUST,34,Regulated by: TP53,,-7.1,6.8,8.1,30284,176,330,13,3.9,1.1,1843|2321|3297|3397|3480|3486|5243|5371|6513|6533|6774|10365|64065,DUSP1|FLT1|HSF1|ID1|IGF1R|IGFBP3|ABCB1|PML|SLC2A1|SLC6A6|STAT3|KLF2|PERP,-4.9,0
1,-5.8,TRR01256,M1,1,0,TRRUST,34,Regulated by: SP1,,-5.8,3.5,6.1,30284,525,330,20,6.1,1.3,94|682|2022|2242|3164|3480|3486|3643|3949|4846|5243|5327|6654|6948|7402|8743|9429|25825|64116|80704,ACVRL1|BSG|ENG|FES|NR4A1|IGF1R|IGFBP3|INSR|LDLR|NOS3|ABCB1|PLAT|SOS1|TCN2|UTRN|TNFSF10|ABCG2|BACE2|SLC39A8|SLC19A3,-3.8,0
1,-5.3,TRR01158,M1,1,0,TRRUST,34,Regulated by: RELA,,-5.3,4.1,6,30284,334,330,15,4.5,1.1,633|2034|2324|2335|4792|4846|5243|5467|6387|6615|6774|6890|7450|8743|9429,BGN|EPAS1|FLT4|FN1|NFKBIA|NOS3|ABCB1|PPARD|CXCL12|SNAI1|STAT3|TAP1|VWF|TNFSF10|ABCG2,-3.4,0
1,-4.6,TRR00011,M1,1,0,TRRUST,34,Regulated by: AR,,-4.6,6.9,6.4,30284,107,330,8,2.4,0.85,682|1982|2335|3480|3486|10991|29028|56937,BSG|EIF4G2|FN1|IGF1R|IGFBP3|SLC38A3|ATAD2|PMEPA1,-2.8,0
1,-4.1,TRR01259,M1,1,0,TRRUST,34,Regulated by: SP3,,-4.1,5.8,5.7,30284,127,330,8,2.4,0.85,682|3486|4846|5327|6654|6948|7402|80704,BSG|IGFBP3|NOS3|PLAT|SOS1|TCN2|UTRN|SLC19A3,-2.3,0
1,-4,TRR00110,M1,1,0,TRRUST,34,Regulated by: CEBPB,,-4,8.2,6.2,30284,67,330,6,1.8,0.74,133|1649|3297|3643|5243|10395,ADM|DDIT3|HSF1|INSR|ABCB1|DLC1,-2.3,0
1,-3.7,TRR01379,M1,1,0,TRRUST,34,Regulated by: TAL1,,-3.7,25,8.4,30284,11,330,3,0.91,0.52,285|947|2078,ANGPT2|CD34|ERG,-2,0
1,-3.6,TRR01395,M1,1,0,TRRUST,34,Regulated by: TCF7L2,,-3.6,23,8,30284,12,330,3,0.91,0.52,94|5243|6774,ACVRL1|ABCB1|STAT3,-1.9,0
1,-3.5,TRR00274,M1,1,0,TRRUST,34,Regulated by: ERG,,-3.5,12,6.5,30284,30,330,4,1.2,0.6,2022|2078|3384|7450,ENG|ERG|ICAM2|VWF,-1.9,0
1,-3.5,TRR00280,M1,1,0,TRRUST,34,Regulated by: ETS1,,-3.5,6.6,5.4,30284,84,330,6,1.8,0.74,285|2078|2313|2321|5243|7450,ANGPT2|ERG|FLI1|FLT1|ABCB1|VWF,-1.8,0
1,-3.4,TRR00875,M1,1,0,TRRUST,34,Regulated by: NFKB1,,-3.4,3.2,4.4,30284,340,330,12,3.6,1,633|2324|2335|4792|4846|5243|6387|6615|6890|7450|8743|9429,BGN|FLT4|FN1|NFKBIA|NOS3|ABCB1|CXCL12|SNAI1|TAP1|VWF|TNFSF10|ABCG2,-1.8,0
1,-3.3,TRR00473,M1,1,0,TRRUST,34,Regulated by: HDAC7,,-3.3,18,7.1,30284,15,330,3,0.91,0.52,81|3164|9590,ACTN4|NR4A1|AKAP12,-1.7,0
1,-3.3,TRR00281,M1,1,0,TRRUST,34,Regulated by: ETS2,,-3.3,10,5.9,30284,35,330,4,1.2,0.6,285|2078|2313|7450,ANGPT2|ERG|FLI1|VWF,-1.7,0
1,-3.2,TRR00024,M1,1,0,TRRUST,34,Regulated by: ATF3,,-3.2,17,6.8,30284,16,330,3,0.91,0.52,1649|3397|3949,DDIT3|ID1|LDLR,-1.6,0
1,-3.2,TRR00711,M1,1,0,TRRUST,34,Regulated by: LMO2,,-3.2,17,6.8,30284,16,330,3,0.91,0.52,285|2078|51176,ANGPT2|ERG|LEF1,-1.6,0
1,-3.2,TRR01275,M1,1,0,TRRUST,34,Regulated by: STAT1,,-3.2,5.7,4.9,30284,96,330,6,1.8,0.74,3133|5371|6774|6890|9961|54739,HLA-E|PML|STAT3|TAP1|MVP|XAF1,-1.6,0
1,-3.2,TRR00023,M1,1,0,TRRUST,34,Regulated by: ATF2,,-3.2,9.9,5.7,30284,37,330,4,1.2,0.6,1843|2335|4846|5327,DUSP1|FN1|NOS3|PLAT,-1.6,0
1,-2.7,TRR01047,M1,1,0,TRRUST,34,Regulated by: PML,,-2.7,12,5.5,30284,23,330,3,0.91,0.52,3164|5371|8743,NR4A1|PML|TNFSF10,-1.2,0
1,-2.7,TRR01521,M1,1,0,TRRUST,34,Regulated by: VHL,,-2.7,12,5.5,30284,23,330,3,0.91,0.52,285|3480|8553,ANGPT2|IGF1R|BHLHE40,-1.2,0
1,-2.7,TRR00466,M1,1,0,TRRUST,34,Regulated by: HDAC1,,-2.7,5.6,4.4,30284,82,330,5,1.5,0.67,3486|4846|5243|6774|9314,IGFBP3|NOS3|ABCB1|STAT3|KLF4,-1.2,0
1,-2.7,TRR01277,M1,1,0,TRRUST,34,Regulated by: STAT3,,-2.7,4,4,30284,162,330,7,2.1,0.79,1649|2034|3491|6654|8462|9590|10395,DDIT3|EPAS1|CCN1|SOS1|KLF11|AKAP12|DLC1,-1.2,0
1,-2.6,TRR01225,M1,1,0,TRRUST,34,Regulated by: SIRT1,,-2.6,7.2,4.6,30284,51,330,4,1.2,0.6,3075|3297|5243|6926,CFH|HSF1|ABCB1|TBX3,-1.2,0
1,-2.6,TRR00341,M1,1,0,TRRUST,34,Regulated by: FLI1,,-2.6,11,5.3,30284,25,330,3,0.91,0.52,2078|2313|3486,ERG|FLI1|IGFBP3,-1.2,0
1,-2.5,TRR00645,M1,1,0,TRRUST,34,Regulated by: JUN,,-2.5,3.7,3.8,30284,172,330,7,2.1,0.79,1649|2113|4846|5243|5327|5467|83595,DDIT3|ETS1|NOS3|ABCB1|PLAT|PPARD|SOX7,-1.1,0
1,-2.5,TRR00365,M1,1,0,TRRUST,34,Regulated by: FOXO1,,-2.5,9.8,4.9,30284,28,330,3,0.91,0.52,285|8743|10365,ANGPT2|TNFSF10|KLF2,-1.1,0
1,-2.5,TRR00411,M1,1,0,TRRUST,34,Regulated by: GATA2,,-2.5,9.8,4.9,30284,28,330,3,0.91,0.52,285|4846|5175,ANGPT2|NOS3|PECAM1,-1.1,0
1,-2.4,TRR00029,M1,1,0,TRRUST,34,Regulated by: ATM,,-2.4,9.5,4.8,30284,29,330,3,0.91,0.52,1843|3480|6513,DUSP1|IGF1R|SLC2A1,-1,0
1,-2.4,TRR00109,M1,1,0,TRRUST,34,Regulated by: CEBPA,,-2.4,6.2,4.2,30284,59,330,4,1.2,0.6,2335|3397|3643|6774,FN1|ID1|INSR|STAT3,-1,0
1,-2.4,TRR00075,M1,1,0,TRRUST,34,Regulated by: BRCA1,,-2.4,6.1,4.2,30284,60,330,4,1.2,0.6,1649|2296|3480|6774,DDIT3|FOXC1|IGF1R|STAT3,-0.98,0
1,-2.4,TRR00132,M1,1,0,TRRUST,34,Regulated by: CREM,,-2.4,9.2,4.7,30284,30,330,3,0.91,0.52,1843|5327|9457,DUSP1|PLAT|FHL5,-0.98,0
1,-2.4,TRR00872,M1,1,0,TRRUST,34,Regulated by: NFIC,,-2.4,9.2,4.7,30284,30,330,3,0.91,0.52,6654|7450|9457,SOS1|VWF|FHL5,-0.98,0
1,-2.3,TRR00484,M1,1,0,TRRUST,34,Regulated by: HIF1A,,-2.3,4.6,3.8,30284,99,330,5,1.5,0.67,3164|5243|6387|6513|6774,NR4A1|ABCB1|CXCL12|SLC2A1|STAT3,-0.95,0
1,-2.3,TRR00253,M1,1,0,TRRUST,34,Regulated by: EGR1,,-2.3,4.6,3.8,30284,100,330,5,1.5,0.67,2321|2335|3949|5243|8743,FLT1|FN1|LDLR|ABCB1|TNFSF10,-0.94,0
1,-2.2,TRR00469,M1,1,0,TRRUST,34,Regulated by: HDAC2,,-2.2,8.1,4.3,30284,34,330,3,0.91,0.52,8553|8743|9314,BHLHE40|TNFSF10|KLF4,-0.87,0
1,-2.2,TRR00527,M1,1,0,TRRUST,34,Regulated by: HSF1,,-2.2,7.6,4.2,30284,36,330,3,0.91,0.52,1982|5243|10991,EIF4G2|ABCB1|SLC38A3,-0.81,0
1,-2.1,TRR00108,M1,1,0,TRRUST,34,Regulated by: CDX2,,-2.1,7.1,4,30284,39,330,3,0.91,0.52,3486|5243|9314,IGFBP3|ABCB1|KLF4,-0.74,0
