_MEMBER_hits,_LogP_hits,GO,Description,_PATTERN_,_RANK_,GiniIndex
1,-2.9,GO:0009791,post-embryonic development,M1,1,0
1,-3.4,GO:0035641,locomotory exploration behavior,M1,1,0
1,-3.2,M12,PID RHOA PATHWAY,M1,1,0
1,-5.7,R-HSA-399719,Trafficking of AMPA receptors,M1,1,0
1,-2.7,GO:0140115,export across plasma membrane,M1,1,0
1,-2.7,GO:0019693,ribose phosphate metabolic process,M1,1,0
1,-3.5,R-HSA-975577,N-Glycan antennae elongation,M1,1,0
1,-2.3,GO:0035592,establishment of protein localization to extracellular region,M1,1,0
1,-3.9,GO:1903305,regulation of regulated secretory pathway,M1,1,0
1,-6,hsa04960,Aldosterone-regulated sodium reabsorption,M1,1,0
1,-5.6,GO:0090087,regulation of peptide transport,M1,1,0
1,-5.2,R-HSA-373752,Netrin-1 signaling,M1,1,0
1,-4,GO:1990089,response to nerve growth factor,M1,1,0
1,-5.1,GO:0016310,phosphorylation,M1,1,0
1,-2.8,GO:0006699,bile acid biosynthetic process,M1,1,0
1,-2.3,GO:0032456,endocytic recycling,M1,1,0
1,-5.8,hsa04540,Gap junction,M1,1,0
1,-15,GO:0098655,monoatomic cation transmembrane transport,M1,1,0
1,-6.2,CORUM:7462,"GABA-A receptor (GABRA1, GABRB2, GABRD)",M1,1,0
1,-2.2,hsa04012,ErbB signaling pathway,M1,1,0
1,-5.5,GO:0048639,positive regulation of developmental growth,M1,1,0
1,-4.5,GO:0086065,cell communication involved in cardiac conduction,M1,1,0
1,-3.3,GO:0007169,cell surface receptor protein tyrosine kinase signaling pathway,M1,1,0
1,-4.3,R-HSA-388396,GPCR downstream signalling,M1,1,0
1,-2.4,GO:0048592,eye morphogenesis,M1,1,0
1,-2,R-HSA-936837,Ion transport by P-type ATPases,M1,1,0
1,-2.6,GO:0097306,cellular response to alcohol,M1,1,0
1,-19,R-HSA-112316,Neuronal System,M1,1,0
1,-2.3,R-HSA-9707616,Heme signaling,M1,1,0
1,-5.8,GO:0031175,neuron projection development,M1,1,0
1,-2.6,M15,PID LYSOPHOSPHOLIPID PATHWAY,M1,1,0
1,-7.4,GO:0007626,locomotory behavior,M1,1,0
1,-4.6,GO:0050796,regulation of insulin secretion,M1,1,0
1,-5.7,R-HSA-1296072,Voltage gated Potassium channels,M1,1,0
1,-4.8,GO:0062237,protein localization to postsynapse,M1,1,0
1,-2.3,GO:0050919,negative chemotaxis,M1,1,0
1,-3.6,GO:0030048,actin filament-based movement,M1,1,0
1,-2.2,GO:0071692,protein localization to extracellular region,M1,1,0
1,-5.3,hsa05017,Spinocerebellar ataxia,M1,1,0
1,-3.5,GO:0043266,regulation of potassium ion transport,M1,1,0
1,-8.2,hsa04928,"Parathyroid hormone synthesis, secretion and action",M1,1,0
1,-4.1,GO:0006874,intracellular calcium ion homeostasis,M1,1,0
1,-4.1,GO:0019227,neuronal action potential propagation,M1,1,0
1,-3.4,GO:0021953,central nervous system neuron differentiation,M1,1,0
1,-2.1,GO:0032273,positive regulation of protein polymerization,M1,1,0
1,-5.8,hsa04912,GnRH signaling pathway,M1,1,0
1,-5.6,GO:0032412,regulation of monoatomic ion transmembrane transporter activity,M1,1,0
1,-6.2,CORUM:7461,"GABA-A receptor (GABRA1, GABRB2, GABRG2)",M1,1,0
1,-4.9,GO:0050905,neuromuscular process,M1,1,0
1,-3.6,R-HSA-418594,G alpha (i) signalling events,M1,1,0
1,-12,R-HSA-112314,Neurotransmitter receptors and postsynaptic signal transmission,M1,1,0
1,-4.5,GO:0050708,regulation of protein secretion,M1,1,0
1,-4.8,GO:0030307,positive regulation of cell growth,M1,1,0
1,-4.3,GO:0031345,negative regulation of cell projection organization,M1,1,0
1,-2.3,R-HSA-432040,Vasopressin regulates renal water homeostasis via Aquaporins,M1,1,0
1,-2.9,WP304,Kit receptor signaling,M1,1,0
1,-2.5,GO:0021537,telencephalon development,M1,1,0
1,-2,GO:0032465,regulation of cytokinesis,M1,1,0
1,-4.9,hsa04919,Thyroid hormone signaling pathway,M1,1,0
1,-7.5,GO:0050803,regulation of synapse structure or activity,M1,1,0
1,-3.9,GO:0006821,chloride transport,M1,1,0
1,-5.4,GO:0045927,positive regulation of growth,M1,1,0
1,-6.1,GO:0002793,positive regulation of peptide secretion,M1,1,0
1,-16,GO:0099537,trans-synaptic signaling,M1,1,0
1,-2.8,M99,PID TXA2PATHWAY,M1,1,0
1,-2.5,GO:0044283,small molecule biosynthetic process,M1,1,0
1,-5.3,GO:0086064,cell communication by electrical coupling involved in cardiac conduction,M1,1,0
1,-9,GO:0006813,potassium ion transport,M1,1,0
1,-5.6,GO:0002791,regulation of peptide secretion,M1,1,0
1,-3.1,R-HSA-983712,Ion channel transport,M1,1,0
1,-6.2,GO:0070588,calcium ion transmembrane transport,M1,1,0
1,-2.5,GO:0051402,neuron apoptotic process,M1,1,0
1,-4.3,hsa04964,Proximal tubule bicarbonate reclamation,M1,1,0
1,-3.6,GO:0021675,nerve development,M1,1,0
1,-6,hsa04725,Cholinergic synapse,M1,1,0
1,-6,hsa04260,Cardiac muscle contraction,M1,1,0
1,-5.1,GO:0007611,learning or memory,M1,1,0
1,-3.7,GO:0055075,potassium ion homeostasis,M1,1,0
1,-3.2,R-HSA-1250196,SHC1 events in ERBB2 signaling,M1,1,0
1,-2.7,hsa05410,Hypertrophic cardiomyopathy,M1,1,0
1,-2.3,GO:0051129,negative regulation of cellular component organization,M1,1,0
1,-3.5,GO:0055119,relaxation of cardiac muscle,M1,1,0
1,-6.9,GO:0048667,cell morphogenesis involved in neuron differentiation,M1,1,0
1,-2.9,GO:0003012,muscle system process,M1,1,0
1,-2.1,GO:0030336,negative regulation of cell migration,M1,1,0
1,-2.6,GO:0007026,negative regulation of microtubule depolymerization,M1,1,0
1,-13,GO:0050804,modulation of chemical synaptic transmission,M1,1,0
1,-3.7,GO:0007628,adult walking behavior,M1,1,0
1,-2.2,GO:0051279,regulation of release of sequestered calcium ion into cytosol,M1,1,0
1,-2,GO:0035790,platelet-derived growth factor receptor-alpha signaling pathway,M1,1,0
1,-3.3,GO:1903829,positive regulation of protein localization,M1,1,0
1,-6.1,GO:0017157,regulation of exocytosis,M1,1,0
1,-3,GO:0021795,cerebral cortex cell migration,M1,1,0
1,-5.5,GO:0007416,synapse assembly,M1,1,0
1,-3.3,GO:0050767,regulation of neurogenesis,M1,1,0
1,-2.6,R-HSA-9856530,High laminar flow shear stress activates signaling by PIEZO1 and PECAM1:CDH5:KDR in endothelial cells,M1,1,0
1,-5.3,GO:0044057,regulation of system process,M1,1,0
1,-3.3,WP4659,Gastrin signaling,M1,1,0
1,-6.3,GO:0140352,export from cell,M1,1,0
1,-3,GO:0021554,optic nerve development,M1,1,0
1,-4,GO:0015698,inorganic anion transport,M1,1,0
1,-4.5,hsa04371,Apelin signaling pathway,M1,1,0
1,-4.3,GO:0051223,regulation of protein transport,M1,1,0
1,-3.6,GO:0050769,positive regulation of neurogenesis,M1,1,0
1,-2.3,R-HSA-9860931,Response of endothelial cells to shear stress,M1,1,0
1,-3.6,hsa05231,Choline metabolism in cancer,M1,1,0
1,-5.6,hsa04022,cGMP-PKG signaling pathway,M1,1,0
1,-11,hsa04921,Oxytocin signaling pathway,M1,1,0
1,-2.7,GO:0051262,protein tetramerization,M1,1,0
1,-5.6,GO:1990573,potassium ion import across plasma membrane,M1,1,0
1,-5.9,GO:0071407,cellular response to organic cyclic compound,M1,1,0
1,-4.5,hsa04915,Estrogen signaling pathway,M1,1,0
1,-2.6,GO:1903522,regulation of blood circulation,M1,1,0
1,-2.3,R-HSA-991365,Activation of GABAB receptors,M1,1,0
1,-3,GO:0086011,membrane repolarization during action potential,M1,1,0
1,-2.5,GO:0019228,neuronal action potential,M1,1,0
1,-4.8,GO:0031503,protein-containing complex localization,M1,1,0
1,-6.7,hsa04070,Phosphatidylinositol signaling system,M1,1,0
1,-4,M252,PID IL8 CXCR1 PATHWAY,M1,1,0
1,-6,GO:1901699,cellular response to nitrogen compound,M1,1,0
1,-2.3,GO:0032411,positive regulation of transporter activity,M1,1,0
1,-2.5,WP3676,BDNF TrkB signaling,M1,1,0
1,-2.4,GO:0062197,cellular response to chemical stress,M1,1,0
1,-9.1,GO:0050808,synapse organization,M1,1,0
1,-3,GO:0043244,regulation of protein-containing complex disassembly,M1,1,0
1,-2.6,GO:0051260,protein homooligomerization,M1,1,0
1,-16,R-HSA-112315,Transmission across Chemical Synapses,M1,1,0
1,-5.2,GO:0060078,regulation of postsynaptic membrane potential,M1,1,0
1,-2,GO:0032970,regulation of actin filament-based process,M1,1,0
1,-2.5,GO:1902903,regulation of supramolecular fiber organization,M1,1,0
1,-2.6,GO:0098742,cell-cell adhesion via plasma-membrane adhesion molecules,M1,1,0
1,-4.5,GO:0010817,regulation of hormone levels,M1,1,0
1,-2.2,WP4223,Ras signaling,M1,1,0
1,-3.3,WP2118,Arrhythmogenic right ventricular cardiomyopathy,M1,1,0
1,-5.7,WP382,MAPK signaling,M1,1,0
1,-2.5,M5884,NABA CORE MATRISOME,M1,1,0
1,-2.3,R-HSA-977444,GABA B receptor activation,M1,1,0
1,-4.4,hsa04360,Axon guidance,M1,1,0
1,-9.1,hsa04961,Endocrine and other factor-regulated calcium reabsorption,M1,1,0
1,-2.6,GO:0008610,lipid biosynthetic process,M1,1,0
1,-3,hsa05412,Arrhythmogenic right ventricular cardiomyopathy,M1,1,0
1,-17,GO:0030001,metal ion transport,M1,1,0
1,-2,GO:0001823,mesonephros development,M1,1,0
1,-2.1,GO:0095500,acetylcholine receptor signaling pathway,M1,1,0
1,-4.7,R-HSA-163685,Integration of energy metabolism,M1,1,0
1,-2.4,GO:0035137,hindlimb morphogenesis,M1,1,0
1,-3.1,WP5283,Chronic hyperglycemia impairment of neuron function,M1,1,0
1,-4.5,WP2636,Common pathways underlying drug addiction,M1,1,0
1,-3,GO:1903169,regulation of calcium ion transmembrane transport,M1,1,0
1,-4.4,WP4760,PKC gamma calcium signaling in ataxia,M1,1,0
1,-3,GO:0008361,regulation of cell size,M1,1,0
1,-4.3,GO:0043490,malate-aspartate shuttle,M1,1,0
1,-4.5,GO:0032940,secretion by cell,M1,1,0
1,-2.1,GO:0021543,pallium development,M1,1,0
1,-2,WP4971,Phosphoinositides metabolism,M1,1,0
1,-2.5,WP4481,Resistin as a regulator of inflammation,M1,1,0
1,-3,hsa04926,Relaxin signaling pathway,M1,1,0
1,-5.1,GO:0036376,sodium ion export across plasma membrane,M1,1,0
1,-6.1,hsa04726,Serotonergic synapse,M1,1,0
1,-2.7,hsa04933,AGE-RAGE signaling pathway in diabetic complications,M1,1,0
1,-2.2,GO:0046434,organophosphate catabolic process,M1,1,0
1,-4.5,GO:0045055,regulated exocytosis,M1,1,0
1,-7.4,WP4829,mBDNF and proBDNF regulation of GABA neurotransmission,M1,1,0
1,-3.7,GO:0045666,positive regulation of neuron differentiation,M1,1,0
1,-2,GO:0007215,glutamate receptor signaling pathway,M1,1,0
1,-2.5,M210,PID IL8 CXCR2 PATHWAY,M1,1,0
1,-7.2,GO:1903532,positive regulation of secretion by cell,M1,1,0
1,-2.2,M238,PID THROMBIN PAR1 PATHWAY,M1,1,0
1,-3.6,M8,PID ENDOTHELIN PATHWAY,M1,1,0
1,-2.1,WP534,Glycolysis and gluconeogenesis,M1,1,0
1,-8.4,GO:0099003,vesicle-mediated transport in synapse,M1,1,0
1,-2.7,GO:0022029,telencephalon cell migration,M1,1,0
1,-2.1,GO:1905145,cellular response to acetylcholine,M1,1,0
1,-3.9,GO:0051963,regulation of synapse assembly,M1,1,0
1,-2.3,R-HSA-194068,Bile acid and bile salt metabolism,M1,1,0
1,-3.5,GO:0170043,non-proteinogenic amino acid biosynthetic process,M1,1,0
1,-2.6,GO:0032271,regulation of protein polymerization,M1,1,0
1,-3.3,GO:0050772,positive regulation of axonogenesis,M1,1,0
1,-5.1,hsa04072,Phospholipase D signaling pathway,M1,1,0
1,-4.9,GO:0009449,gamma-aminobutyric acid biosynthetic process,M1,1,0
1,-4.4,GO:0009410,response to xenobiotic stimulus,M1,1,0
1,-5.7,GO:0060627,regulation of vesicle-mediated transport,M1,1,0
1,-2.2,WP5053,Development of ureteric derived collecting system,M1,1,0
1,-4.2,GO:0034767,positive regulation of monoatomic ion transmembrane transport,M1,1,0
1,-4.7,GO:0001558,regulation of cell growth,M1,1,0
1,-2.3,R-HSA-1227986,Signaling by ERBB2,M1,1,0
1,-3.4,GO:0072659,protein localization to plasma membrane,M1,1,0
1,-2.3,GO:0010469,regulation of signaling receptor activity,M1,1,0
1,-2.6,GO:0098900,regulation of action potential,M1,1,0
1,-2.5,GO:1901880,negative regulation of protein depolymerization,M1,1,0
1,-3.9,GO:2000651,positive regulation of sodium ion transmembrane transporter activity,M1,1,0
1,-2.3,GO:0072521,purine-containing compound metabolic process,M1,1,0
1,-5.5,R-HSA-1236394,Signaling by ERBB4,M1,1,0
1,-2.9,GO:0008306,associative learning,M1,1,0
1,-2.3,GO:0008206,bile acid metabolic process,M1,1,0
1,-4,GO:0086003,cardiac muscle cell contraction,M1,1,0
1,-3.4,GO:0055078,sodium ion homeostasis,M1,1,0
1,-4.3,GO:1990504,dense core granule exocytosis,M1,1,0
1,-7,GO:0048812,neuron projection morphogenesis,M1,1,0
1,-4,GO:0098870,action potential propagation,M1,1,0
1,-8.1,GO:0043269,regulation of monoatomic ion transport,M1,1,0
1,-4.3,GO:0051962,positive regulation of nervous system development,M1,1,0
1,-2.9,GO:0048015,phosphatidylinositol-mediated signaling,M1,1,0
1,-3.8,GO:0099601,regulation of neurotransmitter receptor activity,M1,1,0
1,-5,GO:0099643,signal release from synapse,M1,1,0
1,-8.2,hsa04929,GnRH secretion,M1,1,0
1,-2.6,R-HSA-192105,Synthesis of bile acids and bile salts,M1,1,0
1,-2.3,hsa04071,Sphingolipid signaling pathway,M1,1,0
1,-3.1,GO:0008038,neuron recognition,M1,1,0
1,-4.2,GO:0003015,heart process,M1,1,0
1,-5.2,WP4941,GPR143 in melanocytes and retinal pigment epithelium cells,M1,1,0
1,-4.6,hsa04927,Cortisol synthesis and secretion,M1,1,0
1,-4.3,GO:0086002,cardiac muscle cell action potential involved in contraction,M1,1,0
1,-2.3,GO:0018105,peptidyl-serine phosphorylation,M1,1,0
1,-6.7,GO:0006814,sodium ion transport,M1,1,0
1,-2.3,GO:0055023,positive regulation of cardiac muscle tissue growth,M1,1,0
1,-2.4,GO:0042692,muscle cell differentiation,M1,1,0
1,-2.7,GO:0086009,membrane repolarization,M1,1,0
1,-15,GO:0098916,anterograde trans-synaptic signaling,M1,1,0
1,-4.6,WP4871,Kisspeptin kisspeptin receptor system in the ovary,M1,1,0
1,-3.1,GO:0045921,positive regulation of exocytosis,M1,1,0
1,-2.7,R-HSA-9029569,NR1H3 & NR1H2 regulate gene expression linked to cholesterol transport and efflux,M1,1,0
1,-2.3,hsa01521,EGFR tyrosine kinase inhibitor resistance,M1,1,0
1,-2.7,R-HSA-9013026,RHOB GTPase cycle,M1,1,0
1,-3.1,GO:0035249,"synaptic transmission, glutamatergic",M1,1,0
1,-2.9,GO:1902414,protein localization to cell junction,M1,1,0
1,-4.4,GO:0009448,gamma-aminobutyric acid metabolic process,M1,1,0
1,-2.4,GO:1901654,response to ketone,M1,1,0
1,-3.5,GO:0021955,central nervous system neuron axonogenesis,M1,1,0
1,-4.3,R-HSA-9856872,Malate-aspartate shuttle,M1,1,0
1,-2.5,WP5490,Inhibition of GNAQ regulated signaling in uveal melanoma,M1,1,0
1,-2.2,GO:0051955,regulation of amino acid transport,M1,1,0
1,-4.6,GO:0046883,regulation of hormone secretion,M1,1,0
1,-2.6,R-HSA-111933,Calmodulin induced events,M1,1,0
1,-2.6,R-HSA-9664433,Leishmania parasite growth and survival,M1,1,0
1,-3.9,WP106,Alanine and aspartate metabolism,M1,1,0
1,-4.4,GO:0042551,neuron maturation,M1,1,0
1,-2.3,R-HSA-9660821,ADORA2B mediated anti-inflammatory cytokines production,M1,1,0
1,-2.6,R-HSA-3858494,Beta-catenin independent WNT signaling,M1,1,0
1,-2.6,R-HSA-9662851,Anti-inflammatory response favouring Leishmania parasite infection,M1,1,0
1,-6.2,CORUM:5809,"GABA-A receptor (GABRA1, GABRB2, GABRG2)",M1,1,0
1,-2.6,R-HSA-163359,Glucagon signaling in metabolic regulation,M1,1,0
1,-7.8,hsa04713,Circadian entrainment,M1,1,0
1,-18,GO:0099536,synaptic signaling,M1,1,0
1,-2.3,GO:0035051,cardiocyte differentiation,M1,1,0
1,-2.4,hsa00562,Inositol phosphate metabolism,M1,1,0
1,-2.9,GO:1901879,regulation of protein depolymerization,M1,1,0
1,-5,GO:0006468,protein phosphorylation,M1,1,0
1,-3.9,GO:0098976,excitatory chemical synaptic transmission,M1,1,0
1,-8.9,hsa04971,Gastric acid secretion,M1,1,0
1,-3.3,GO:1990806,ligand-gated ion channel signaling pathway,M1,1,0
1,-2.7,GO:1902683,regulation of receptor localization to synapse,M1,1,0
1,-5.4,GO:0022898,regulation of transmembrane transporter activity,M1,1,0
1,-5.4,GO:0050801,monoatomic ion homeostasis,M1,1,0
1,-3.1,GO:0048013,ephrin receptor signaling pathway,M1,1,0
1,-5.1,GO:0030003,intracellular monoatomic cation homeostasis,M1,1,0
1,-4.2,GO:0070252,actin-mediated cell contraction,M1,1,0
1,-4.8,R-HSA-1489509,DAG and IP3 signaling,M1,1,0
1,-2,WP5224,2q37 copy number variation syndrome,M1,1,0
1,-2,hsa05205,Proteoglycans in cancer,M1,1,0
1,-2.2,GO:0150052,regulation of postsynapse assembly,M1,1,0
1,-3.2,GO:0098739,import across plasma membrane,M1,1,0
1,-2.7,GO:0021952,central nervous system projection neuron axonogenesis,M1,1,0
1,-6.9,hsa04720,Long-term potentiation,M1,1,0
1,-2.1,GO:0051924,regulation of calcium ion transport,M1,1,0
1,-4.6,hsa04270,Vascular smooth muscle contraction,M1,1,0
1,-7.6,GO:0050807,regulation of synapse organization,M1,1,0
1,-6.9,GO:0120039,plasma membrane bounded cell projection morphogenesis,M1,1,0
1,-2.6,hsa04922,Glucagon signaling pathway,M1,1,0
1,-2.7,WP5121,Sphingolipid metabolism in senescence,M1,1,0
1,-3.5,GO:0017156,calcium-ion regulated exocytosis,M1,1,0
1,-4,GO:0008344,adult locomotory behavior,M1,1,0
1,-2.7,GO:0001964,startle response,M1,1,0
1,-2.9,GO:0014075,response to amine,M1,1,0
1,-2.7,GO:0001764,neuron migration,M1,1,0
1,-3.3,GO:0070848,response to growth factor,M1,1,0
1,-13,GO:0099177,regulation of trans-synaptic signaling,M1,1,0
1,-2.9,R-HSA-4086398,Ca2+ pathway,M1,1,0
1,-5.4,WP4312,Rett syndrome,M1,1,0
1,-2.1,GO:0071774,response to fibroblast growth factor,M1,1,0
1,-7.8,GO:0097120,receptor localization to synapse,M1,1,0
1,-6.2,GO:0086001,cardiac muscle cell action potential,M1,1,0
1,-2.8,GO:0021954,central nervous system neuron development,M1,1,0
1,-2.7,M69,PID REELIN PATHWAY,M1,1,0
1,-6.9,GO:0099504,synaptic vesicle cycle,M1,1,0
1,-4.6,GO:0098661,inorganic anion transmembrane transport,M1,1,0
1,-3.7,GO:0007411,axon guidance,M1,1,0
1,-2.2,GO:0033273,response to vitamin,M1,1,0
1,-6.5,R-HSA-9006934,Signaling by Receptor Tyrosine Kinases,M1,1,0
1,-4.1,GO:0099637,neurotransmitter receptor transport,M1,1,0
1,-4.3,GO:0006887,exocytosis,M1,1,0
1,-5.2,hsa04973,Carbohydrate digestion and absorption,M1,1,0
1,-5.3,GO:0048167,regulation of synaptic plasticity,M1,1,0
1,-2.3,hsa04014,Ras signaling pathway,M1,1,0
1,-3.5,GO:0070593,dendrite self-avoidance,M1,1,0
1,-6.7,GO:0007420,brain development,M1,1,0
1,-4.3,GO:0071447,cellular response to hydroperoxide,M1,1,0
1,-15,GO:0007268,chemical synaptic transmission,M1,1,0
1,-6.8,GO:0048858,cell projection morphogenesis,M1,1,0
1,-4.6,GO:0061337,cardiac conduction,M1,1,0
1,-2.6,GO:0021545,cranial nerve development,M1,1,0
1,-16,GO:0042391,regulation of membrane potential,M1,1,0
1,-5.7,R-HSA-399721,"Glutamate binding, activation of AMPA receptors and synaptic plasticity",M1,1,0
1,-2.3,GO:0048010,vascular endothelial growth factor receptor signaling pathway,M1,1,0
1,-2.2,GO:0030833,regulation of actin filament polymerization,M1,1,0
1,-3.6,GO:0010765,positive regulation of sodium ion transport,M1,1,0
1,-8.1,GO:0034330,cell junction organization,M1,1,0
1,-2.5,GO:0060042,retina morphogenesis in camera-type eye,M1,1,0
1,-4.5,GO:0031344,regulation of cell projection organization,M1,1,0
1,-2.3,R-HSA-8980692,RHOA GTPase cycle,M1,1,0
1,-3.7,GO:0097485,neuron projection guidance,M1,1,0
1,-8.9,hsa04261,Adrenergic signaling in cardiomyocytes,M1,1,0
1,-9.4,GO:0051046,regulation of secretion,M1,1,0
1,-5.9,GO:0098953,receptor diffusion trapping,M1,1,0
1,-2.2,WP4806,EGFR tyrosine kinase inhibitor resistance,M1,1,0
1,-3,GO:0046058,cAMP metabolic process,M1,1,0
1,-2.5,GO:0055086,nucleobase-containing small molecule metabolic process,M1,1,0
1,-5.2,GO:0046887,positive regulation of hormone secretion,M1,1,0
1,-2.1,GO:0048675,axon extension,M1,1,0
1,-2.6,WP4321,Thermogenesis,M1,1,0
1,-4.9,GO:1903539,protein localization to postsynaptic membrane,M1,1,0
1,-4.8,GO:0034329,cell junction assembly,M1,1,0
1,-8.1,WP4159,GABA receptor signaling,M1,1,0
1,-2.1,GO:0007623,circadian rhythm,M1,1,0
1,-3.2,GO:0033194,response to hydroperoxide,M1,1,0
1,-3.5,GO:0055012,ventricular cardiac muscle cell differentiation,M1,1,0
1,-2.3,R-HSA-9024446,NR1H2 and NR1H3-mediated signaling,M1,1,0
1,-2.8,GO:0042220,response to cocaine,M1,1,0
1,-2.1,WP673,ErbB signaling,M1,1,0
1,-5.8,hsa05033,Nicotine addiction,M1,1,0
1,-5,GO:0050806,positive regulation of synaptic transmission,M1,1,0
1,-2.1,hsa04512,ECM-receptor interaction,M1,1,0
1,-3,GO:1902307,positive regulation of sodium ion transmembrane transport,M1,1,0
1,-4.2,R-HSA-111885,Opioid Signalling,M1,1,0
1,-4.5,GO:0060047,heart contraction,M1,1,0
1,-2.9,GO:0051155,positive regulation of striated muscle cell differentiation,M1,1,0
1,-12,hsa04727,GABAergic synapse,M1,1,0
1,-2.3,GO:0071375,cellular response to peptide hormone stimulus,M1,1,0
1,-2.1,R-HSA-556833,Metabolism of lipids,M1,1,0
1,-2.6,GO:0051289,protein homotetramerization,M1,1,0
1,-2.2,GO:0030516,regulation of axon extension,M1,1,0
1,-2.4,WP4541,Hippo Merlin signaling dysregulation,M1,1,0
1,-2.6,GO:0021885,forebrain cell migration,M1,1,0
1,-2.2,GO:0006163,purine nucleotide metabolic process,M1,1,0
1,-7.7,GO:1904062,regulation of monoatomic cation transmembrane transport,M1,1,0
1,-7.1,hsa04724,Glutamatergic synapse,M1,1,0
1,-4.3,GO:0051960,regulation of nervous system development,M1,1,0
1,-3.7,GO:0051282,regulation of sequestering of calcium ion,M1,1,0
1,-2.9,WP4595,Urea cycle and associated pathways,M1,1,0
1,-2.5,R-HSA-111996,Ca-dependent events,M1,1,0
1,-5.6,GO:0040008,regulation of growth,M1,1,0
1,-5.9,GO:0007409,axonogenesis,M1,1,0
1,-2.7,GO:0006942,regulation of striated muscle contraction,M1,1,0
1,-5,GO:0046928,regulation of neurotransmitter secretion,M1,1,0
1,-3.5,WP4698,Vitamin D sensitive calcium signaling in depression,M1,1,0
1,-2.4,hsa00250,"Alanine, aspartate and glutamate metabolism",M1,1,0
1,-2,GO:0019752,carboxylic acid metabolic process,M1,1,0
1,-7,GO:0035725,sodium ion transmembrane transport,M1,1,0
1,-3.7,GO:0019725,cellular homeostasis,M1,1,0
1,-3.6,R-HSA-416993,Trafficking of GluR2-containing AMPA receptors,M1,1,0
1,-15,GO:0098662,inorganic cation transmembrane transport,M1,1,0
1,-3.1,GO:0099622,cardiac muscle cell membrane repolarization,M1,1,0
1,-4.4,R-HSA-422356,Regulation of insulin secretion,M1,1,0
1,-4.4,GO:0098771,inorganic ion homeostasis,M1,1,0
1,-4,GO:0090257,regulation of muscle system process,M1,1,0
1,-6.7,GO:0051047,positive regulation of secretion,M1,1,0
1,-3.5,GO:0031114,regulation of microtubule depolymerization,M1,1,0
1,-2.1,WP363,Wnt signaling,M1,1,0
1,-9.9,GO:0001508,action potential,M1,1,0
1,-7.3,GO:0060322,head development,M1,1,0
1,-4.1,GO:0055082,intracellular chemical homeostasis,M1,1,0
1,-3,R-HSA-163125,Post-translational modification: synthesis of GPI-anchored proteins,M1,1,0
1,-5.9,GO:0098970,postsynaptic neurotransmitter receptor diffusion trapping,M1,1,0
1,-4.8,hsa04730,Long-term depression,M1,1,0
1,-4.3,GO:0090066,regulation of anatomical structure size,M1,1,0
1,-6.9,GO:0051932,"synaptic transmission, GABAergic",M1,1,0
1,-4.2,GO:0003013,circulatory system process,M1,1,0
1,-2.1,R-HSA-445717,Aquaporin-mediated transport,M1,1,0
1,-3.5,hsa05143,African trypanosomiasis,M1,1,0
1,-2.8,GO:0009259,ribonucleotide metabolic process,M1,1,0
1,-2.4,WP4255,Non small cell lung cancer,M1,1,0
1,-5.3,WP5200,Dravet syndrome,M1,1,0
1,-2.6,GO:0048813,dendrite morphogenesis,M1,1,0
1,-5.6,hsa04750,Inflammatory mediator regulation of TRP channels,M1,1,0
1,-4,GO:0034764,positive regulation of transmembrane transport,M1,1,0
1,-6.5,GO:0000902,cell morphogenesis,M1,1,0
1,-2.4,hsa05223,Non-small cell lung cancer,M1,1,0
1,-4.1,GO:0032535,regulation of cellular component size,M1,1,0
1,-2.7,GO:0006753,nucleoside phosphate metabolic process,M1,1,0
1,-2.1,WP5411,Phosphatidyl inositol phosphate pathway,M1,1,0
1,-2.2,GO:0048009,insulin-like growth factor receptor signaling pathway,M1,1,0
1,-4.2,R-HSA-5578775,Ion homeostasis,M1,1,0
1,-4.4,GO:0032870,cellular response to hormone stimulus,M1,1,0
1,-5,GO:0051668,localization within membrane,M1,1,0
1,-2.6,R-HSA-111997,CaM pathway,M1,1,0
1,-4.5,WP4148,Splicing factor NOVA regulated synaptic proteins,M1,1,0
1,-3.2,GO:0043242,negative regulation of protein-containing complex disassembly,M1,1,0
1,-8.3,hsa04911,Insulin secretion,M1,1,0
1,-2.3,GO:0009117,nucleotide metabolic process,M1,1,0
1,-2.2,GO:0031111,negative regulation of microtubule polymerization or depolymerization,M1,1,0
1,-2.9,R-HSA-114508,Effects of PIP2 hydrolysis,M1,1,0
1,-3,GO:0072657,protein localization to membrane,M1,1,0
1,-2.3,GO:0014912,negative regulation of smooth muscle cell migration,M1,1,0
1,-3.1,GO:0019722,calcium-mediated signaling,M1,1,0
1,-2.8,GO:0045664,regulation of neuron differentiation,M1,1,0
1,-4.5,R-HSA-418597,G alpha (z) signalling events,M1,1,0
1,-4.3,GO:0098657,import into cell,M1,1,0
1,-7,R-HSA-5576891,Cardiac conduction,M1,1,0
1,-5.2,GO:0061564,axon development,M1,1,0
1,-4.7,GO:0035640,exploration behavior,M1,1,0
1,-3.2,GO:0006820,monoatomic anion transport,M1,1,0
1,-5.6,R-HSA-112043,PLC beta mediated events,M1,1,0
1,-2.3,GO:1901617,organic hydroxy compound biosynthetic process,M1,1,0
1,-19,GO:0098660,inorganic ion transmembrane transport,M1,1,0
1,-2.7,GO:0051480,regulation of cytosolic calcium ion concentration,M1,1,0
1,-2.4,GO:0034599,cellular response to oxidative stress,M1,1,0
1,-2.6,R-HSA-438064,Post NMDA receptor activation events,M1,1,0
1,-5.3,GO:1902305,regulation of sodium ion transmembrane transport,M1,1,0
1,-5.3,R-HSA-397014,Muscle contraction,M1,1,0
1,-2.3,GO:0071277,cellular response to calcium ion,M1,1,0
1,-2.7,GO:0061387,regulation of extent of cell growth,M1,1,0
1,-6.3,GO:0006836,neurotransmitter transport,M1,1,0
1,-2.6,GO:0071363,cellular response to growth factor stimulus,M1,1,0
1,-4.4,GO:0007207,phospholipase C-activating G protein-coupled acetylcholine receptor signaling pathway,M1,1,0
1,-2.9,M113,PID NFAT 3PATHWAY,M1,1,0
1,-4.3,R-HSA-9006925,Intracellular signaling by second messengers,M1,1,0
1,-2,GO:0035924,cellular response to vascular endothelial growth factor stimulus,M1,1,0
1,-2.9,hsa04976,Bile secretion,M1,1,0
1,-4.8,hsa04020,Calcium signaling pathway,M1,1,0
1,-3.6,GO:0035418,protein localization to synapse,M1,1,0
1,-3,GO:0048008,platelet-derived growth factor receptor signaling pathway,M1,1,0
1,-3.7,R-HSA-372790,Signaling by GPCR,M1,1,0
1,-5.3,R-HSA-5576892,Phase 0 - rapid depolarisation,M1,1,0
1,-12,GO:0007610,behavior,M1,1,0
1,-2.1,R-HSA-9855142,Cellular responses to mechanical stimuli,M1,1,0
1,-11,WP4549,Fragile X syndrome,M1,1,0
1,-3.3,GO:0016358,dendrite development,M1,1,0
1,-5.8,GO:0016079,synaptic vesicle exocytosis,M1,1,0
1,-2.7,hsa04978,Mineral absorption,M1,1,0
1,-5.1,GO:0030534,adult behavior,M1,1,0
1,-3.2,GO:0051966,"regulation of synaptic transmission, glutamatergic",M1,1,0
1,-11,hsa05032,Morphine addiction,M1,1,0
1,-3,GO:0021987,cerebral cortex development,M1,1,0
1,-3.4,GO:0030029,actin filament-based process,M1,1,0
1,-2.6,GO:1990542,mitochondrial transmembrane transport,M1,1,0
1,-2.7,GO:1905475,regulation of protein localization to membrane,M1,1,0
1,-4.4,GO:0098659,inorganic cation import across plasma membrane,M1,1,0
1,-2.9,GO:0021700,developmental maturation,M1,1,0
1,-4.4,GO:0055074,calcium ion homeostasis,M1,1,0
1,-2.7,R-HSA-445095,Interaction between L1 and Ankyrins,M1,1,0
1,-2,GO:0036323,vascular endothelial growth factor receptor-1 signaling pathway,M1,1,0
1,-2.5,GO:0043094,cellular metabolic compound salvage,M1,1,0
1,-3.4,GO:0052652,cyclic purine nucleotide metabolic process,M1,1,0
1,-2.2,R-HSA-6811558,"PI5P, PP2A and IER3 Regulate PI3K/AKT Signaling",M1,1,0
1,-5.6,GO:0010038,response to metal ion,M1,1,0
1,-3.4,GO:0090659,walking behavior,M1,1,0
1,-2.9,GO:0090075,relaxation of muscle,M1,1,0
1,-2.8,GO:2001257,regulation of cation channel activity,M1,1,0
1,-7.5,hsa04972,Pancreatic secretion,M1,1,0
1,-5.1,R-HSA-382551,Transport of small molecules,M1,1,0
1,-4.1,GO:1905150,regulation of voltage-gated sodium channel activity,M1,1,0
1,-2.1,GO:0006865,amino acid transport,M1,1,0
1,-2.6,M269,PID RAS PATHWAY,M1,1,0
1,-5,GO:0007269,neurotransmitter secretion,M1,1,0
1,-2.2,WP5087,Pleural mesothelioma,M1,1,0
1,-10,GO:0034762,regulation of transmembrane transport,M1,1,0
1,-6.7,GO:0007214,gamma-aminobutyric acid signaling pathway,M1,1,0
1,-2.2,GO:0044089,positive regulation of cellular component biogenesis,M1,1,0
1,-2.3,hsa04611,Platelet activation,M1,1,0
1,-2.6,GO:0016197,endosomal transport,M1,1,0
1,-2.1,WP2038,Microtubule cytoskeleton regulation,M1,1,0
1,-2,GO:1904892,regulation of receptor signaling pathway via STAT,M1,1,0
1,-4.9,GO:0016082,synaptic vesicle priming,M1,1,0
1,-2.6,GO:1904375,regulation of protein localization to cell periphery,M1,1,0
1,-5,GO:0006873,intracellular monoatomic ion homeostasis,M1,1,0
1,-3.5,R-HSA-5218921,VEGFR2 mediated cell proliferation,M1,1,0
1,-6,GO:0006816,calcium ion transport,M1,1,0
1,-4.8,GO:1901381,positive regulation of potassium ion transmembrane transport,M1,1,0
1,-2.2,GO:0051952,regulation of amine transport,M1,1,0
1,-5.1,GO:0050714,positive regulation of protein secretion,M1,1,0
1,-3.3,hsa04934,Cushing syndrome,M1,1,0
1,-8.9,hsa04918,Thyroid hormone synthesis,M1,1,0
1,-3.3,GO:0008015,blood circulation,M1,1,0
1,-2.5,hsa04924,Renin secretion,M1,1,0
1,-2.2,GO:0031667,response to nutrient levels,M1,1,0
1,-4.2,GO:1902476,chloride transmembrane transport,M1,1,0
1,-3.1,GO:0086013,membrane repolarization during cardiac muscle cell action potential,M1,1,0
1,-2.5,GO:0008652,amino acid biosynthetic process,M1,1,0
1,-3.1,GO:1904951,positive regulation of establishment of protein localization,M1,1,0
1,-2.3,GO:0009306,protein secretion,M1,1,0
1,-2.8,R-HSA-975576,N-glycan antennae elongation in the medial/trans-Golgi,M1,1,0
1,-11,WP5420,ADHD and autism ASD pathways,M1,1,0
1,-4,GO:0051222,positive regulation of protein transport,M1,1,0
1,-3.8,WP5265,Neurogenesis regulation in the olfactory epithelium,M1,1,0
1,-3.3,WP4341,Non genomic actions of 1 25 dihydroxyvitamin D3,M1,1,0
1,-4.3,GO:0010975,regulation of neuron projection development,M1,1,0
1,-2.7,R-HSA-416476,G alpha (q) signalling events,M1,1,0
1,-2.2,GO:0019098,reproductive behavior,M1,1,0
1,-2.1,R-HSA-112310,Neurotransmitter release cycle,M1,1,0
1,-5.1,GO:2000649,regulation of sodium ion transmembrane transporter activity,M1,1,0
1,-3.5,hsa05146,Amoebiasis,M1,1,0
1,-2.2,GO:0060421,positive regulation of heart growth,M1,1,0
1,-3.4,R-HSA-888590,"GABA synthesis, release, reuptake and degradation",M1,1,0
1,-2.5,R-HSA-9664323,FCGR3A-mediated IL10 synthesis,M1,1,0
1,-2.2,GO:0003407,neural retina development,M1,1,0
1,-4.9,GO:0055080,monoatomic cation homeostasis,M1,1,0
1,-3.5,R-HSA-164378,PKA activation in glucagon signalling,M1,1,0
1,-5.2,GO:0097305,response to alcohol,M1,1,0
1,-2.4,R-HSA-442755,Activation of NMDA receptors and postsynaptic events,M1,1,0
1,-4.4,GO:0099587,inorganic ion import across plasma membrane,M1,1,0
1,-5.7,GO:0090276,regulation of peptide hormone secretion,M1,1,0
1,-2.5,hsa05031,Amphetamine addiction,M1,1,0
1,-4,GO:0006941,striated muscle contraction,M1,1,0
1,-2.2,GO:0007528,neuromuscular junction development,M1,1,0
1,-3.8,R-HSA-422475,Axon guidance,M1,1,0
1,-2.6,GO:0099560,synaptic membrane adhesion,M1,1,0
1,-4.2,R-HSA-8986944,Transcriptional Regulation by MECP2,M1,1,0
1,-2.3,GO:0048705,skeletal system morphogenesis,M1,1,0
1,-3.5,GO:0043279,response to alkaloid,M1,1,0
1,-3.9,GO:1901379,regulation of potassium ion transmembrane transport,M1,1,0
1,-3.3,WP3888,VEGFA VEGFR2 signaling,M1,1,0
1,-3.2,GO:1901888,regulation of cell junction assembly,M1,1,0
1,-3.5,hsa04974,Protein digestion and absorption,M1,1,0
1,-3,GO:0051149,positive regulation of muscle cell differentiation,M1,1,0
1,-2.5,GO:0032414,positive regulation of ion transmembrane transporter activity,M1,1,0
1,-3.3,GO:0032253,dense core granule localization,M1,1,0
1,-5.4,GO:0099072,regulation of postsynaptic membrane neurotransmitter receptor levels,M1,1,0
1,-5,GO:1990778,protein localization to cell periphery,M1,1,0
1,-3.5,GO:0023061,signal release,M1,1,0
1,-2.3,GO:0008283,cell population proliferation,M1,1,0
1,-5.4,R-HSA-112040,G-protein mediated events,M1,1,0
1,-5.6,GO:1904862,inhibitory synapse assembly,M1,1,0
1,-3.8,GO:0099505,regulation of presynaptic membrane potential,M1,1,0
1,-9.1,hsa04723,Retrograde endocannabinoid signaling,M1,1,0
1,-3.1,GO:0007213,G protein-coupled acetylcholine receptor signaling pathway,M1,1,0
1,-3.5,GO:0030007,intracellular potassium ion homeostasis,M1,1,0
1,-5.9,GO:0099628,neurotransmitter receptor diffusion trapping,M1,1,0
1,-9.5,GO:0071805,potassium ion transmembrane transport,M1,1,0
1,-3,WP5094,Orexin receptor pathway,M1,1,0
1,-2.4,GO:0014742,positive regulation of muscle hypertrophy,M1,1,0
1,-4.4,hsa05414,Dilated cardiomyopathy,M1,1,0
1,-2.5,WP2197,Endothelin pathways,M1,1,0
1,-6.3,GO:0002028,regulation of sodium ion transport,M1,1,0
1,-6.3,R-HSA-977443,GABA receptor activation,M1,1,0
1,-2.7,GO:0010720,positive regulation of cell development,M1,1,0
1,-3,GO:0006937,regulation of muscle contraction,M1,1,0
1,-2.4,R-HSA-9634597,GPER1 signaling,M1,1,0
1,-2.1,GO:0009416,response to light stimulus,M1,1,0
1,-2.6,GO:0032787,monocarboxylic acid metabolic process,M1,1,0
1,-3.3,GO:0009187,cyclic nucleotide metabolic process,M1,1,0
1,-3.4,R-HSA-381676,Glucagon-like Peptide-1 (GLP1) regulates insulin secretion,M1,1,0
1,-4.7,GO:0120035,regulation of plasma membrane bounded cell projection organization,M1,1,0
1,-4.4,GO:0051588,regulation of neurotransmitter transport,M1,1,0
1,-5.8,GO:0050890,cognition,M1,1,0
1,-3.4,GO:0098656,monoatomic anion transmembrane transport,M1,1,0
1,-5,GO:0060048,cardiac muscle contraction,M1,1,0
1,-4,hsa04935,"Growth hormone synthesis, secretion and action",M1,1,0
1,-8.8,GO:1903530,regulation of secretion by cell,M1,1,0
1,-2.1,GO:0018209,peptidyl-serine modification,M1,1,0
1,-4,GO:0010248,establishment or maintenance of transmembrane electrochemical gradient,M1,1,0
1,-2.7,GO:0046777,protein autophosphorylation,M1,1,0
1,-3,hsa05163,Human cytomegalovirus infection,M1,1,0
1,-4.9,GO:0007612,learning,M1,1,0
1,-2.4,GO:0009150,purine ribonucleotide metabolic process,M1,1,0
1,-2.6,GO:1901655,cellular response to ketone,M1,1,0
1,-8.3,GO:0019226,transmission of nerve impulse,M1,1,0
1,-2.4,GO:0070507,regulation of microtubule cytoskeleton organization,M1,1,0
1,-2.4,GO:0010613,positive regulation of cardiac muscle hypertrophy,M1,1,0
1,-2.5,GO:0060219,camera-type eye photoreceptor cell differentiation,M1,1,0
1,-2.9,GO:0007200,phospholipase C-activating G protein-coupled receptor signaling pathway,M1,1,0
1,-4.4,GO:0120033,negative regulation of plasma membrane bounded cell projection assembly,M1,1,0
1,-9,WP536,Calcium regulation in cardiac cells,M1,1,0
1,-2,GO:0120032,regulation of plasma membrane bounded cell projection assembly,M1,1,0
1,-3.5,GO:0051493,regulation of cytoskeleton organization,M1,1,0
1,-4.9,GO:0032024,positive regulation of insulin secretion,M1,1,0
1,-6.8,WP289,Myometrial relaxation and contraction pathways,M1,1,0
1,-2.9,GO:0098609,cell-cell adhesion,M1,1,0
1,-6.9,WP5470,Effect of omega 3 PUFA on Huntington 39 s disease pathways,M1,1,0
1,-2.3,GO:0031346,positive regulation of cell projection organization,M1,1,0
1,-10,hsa04925,Aldosterone synthesis and secretion,M1,1,0
1,-7.8,hsa04970,Salivary secretion,M1,1,0
1,-4.5,hsa04916,Melanogenesis,M1,1,0
1,-2.3,GO:0031644,regulation of nervous system process,M1,1,0
1,-2.1,R-HSA-199418,Negative regulation of the PI3K/AKT network,M1,1,0
1,-4.9,GO:0032409,regulation of transporter activity,M1,1,0
1,-6.9,GO:0010959,regulation of metal ion transport,M1,1,0
1,-2.9,GO:0006936,muscle contraction,M1,1,0
1,-4,WP706,Sudden infant death syndrome SIDS susceptibility pathways,M1,1,0
1,-9.3,WP35,G protein signaling,M1,1,0
1,-2.2,WP5434,Cancer pathways,M1,1,0
1,-3.6,R-HSA-9675108,Nervous system development,M1,1,0
1,-4,GO:0043270,positive regulation of monoatomic ion transport,M1,1,0
1,-8.7,GO:0034765,regulation of monoatomic ion transmembrane transport,M1,1,0
1,-2.2,WP4018,Clear cell renal cell carcinoma pathways,M1,1,0
1,-4,GO:0008277,regulation of G protein-coupled receptor signaling pathway,M1,1,0
1,-4.2,GO:2000300,regulation of synaptic vesicle exocytosis,M1,1,0
1,-2.1,hsa05200,Pathways in cancer,M1,1,0
1,-3.5,GO:0050770,regulation of axonogenesis,M1,1,0
1,-3.8,GO:0045471,response to ethanol,M1,1,0
1,-4.1,hsa04010,MAPK signaling pathway,M1,1,0
1,-2.7,GO:0140029,exocytic process,M1,1,0
1,-4.7,GO:0010644,cell communication by electrical coupling,M1,1,0
1,-4.4,GO:0006883,intracellular sodium ion homeostasis,M1,1,0
1,-4.4,GO:1904064,positive regulation of cation transmembrane transport,M1,1,0
1,-2.1,GO:0030073,insulin secretion,M1,1,0
1,-4.5,WP5083,Neuroinflammation and glutamatergic signaling,M1,1,0
1,-2.8,GO:0055007,cardiac muscle cell differentiation,M1,1,0
1,-3.6,GO:0051968,"positive regulation of synaptic transmission, glutamatergic",M1,1,0
1,-4.4,GO:0043268,positive regulation of potassium ion transport,M1,1,0
1,-7.8,WP4540,Hippo signaling regulation,M1,1,0
1,-2.6,GO:0008016,regulation of heart contraction,M1,1,0
1,-2.4,GO:0045773,positive regulation of axon extension,M1,1,0
1,-5.5,hsa04015,Rap1 signaling pathway,M1,1,0
1,-2.9,GO:0071396,cellular response to lipid,M1,1,0
1,-2.9,GO:0030900,forebrain development,M1,1,0
1,-5.1,GO:0048638,regulation of developmental growth,M1,1,0
1,-3.4,GO:0070201,regulation of establishment of protein localization,M1,1,0
1,-3.7,GO:0001501,skeletal system development,M1,1,0
1,-6.6,R-HSA-1296071,Potassium Channels,M1,1,0
1,-2,GO:0031334,positive regulation of protein-containing complex assembly,M1,1,0
1,-6.6,hsa04728,Dopaminergic synapse,M1,1,0
1,-2.8,GO:0097553,calcium ion transmembrane import into cytosol,M1,1,0
1,-6.4,GO:0051592,response to calcium ion,M1,1,0
1,-2,GO:2000146,negative regulation of cell motility,M1,1,0
1,-3.9,GO:0046903,secretion,M1,1,0
1,-6.1,GO:0090277,positive regulation of peptide hormone secretion,M1,1,0
1,-3.1,GO:0032252,secretory granule localization,M1,1,0
