_MEMBER_hits,_LogP_hits,GO,Description,_PATTERN_,_RANK_,CHILD_GO_hits
1,-18.629184619356522,GO:0051179,localization,M1,1,GO:0098660 inorganic ion transmembrane transport
1,-17.522987350297054,GO:0050789,regulation of biological process,M1,1,GO:0099536 synaptic signaling
1,-15.789100817610729,GO:0065007,biological regulation,M1,1,GO:0042391 regulation of membrane potential
1,-12.294919278252374,GO:0032501,multicellular organismal process,M1,1,GO:0007610 behavior
1,-9.0747813662675,GO:0009987,cellular process,M1,1,GO:0050808 synapse organization
1,-7.345723684987229,GO:0032502,developmental process,M1,1,GO:0060322 head development
1,-6.3709452712871055,GO:0050896,response to stimulus,M1,1,GO:0051592 response to calcium ion
1,-5.581671745553712,GO:0040007,growth,M1,1,GO:0040008 regulation of growth
1,-5.359533150188072,GO:0042592,homeostatic process,M1,1,GO:0050801 monoatomic ion homeostasis
1,-4.977337815728317,GO:0048518,positive regulation of biological process,M1,1,GO:0050806 positive regulation of synaptic transmission
1,-4.433059838846348,GO:0048519,negative regulation of biological process,M1,1,GO:0120033 negative regulation of plasma membrane bounded cell projection assembly
1,-2.283329000583418,GO:0040011,locomotion,M1,1,GO:0050919 negative chemotaxis
1,-2.2237301222198993,GO:0022414,reproductive process,M1,1,GO:0019098 reproductive behavior
1,-2.107748548001828,GO:0048511,rhythmic process,M1,1,GO:0007623 circadian rhythm
