_MEMBER_hits,_LogP_hits,GO,Description,_PATTERN_,_RANK_,GiniIndex
1,-2.9,hsa04014,Ras signaling pathway,M1,1,0
1,-4.4,GO:0031953,negative regulation of protein autophosphorylation,M1,1,0
1,-2,M41,PID ER NONGENOMIC PATHWAY,M1,1,0
1,-4.1,GO:0007044,cell-substrate junction assembly,M1,1,0
1,-4.2,GO:0045229,external encapsulating structure organization,M1,1,0
1,-2.2,GO:0032963,collagen metabolic process,M1,1,0
1,-3.2,GO:0035282,segmentation,M1,1,0
1,-3,GO:0060070,canonical Wnt signaling pathway,M1,1,0
1,-2.9,hsa04931,Insulin resistance,M1,1,0
1,-3.2,GO:0001775,cell activation,M1,1,0
1,-2.5,R-HSA-373755,Semaphorin interactions,M1,1,0
1,-2.3,GO:0010631,epithelial cell migration,M1,1,0
1,-4.5,GO:0001755,neural crest cell migration,M1,1,0
1,-3.6,hsa05224,Breast cancer,M1,1,0
1,-4.4,GO:0006351,DNA-templated transcription,M1,1,0
1,-5,GO:0072010,glomerular epithelium development,M1,1,0
1,-2.9,GO:1903053,regulation of extracellular matrix organization,M1,1,0
1,-2,GO:0072337,modified amino acid transport,M1,1,0
1,-2.8,GO:0032869,cellular response to insulin stimulus,M1,1,0
1,-5.2,R-HSA-3000178,ECM proteoglycans,M1,1,0
1,-7.1,WP2882,Nuclear receptors meta pathway,M1,1,0
1,-8.6,M18,PID INTEGRIN1 PATHWAY,M1,1,0
1,-2.4,GO:0043297,apical junction assembly,M1,1,0
1,-4.6,GO:0060841,venous blood vessel development,M1,1,0
1,-2.4,GO:0045742,positive regulation of epidermal growth factor receptor signaling pathway,M1,1,0
1,-2.1,hsa04726,Serotonergic synapse,M1,1,0
1,-2.3,hsa04916,Melanogenesis,M1,1,0
1,-2.7,GO:0060390,regulation of SMAD protein signal transduction,M1,1,0
1,-2.4,GO:0060350,endochondral bone morphogenesis,M1,1,0
1,-2.8,GO:0048667,cell morphogenesis involved in neuron differentiation,M1,1,0
1,-2.2,R-HSA-9662851,Anti-inflammatory response favouring Leishmania parasite infection,M1,1,0
1,-6,GO:0001501,skeletal system development,M1,1,0
1,-4.2,GO:0014033,neural crest cell differentiation,M1,1,0
1,-4.1,GO:0072348,sulfur compound transport,M1,1,0
1,-5.2,M274,PID LYMPH ANGIOGENESIS PATHWAY,M1,1,0
1,-2.8,GO:0007219,Notch signaling pathway,M1,1,0
1,-3,WP4223,Ras signaling,M1,1,0
1,-2.8,GO:0046718,symbiont entry into host cell,M1,1,0
1,-2.1,GO:0051385,response to mineralocorticoid,M1,1,0
1,-2.8,GO:0043401,steroid hormone receptor signaling pathway,M1,1,0
1,-3.3,GO:0036005,response to macrophage colony-stimulating factor,M1,1,0
1,-2.2,R-HSA-9013149,RAC1 GTPase cycle,M1,1,0
1,-3.5,GO:0036006,cellular response to macrophage colony-stimulating factor stimulus,M1,1,0
1,-2.8,GO:0014037,Schwann cell differentiation,M1,1,0
1,-2.3,GO:0051893,regulation of focal adhesion assembly,M1,1,0
1,-2.3,GO:0008217,regulation of blood pressure,M1,1,0
1,-6.7,R-HSA-3000157,Laminin interactions,M1,1,0
1,-2.2,R-HSA-73887,Death Receptor Signaling,M1,1,0
1,-2.1,GO:0048730,epidermis morphogenesis,M1,1,0
1,-2.3,GO:0045787,positive regulation of cell cycle,M1,1,0
1,-2.2,GO:0014855,striated muscle cell proliferation,M1,1,0
1,-3,GO:0104004,cellular response to environmental stimulus,M1,1,0
1,-2.5,GO:0097530,granulocyte migration,M1,1,0
1,-4.5,GO:0048771,tissue remodeling,M1,1,0
1,-2.2,GO:0032414,positive regulation of ion transmembrane transporter activity,M1,1,0
1,-2.2,GO:0030162,regulation of proteolysis,M1,1,0
1,-22,GO:0048514,blood vessel morphogenesis,M1,1,0
1,-2,R-HSA-202733,Cell surface interactions at the vascular wall,M1,1,0
1,-2,R-HSA-2173789,TGF-beta receptor signaling activates SMADs,M1,1,0
1,-2.7,GO:0045071,negative regulation of viral genome replication,M1,1,0
1,-2.3,GO:0040014,regulation of multicellular organism growth,M1,1,0
1,-2.6,hsa04977,Vitamin digestion and absorption,M1,1,0
1,-2.6,M47,PID INTEGRIN CS PATHWAY,M1,1,0
1,-2.9,GO:0072009,nephron epithelium development,M1,1,0
1,-2.8,GO:0046660,female sex differentiation,M1,1,0
1,-3.4,R-HSA-352230,Amino acid transport across the plasma membrane,M1,1,0
1,-3.6,GO:0048009,insulin-like growth factor receptor signaling pathway,M1,1,0
1,-5,GO:0032970,regulation of actin filament-based process,M1,1,0
1,-4.2,WP289,Myometrial relaxation and contraction pathways,M1,1,0
1,-3.2,GO:0003179,heart valve morphogenesis,M1,1,0
1,-7.6,GO:0001667,ameboidal-type cell migration,M1,1,0
1,-5.4,hsa04015,Rap1 signaling pathway,M1,1,0
1,-2.8,R-HSA-3296482,Defects in vitamin and cofactor metabolism,M1,1,0
1,-2.8,GO:0060713,labyrinthine layer morphogenesis,M1,1,0
1,-3.1,GO:0006366,transcription by RNA polymerase II,M1,1,0
1,-2.3,GO:0090109,regulation of cell-substrate junction assembly,M1,1,0
1,-3.6,GO:0038145,macrophage colony-stimulating factor signaling pathway,M1,1,0
1,-2.7,GO:0061458,reproductive system development,M1,1,0
1,-3.6,GO:0036216,cellular response to stem cell factor stimulus,M1,1,0
1,-3.5,WP4262,Breast cancer pathway,M1,1,0
1,-5,GO:0016525,negative regulation of angiogenesis,M1,1,0
1,-3,GO:0060560,developmental growth involved in morphogenesis,M1,1,0
1,-4.2,R-HSA-3000171,Non-integrin membrane-ECM interactions,M1,1,0
1,-4.9,GO:0000902,cell morphogenesis,M1,1,0
1,-2.1,GO:0046677,response to antibiotic,M1,1,0
1,-3.1,GO:0042633,hair cycle,M1,1,0
1,-2.2,R-HSA-9664433,Leishmania parasite growth and survival,M1,1,0
1,-2.2,GO:1904659,D-glucose transmembrane transport,M1,1,0
1,-2,GO:1902893,regulation of miRNA transcription,M1,1,0
1,-2.9,GO:0003170,heart valve development,M1,1,0
1,-14,GO:0007507,heart development,M1,1,0
1,-4.8,GO:0001946,lymphangiogenesis,M1,1,0
1,-2.5,GO:0050680,negative regulation of epithelial cell proliferation,M1,1,0
1,-2.6,WP5385,Growth factors and hormones in beta cell proliferation,M1,1,0
1,-7.1,GO:0048762,mesenchymal cell differentiation,M1,1,0
1,-3.1,WP2064,Neural crest differentiation,M1,1,0
1,-2.2,GO:0098754,detoxification,M1,1,0
1,-3.3,GO:0001933,negative regulation of protein phosphorylation,M1,1,0
1,-15,GO:0048729,tissue morphogenesis,M1,1,0
1,-8.9,GO:0008285,negative regulation of cell population proliferation,M1,1,0
1,-3.8,GO:1901184,regulation of ERBB signaling pathway,M1,1,0
1,-3.2,GO:1903900,regulation of viral life cycle,M1,1,0
1,-4.1,GO:0010717,regulation of epithelial to mesenchymal transition,M1,1,0
1,-3.5,M286,PID TGFBR PATHWAY,M1,1,0
1,-3.4,GO:0043534,blood vessel endothelial cell migration,M1,1,0
1,-2.7,GO:0030509,BMP signaling pathway,M1,1,0
1,-11,GO:1904018,positive regulation of vasculature development,M1,1,0
1,-4.1,GO:0007169,cell surface receptor protein tyrosine kinase signaling pathway,M1,1,0
1,-2.6,hsa05412,Arrhythmogenic right ventricular cardiomyopathy,M1,1,0
1,-2.3,GO:0009267,cellular response to starvation,M1,1,0
1,-4.2,GO:0042918,alkanesulfonate transmembrane transport,M1,1,0
1,-2.5,GO:0045778,positive regulation of ossification,M1,1,0
1,-3.7,GO:0036323,vascular endothelial growth factor receptor-1 signaling pathway,M1,1,0
1,-5.7,GO:0098771,inorganic ion homeostasis,M1,1,0
1,-5.4,hsa05145,Toxoplasmosis,M1,1,0
1,-4.8,GO:0048638,regulation of developmental growth,M1,1,0
1,-3.4,M165,PID SYNDECAN 4 PATHWAY,M1,1,0
1,-3.2,GO:0046889,positive regulation of lipid biosynthetic process,M1,1,0
1,-2.9,GO:0007548,sex differentiation,M1,1,0
1,-2.4,GO:0071773,cellular response to BMP stimulus,M1,1,0
1,-4.4,WP3527,Pre implantation embryo,M1,1,0
1,-3,WP5293,Acute myeloid leukemia,M1,1,0
1,-2.8,GO:2001233,regulation of apoptotic signaling pathway,M1,1,0
1,-2.8,GO:0035107,appendage morphogenesis,M1,1,0
1,-3.5,GO:0055082,intracellular chemical homeostasis,M1,1,0
1,-2.3,GO:0046545,development of primary female sexual characteristics,M1,1,0
1,-2.3,GO:0090505,epiboly involved in wound healing,M1,1,0
1,-2.6,GO:0098727,maintenance of cell number,M1,1,0
1,-2,R-HSA-111885,Opioid Signalling,M1,1,0
1,-17,GO:0003018,vascular process in circulatory system,M1,1,0
1,-3,WP2877,Vitamin D receptor pathway,M1,1,0
1,-3.8,GO:0071260,cellular response to mechanical stimulus,M1,1,0
1,-2.8,hsa02010,ABC transporters,M1,1,0
1,-5.2,GO:0051056,regulation of small GTPase mediated signal transduction,M1,1,0
1,-3.8,R-HSA-9716542,"Signaling by Rho GTPases, Miro GTPases and RHOBTB3",M1,1,0
1,-3,WP399,Wnt signaling and pluripotency,M1,1,0
1,-2.9,GO:0032231,regulation of actin filament bundle assembly,M1,1,0
1,-4.7,R-HSA-8875878,MET promotes cell motility,M1,1,0
1,-2.9,WP5055,Burn wound healing,M1,1,0
1,-2.3,GO:0010575,positive regulation of vascular endothelial growth factor production,M1,1,0
1,-4.9,GO:1901343,negative regulation of vasculature development,M1,1,0
1,-4.9,GO:0002064,epithelial cell development,M1,1,0
1,-3.3,GO:0015812,gamma-aminobutyric acid transport,M1,1,0
1,-2.7,GO:0018193,peptidyl-amino acid modification,M1,1,0
1,-11,GO:2000147,positive regulation of cell motility,M1,1,0
1,-2.6,GO:0061564,axon development,M1,1,0
1,-2.2,GO:0008593,regulation of Notch signaling pathway,M1,1,0
1,-5.1,GO:0006869,lipid transport,M1,1,0
1,-3,GO:0097485,neuron projection guidance,M1,1,0
1,-3.3,GO:0008016,regulation of heart contraction,M1,1,0
1,-3.2,GO:0045927,positive regulation of growth,M1,1,0
1,-2.7,WP2005,miR targeted genes in muscle cell,M1,1,0
1,-4,GO:0021932,hindbrain radial glia guided cell migration,M1,1,0
1,-4.6,GO:0014032,neural crest cell development,M1,1,0
1,-5.4,GO:0010718,positive regulation of epithelial to mesenchymal transition,M1,1,0
1,-4.1,GO:0042692,muscle cell differentiation,M1,1,0
1,-3.9,WP5300,TROP2 regulatory signaling,M1,1,0
1,-3.8,M185,PID ALK1 PATHWAY,M1,1,0
1,-2.4,GO:0048858,cell projection morphogenesis,M1,1,0
1,-2.2,GO:0034767,positive regulation of monoatomic ion transmembrane transport,M1,1,0
1,-3.2,GO:0003229,ventricular cardiac muscle tissue development,M1,1,0
1,-5,GO:0045601,regulation of endothelial cell differentiation,M1,1,0
1,-3.2,GO:0044092,negative regulation of molecular function,M1,1,0
1,-3.2,GO:0015695,organic cation transport,M1,1,0
1,-2,GO:0031400,negative regulation of protein modification process,M1,1,0
1,-4,GO:0042058,regulation of epidermal growth factor receptor signaling pathway,M1,1,0
1,-2.6,GO:0060038,cardiac muscle cell proliferation,M1,1,0
1,-2.7,GO:0022408,negative regulation of cell-cell adhesion,M1,1,0
1,-5.6,GO:0051180,vitamin transport,M1,1,0
1,-3.4,GO:0061097,regulation of protein tyrosine kinase activity,M1,1,0
1,-3.8,GO:0032526,response to retinoic acid,M1,1,0
1,-2.3,GO:0061384,heart trabecula morphogenesis,M1,1,0
1,-3.1,WP3935,Leptin insulin signaling overlap,M1,1,0
1,-10,GO:0045766,positive regulation of angiogenesis,M1,1,0
1,-8.4,hsa04151,PI3K-Akt signaling pathway,M1,1,0
1,-5.1,GO:0043549,regulation of kinase activity,M1,1,0
1,-4.8,GO:0044344,cellular response to fibroblast growth factor stimulus,M1,1,0
1,-4.2,GO:0002040,sprouting angiogenesis,M1,1,0
1,-2,GO:0001953,negative regulation of cell-matrix adhesion,M1,1,0
1,-3.4,R-HSA-9856649,Transcriptional and post-translational regulation of MITF-M expression and activity,M1,1,0
1,-3.9,hsa04270,Vascular smooth muscle contraction,M1,1,0
1,-6.1,hsa05222,Small cell lung cancer,M1,1,0
1,-2.5,GO:0010595,positive regulation of endothelial cell migration,M1,1,0
1,-2.2,GO:0001975,response to amphetamine,M1,1,0
1,-3.3,GO:0034764,positive regulation of transmembrane transport,M1,1,0
1,-7.3,GO:0061138,morphogenesis of a branching epithelium,M1,1,0
1,-3,GO:0035886,vascular associated smooth muscle cell differentiation,M1,1,0
1,-13,GO:0003007,heart morphogenesis,M1,1,0
1,-9.8,GO:0003158,endothelium development,M1,1,0
1,-2.5,GO:0032469,endoplasmic reticulum calcium ion homeostasis,M1,1,0
1,-4.2,GO:0001947,heart looping,M1,1,0
1,-2.2,GO:0008064,regulation of actin polymerization or depolymerization,M1,1,0
1,-7.1,GO:0043434,response to peptide hormone,M1,1,0
1,-3,GO:0090130,tissue migration,M1,1,0
1,-2.6,WP3929,Chemokine signaling,M1,1,0
1,-4.4,GO:0010638,positive regulation of organelle organization,M1,1,0
1,-3.1,R-HSA-416482,G alpha (12/13) signalling events,M1,1,0
1,-2.3,M8,PID ENDOTHELIN PATHWAY,M1,1,0
1,-3.3,WP2849,Hematopoietic stem cell differentiation,M1,1,0
1,-4.7,GO:0050801,monoatomic ion homeostasis,M1,1,0
1,-4.6,GO:0010876,lipid localization,M1,1,0
1,-2.4,WP5102,Familial partial lipodystrophy,M1,1,0
1,-2.2,GO:0070059,intrinsic apoptotic signaling pathway in response to endoplasmic reticulum stress,M1,1,0
1,-2.3,GO:0060037,pharyngeal system development,M1,1,0
1,-2.1,GO:0003015,heart process,M1,1,0
1,-2.8,GO:0035108,limb morphogenesis,M1,1,0
1,-2.1,hsa04920,Adipocytokine signaling pathway,M1,1,0
1,-5.3,GO:1905222,atrioventricular canal morphogenesis,M1,1,0
1,-2.8,GO:0034765,regulation of monoatomic ion transmembrane transport,M1,1,0
1,-2.2,GO:0051057,positive regulation of small GTPase mediated signal transduction,M1,1,0
1,-4.2,GO:0072659,protein localization to plasma membrane,M1,1,0
1,-2.8,GO:0035272,exocrine system development,M1,1,0
1,-4.3,GO:0072001,renal system development,M1,1,0
1,-4.3,GO:0003002,regionalization,M1,1,0
1,-2.5,GO:0022898,regulation of transmembrane transporter activity,M1,1,0
1,-3.8,WP2118,Arrhythmogenic right ventricular cardiomyopathy,M1,1,0
1,-2.8,GO:0071356,cellular response to tumor necrosis factor,M1,1,0
1,-6.7,GO:0010810,regulation of cell-substrate adhesion,M1,1,0
1,-3.1,GO:0030048,actin filament-based movement,M1,1,0
1,-4,GO:0046886,positive regulation of hormone biosynthetic process,M1,1,0
1,-3.8,GO:0001822,kidney development,M1,1,0
1,-2.5,GO:0042059,negative regulation of epidermal growth factor receptor signaling pathway,M1,1,0
1,-13,WP5434,Cancer pathways,M1,1,0
1,-5.9,GO:0034330,cell junction organization,M1,1,0
1,-2.4,GO:0043583,ear development,M1,1,0
1,-2.1,GO:0030902,hindbrain development,M1,1,0
1,-6.4,GO:0040008,regulation of growth,M1,1,0
1,-4.3,GO:0001837,epithelial to mesenchymal transition,M1,1,0
1,-3.1,hsa05215,Prostate cancer,M1,1,0
1,-4.9,GO:0060911,cardiac cell fate commitment,M1,1,0
1,-18,GO:0001525,angiogenesis,M1,1,0
1,-6,GO:0040013,negative regulation of locomotion,M1,1,0
1,-3.4,GO:0050792,regulation of viral process,M1,1,0
1,-2.2,GO:0070570,regulation of neuron projection regeneration,M1,1,0
1,-2.6,GO:0032412,regulation of monoatomic ion transmembrane transporter activity,M1,1,0
1,-3.7,hsa05163,Human cytomegalovirus infection,M1,1,0
1,-7.3,GO:0001932,regulation of protein phosphorylation,M1,1,0
1,-2,hsa04724,Glutamatergic synapse,M1,1,0
1,-3,GO:0060561,apoptotic process involved in morphogenesis,M1,1,0
1,-2.1,hsa04218,Cellular senescence,M1,1,0
1,-3.9,R-HSA-194315,Signaling by Rho GTPases,M1,1,0
1,-3.1,WP4540,Hippo signaling regulation,M1,1,0
1,-2.1,WP437,EGF EGFR signaling,M1,1,0
1,-3.5,GO:0006936,muscle contraction,M1,1,0
1,-2.5,GO:0097435,supramolecular fiber organization,M1,1,0
1,-6.9,GO:0001704,formation of primary germ layer,M1,1,0
1,-2.4,GO:0031952,regulation of protein autophosphorylation,M1,1,0
1,-2.3,GO:0045862,positive regulation of proteolysis,M1,1,0
1,-2.9,WP3640,Imatinib and chronic myeloid leukemia,M1,1,0
1,-5.6,R-HSA-9860931,Response of endothelial cells to shear stress,M1,1,0
1,-5.3,R-HSA-9855142,Cellular responses to mechanical stimuli,M1,1,0
1,-2.2,GO:0031100,animal organ regeneration,M1,1,0
1,-3.5,GO:0042475,odontogenesis of dentin-containing tooth,M1,1,0
1,-3.6,GO:0001942,hair follicle development,M1,1,0
1,-2.4,GO:0006939,smooth muscle contraction,M1,1,0
1,-2.3,GO:0060173,limb development,M1,1,0
1,-4.2,GO:0030198,extracellular matrix organization,M1,1,0
1,-2.3,GO:0006954,inflammatory response,M1,1,0
1,-2.3,GO:1901185,negative regulation of ERBB signaling pathway,M1,1,0
1,-2.8,WP4659,Gastrin signaling,M1,1,0
1,-4.1,GO:0038084,vascular endothelial growth factor signaling pathway,M1,1,0
1,-2.8,hsa04390,Hippo signaling pathway,M1,1,0
1,-2.1,GO:0045773,positive regulation of axon extension,M1,1,0
1,-3.1,hsa05221,Acute myeloid leukemia,M1,1,0
1,-2.6,GO:0097242,amyloid-beta clearance,M1,1,0
1,-3.4,GO:0001892,embryonic placenta development,M1,1,0
1,-11,WP3888,VEGFA VEGFR2 signaling,M1,1,0
1,-3,R-HSA-9758941,Gastrulation,M1,1,0
1,-2,GO:0048592,eye morphogenesis,M1,1,0
1,-2.5,hsa04926,Relaxin signaling pathway,M1,1,0
1,-5.3,GO:0021943,formation of radial glial scaffolds,M1,1,0
1,-3.1,hsa04927,Cortisol synthesis and secretion,M1,1,0
1,-2.2,GO:0034405,response to fluid shear stress,M1,1,0
1,-2.5,GO:1902117,positive regulation of organelle assembly,M1,1,0
1,-2.9,hsa04350,TGF-beta signaling pathway,M1,1,0
1,-3.3,R-HSA-8953897,Cellular responses to stimuli,M1,1,0
1,-2.8,GO:1902307,positive regulation of sodium ion transmembrane transport,M1,1,0
1,-3.5,GO:0051493,regulation of cytoskeleton organization,M1,1,0
1,-2.9,GO:0009755,hormone-mediated signaling pathway,M1,1,0
1,-5.5,GO:0072012,glomerulus vasculature development,M1,1,0
1,-5.4,GO:0051216,cartilage development,M1,1,0
1,-4.1,GO:0090596,sensory organ morphogenesis,M1,1,0
1,-3.5,GO:0010594,regulation of endothelial cell migration,M1,1,0
1,-2.1,GO:0043491,phosphatidylinositol 3-kinase/protein kinase B signal transduction,M1,1,0
1,-2,GO:0034620,cellular response to unfolded protein,M1,1,0
1,-7.2,GO:0003205,cardiac chamber development,M1,1,0
1,-3.5,GO:0043588,skin development,M1,1,0
1,-3.2,GO:0048525,negative regulation of viral process,M1,1,0
1,-2.3,GO:0061028,establishment of endothelial barrier,M1,1,0
1,-7,GO:0001763,morphogenesis of a branching structure,M1,1,0
1,-4.1,hsa04520,Adherens junction,M1,1,0
1,-3.2,GO:0007229,integrin-mediated signaling pathway,M1,1,0
1,-2.3,GO:1902932,positive regulation of alcohol biosynthetic process,M1,1,0
1,-2.7,GO:0006909,phagocytosis,M1,1,0
1,-4.3,GO:0001558,regulation of cell growth,M1,1,0
1,-2.6,R-HSA-4086398,Ca2+ pathway,M1,1,0
1,-2.7,GO:0043122,regulation of canonical NF-kappaB signal transduction,M1,1,0
1,-2.3,M240,PID SYNDECAN 2 PATHWAY,M1,1,0
1,-9.9,WP5087,Pleural mesothelioma,M1,1,0
1,-4.2,GO:0038065,collagen-activated signaling pathway,M1,1,0
1,-3.6,GO:0010952,positive regulation of peptidase activity,M1,1,0
1,-14,GO:0002009,morphogenesis of an epithelium,M1,1,0
1,-7.4,GO:0048738,cardiac muscle tissue development,M1,1,0
1,-2.5,GO:0030308,negative regulation of cell growth,M1,1,0
1,-2.5,GO:0060586,multicellular organismal-level iron ion homeostasis,M1,1,0
1,-6.6,GO:0003203,endocardial cushion morphogenesis,M1,1,0
1,-2.6,GO:0042476,odontogenesis,M1,1,0
1,-2.2,GO:0008643,carbohydrate transport,M1,1,0
1,-3.6,GO:0097084,vascular associated smooth muscle cell development,M1,1,0
1,-5.3,GO:0001936,regulation of endothelial cell proliferation,M1,1,0
1,-8.3,GO:0043065,positive regulation of apoptotic process,M1,1,0
1,-2.6,GO:0048639,positive regulation of developmental growth,M1,1,0
1,-2.5,WP4917,Proximal tubule transport,M1,1,0
1,-3,GO:0110020,regulation of actomyosin structure organization,M1,1,0
1,-2.8,GO:0055010,ventricular cardiac muscle tissue morphogenesis,M1,1,0
1,-2,hsa04918,Thyroid hormone synthesis,M1,1,0
1,-4.9,GO:0001707,mesoderm formation,M1,1,0
1,-6.6,GO:0071560,cellular response to transforming growth factor beta stimulus,M1,1,0
1,-3.2,GO:0045834,positive regulation of lipid metabolic process,M1,1,0
1,-3.8,GO:0009799,specification of symmetry,M1,1,0
1,-2.8,GO:0044409,symbiont entry into host,M1,1,0
1,-2,GO:0030307,positive regulation of cell growth,M1,1,0
1,-2.1,GO:0043270,positive regulation of monoatomic ion transport,M1,1,0
1,-3,GO:0071214,cellular response to abiotic stimulus,M1,1,0
1,-5.2,GO:2001046,positive regulation of integrin-mediated signaling pathway,M1,1,0
1,-4.5,hsa04550,Signaling pathways regulating pluripotency of stem cells,M1,1,0
1,-4.6,GO:0001569,branching involved in blood vessel morphogenesis,M1,1,0
1,-2.3,hsa04062,Chemokine signaling pathway,M1,1,0
1,-3.3,GO:0031667,response to nutrient levels,M1,1,0
1,-3.2,GO:0030900,forebrain development,M1,1,0
1,-2.1,GO:0021915,neural tube development,M1,1,0
1,-4.2,R-HSA-9856530,High laminar flow shear stress activates signaling by PIEZO1 and PECAM1:CDH5:KDR in endothelial cells,M1,1,0
1,-2.1,GO:2000242,negative regulation of reproductive process,M1,1,0
1,-4.1,GO:2001044,regulation of integrin-mediated signaling pathway,M1,1,0
1,-3.2,GO:0021766,hippocampus development,M1,1,0
1,-2.3,GO:0035904,aorta development,M1,1,0
1,-3.1,GO:0060428,lung epithelium development,M1,1,0
1,-5.5,WP5353,Macrophage stimulating protein MSP signaling,M1,1,0
1,-2.3,GO:0006829,zinc ion transport,M1,1,0
1,-4.8,GO:0044706,multi-multicellular organism process,M1,1,0
1,-2.1,GO:0090257,regulation of muscle system process,M1,1,0
1,-3.8,GO:0045639,positive regulation of myeloid cell differentiation,M1,1,0
1,-3.6,GO:2000651,positive regulation of sodium ion transmembrane transporter activity,M1,1,0
1,-3.7,GO:0045216,cell-cell junction organization,M1,1,0
1,-2.6,GO:0050767,regulation of neurogenesis,M1,1,0
1,-6,GO:0048844,artery morphogenesis,M1,1,0
1,-6.7,GO:0048863,stem cell differentiation,M1,1,0
1,-6.1,WP3303,RAC1 PAK1 p38 MMP2 pathway,M1,1,0
1,-5.7,GO:0060840,artery development,M1,1,0
1,-9.5,GO:0060485,mesenchyme development,M1,1,0
1,-2.7,GO:0042908,xenobiotic transport,M1,1,0
1,-5.1,GO:0060021,roof of mouth development,M1,1,0
1,-3.2,WP4808,Endochondral ossification with skeletal dysplasias,M1,1,0
1,-2.2,GO:0051701,biological process involved in interaction with host,M1,1,0
1,-2.3,GO:0061036,positive regulation of cartilage development,M1,1,0
1,-2.9,WP2572,Primary focal segmental glomerulosclerosis FSGS,M1,1,0
1,-2.4,WP4258,lncRNA in canonical Wnt signaling and colorectal cancer,M1,1,0
1,-3.6,GO:0048010,vascular endothelial growth factor receptor signaling pathway,M1,1,0
1,-4.1,M5887,NABA BASEMENT MEMBRANES,M1,1,0
1,-7.9,M5884,NABA CORE MATRISOME,M1,1,0
1,-3.4,GO:0048012,hepatocyte growth factor receptor signaling pathway,M1,1,0
1,-3.2,WP4331,Neovascularization processes,M1,1,0
1,-8.3,GO:0051145,smooth muscle cell differentiation,M1,1,0
1,-6,WP4658,Small cell lung cancer,M1,1,0
1,-3,hsa04820,Cytoskeleton in muscle cells,M1,1,0
1,-5.4,GO:0007565,female pregnancy,M1,1,0
1,-4.8,M92,PID ANGIOPOIETIN RECEPTOR PATHWAY,M1,1,0
1,-5.9,GO:0007178,cell surface receptor protein serine/threonine kinase signaling pathway,M1,1,0
1,-3.2,WP5417,Cell lineage map for neuronal differentiation,M1,1,0
1,-6.4,R-HSA-9006934,Signaling by Receptor Tyrosine Kinases,M1,1,0
1,-2.9,GO:0035725,sodium ion transmembrane transport,M1,1,0
1,-3.2,GO:0051058,negative regulation of small GTPase mediated signal transduction,M1,1,0
1,-9.7,GO:0150104,transport across blood-brain barrier,M1,1,0
1,-3.1,GO:1905039,carboxylic acid transmembrane transport,M1,1,0
1,-4.8,GO:0045859,regulation of protein kinase activity,M1,1,0
1,-3.7,GO:0051345,positive regulation of hydrolase activity,M1,1,0
1,-5.1,GO:0070482,response to oxygen levels,M1,1,0
1,-3.8,GO:1902903,regulation of supramolecular fiber organization,M1,1,0
1,-2.1,WP481,Insulin signaling,M1,1,0
1,-3,GO:0033673,negative regulation of kinase activity,M1,1,0
1,-2,GO:0043254,regulation of protein-containing complex assembly,M1,1,0
1,-2,GO:0048588,developmental cell growth,M1,1,0
1,-2.1,GO:1903557,positive regulation of tumor necrosis factor superfamily cytokine production,M1,1,0
1,-2.8,GO:0014821,phasic smooth muscle contraction,M1,1,0
1,-5.3,GO:0061437,renal system vasculature development,M1,1,0
1,-3.7,GO:0009612,response to mechanical stimulus,M1,1,0
1,-3.6,GO:0051896,regulation of phosphatidylinositol 3-kinase/protein kinase B signal transduction,M1,1,0
1,-3.1,GO:0055017,cardiac muscle tissue growth,M1,1,0
1,-2.7,GO:0072657,protein localization to membrane,M1,1,0
1,-3.4,WP2839,Hair follicle development organogenesis part 2 of 3,M1,1,0
1,-2.5,GO:0002761,regulation of myeloid leukocyte differentiation,M1,1,0
1,-5.7,GO:0030323,respiratory tube development,M1,1,0
1,-2.7,GO:0098655,monoatomic cation transmembrane transport,M1,1,0
1,-6,hsa05165,Human papillomavirus infection,M1,1,0
1,-4.8,GO:0055080,monoatomic cation homeostasis,M1,1,0
1,-3.3,GO:0030879,mammary gland development,M1,1,0
1,-4,GO:0061371,determination of heart left/right asymmetry,M1,1,0
1,-2.5,WP236,Adipogenesis,M1,1,0
1,-3.4,GO:0018108,peptidyl-tyrosine phosphorylation,M1,1,0
1,-4.1,GO:0007173,epidermal growth factor receptor signaling pathway,M1,1,0
1,-2.1,GO:0032760,positive regulation of tumor necrosis factor production,M1,1,0
1,-3.3,GO:0055008,cardiac muscle tissue morphogenesis,M1,1,0
1,-2.1,WP176,Folate metabolism,M1,1,0
1,-4.5,GO:0038127,ERBB signaling pathway,M1,1,0
1,-2.7,GO:0030500,regulation of bone mineralization,M1,1,0
1,-5.9,R-HSA-382551,Transport of small molecules,M1,1,0
1,-3.3,GO:0021761,limbic system development,M1,1,0
1,-2.7,GO:0032355,response to estradiol,M1,1,0
1,-2.2,hsa05226,Gastric cancer,M1,1,0
1,-2.1,WP2203,Thymic stromal lymphopoietin TSLP signaling,M1,1,0
1,-5.4,GO:0110011,regulation of basement membrane organization,M1,1,0
1,-3.7,GO:0110053,regulation of actin filament organization,M1,1,0
1,-3.3,GO:0035051,cardiocyte differentiation,M1,1,0
1,-2,GO:0032411,positive regulation of transporter activity,M1,1,0
1,-3,GO:0051099,positive regulation of binding,M1,1,0
1,-2.8,GO:0060443,mammary gland morphogenesis,M1,1,0
1,-3.3,GO:0045995,regulation of embryonic development,M1,1,0
1,-3,GO:0003208,cardiac ventricle morphogenesis,M1,1,0
1,-4.2,GO:0043062,extracellular structure organization,M1,1,0
1,-3.4,GO:0022404,molting cycle process,M1,1,0
1,-2.4,M169,PID INTEGRIN2 PATHWAY,M1,1,0
1,-3,GO:0090092,regulation of transmembrane receptor protein serine/threonine kinase signaling pathway,M1,1,0
1,-2.6,GO:1902305,regulation of sodium ion transmembrane transport,M1,1,0
1,-3.2,GO:0006898,receptor-mediated endocytosis,M1,1,0
1,-5,GO:0055074,calcium ion homeostasis,M1,1,0
1,-9.7,GO:0061061,muscle structure development,M1,1,0
1,-2,GO:0051494,negative regulation of cytoskeleton organization,M1,1,0
1,-2.5,GO:2000628,regulation of miRNA metabolic process,M1,1,0
1,-2.4,GO:0071772,response to BMP,M1,1,0
1,-3.8,GO:0050679,positive regulation of epithelial cell proliferation,M1,1,0
1,-2.1,GO:1903038,negative regulation of leukocyte cell-cell adhesion,M1,1,0
1,-2.3,GO:0050732,negative regulation of peptidyl-tyrosine phosphorylation,M1,1,0
1,-2.3,GO:0048736,appendage development,M1,1,0
1,-6.5,R-HSA-381426,Regulation of Insulin-like Growth Factor (IGF) transport and uptake by Insulin-like Growth Factor Binding Proteins (IGFBPs),M1,1,0
1,-3.6,GO:1901699,cellular response to nitrogen compound,M1,1,0
1,-3.1,GO:0042326,negative regulation of phosphorylation,M1,1,0
1,-2.6,GO:0046697,decidualization,M1,1,0
1,-2.4,GO:2001238,positive regulation of extrinsic apoptotic signaling pathway,M1,1,0
1,-2.2,GO:2000630,positive regulation of miRNA metabolic process,M1,1,0
1,-4.2,GO:0051338,regulation of transferase activity,M1,1,0
1,-2.9,GO:0032102,negative regulation of response to external stimulus,M1,1,0
1,-3.2,hsa04068,FoxO signaling pathway,M1,1,0
1,-2.1,hsa05143,African trypanosomiasis,M1,1,0
1,-5.1,WP4541,Hippo Merlin signaling dysregulation,M1,1,0
1,-7.3,GO:0046942,carboxylic acid transport,M1,1,0
1,-4.3,hsa04810,Regulation of actin cytoskeleton,M1,1,0
1,-2.4,GO:0010893,positive regulation of steroid biosynthetic process,M1,1,0
1,-8.1,WP4172,PI3K Akt signaling,M1,1,0
1,-2.4,GO:0034612,response to tumor necrosis factor,M1,1,0
1,-2.5,GO:0006979,response to oxidative stress,M1,1,0
1,-3.6,GO:0050878,regulation of body fluid levels,M1,1,0
1,-2.2,GO:0043405,regulation of MAP kinase activity,M1,1,0
1,-2.7,WP5373,Osteoarthritic chondrocyte hypertrophy,M1,1,0
1,-9.4,GO:0072132,mesenchyme morphogenesis,M1,1,0
1,-2.7,GO:0002028,regulation of sodium ion transport,M1,1,0
1,-4.6,hsa04371,Apelin signaling pathway,M1,1,0
1,-3.1,GO:0021535,cell migration in hindbrain,M1,1,0
1,-3.1,GO:0007409,axonogenesis,M1,1,0
1,-4.1,GO:0060348,bone development,M1,1,0
1,-2.8,GO:0031669,cellular response to nutrient levels,M1,1,0
1,-8.4,GO:0032870,cellular response to hormone stimulus,M1,1,0
1,-3,GO:0070167,regulation of biomineral tissue development,M1,1,0
1,-6.8,GO:0048568,embryonic organ development,M1,1,0
1,-2.1,WP2037,Prolactin signaling,M1,1,0
1,-8.5,GO:0001701,in utero embryonic development,M1,1,0
1,-2.3,GO:0048872,homeostasis of number of cells,M1,1,0
1,-2.8,R-HSA-452723,Transcriptional regulation of pluripotent stem cells,M1,1,0
1,-3.9,GO:0046885,regulation of hormone biosynthetic process,M1,1,0
1,-3.1,GO:0042693,muscle cell fate commitment,M1,1,0
1,-2.2,hsa05167,Kaposi sarcoma-associated herpesvirus infection,M1,1,0
1,-11,hsa04510,Focal adhesion,M1,1,0
1,-2,GO:1903524,positive regulation of blood circulation,M1,1,0
1,-5.1,GO:0097746,blood vessel diameter maintenance,M1,1,0
1,-2.1,GO:0048662,negative regulation of smooth muscle cell proliferation,M1,1,0
1,-2.9,GO:0033002,muscle cell proliferation,M1,1,0
1,-25,GO:0001944,vasculature development,M1,1,0
1,-2.5,GO:0048145,regulation of fibroblast proliferation,M1,1,0
1,-3.4,GO:2000649,regulation of sodium ion transmembrane transporter activity,M1,1,0
1,-3.2,GO:0043010,camera-type eye development,M1,1,0
1,-3.5,GO:0048008,platelet-derived growth factor receptor signaling pathway,M1,1,0
1,-6.7,GO:0014706,striated muscle tissue development,M1,1,0
1,-7.3,GO:0061448,connective tissue development,M1,1,0
1,-3.9,GO:0008543,fibroblast growth factor receptor signaling pathway,M1,1,0
1,-3.8,GO:0001654,eye development,M1,1,0
1,-3.6,hsa04913,Ovarian steroidogenesis,M1,1,0
1,-3.4,GO:0035791,platelet-derived growth factor receptor-beta signaling pathway,M1,1,0
1,-3,WP185,Integrin mediated cell adhesion,M1,1,0
1,-2.1,GO:0032271,regulation of protein polymerization,M1,1,0
1,-2.8,GO:0050730,regulation of peptidyl-tyrosine phosphorylation,M1,1,0
1,-3,GO:0048339,paraxial mesoderm development,M1,1,0
1,-2.7,GO:1903036,positive regulation of response to wounding,M1,1,0
1,-3.5,GO:0071383,cellular response to steroid hormone stimulus,M1,1,0
1,-3.5,GO:0048013,ephrin receptor signaling pathway,M1,1,0
1,-4,M91,PID TCPTP PATHWAY,M1,1,0
1,-5,GO:0035150,regulation of tube size,M1,1,0
1,-3.3,R-HSA-9013026,RHOB GTPase cycle,M1,1,0
1,-2.7,WP395,IL4 signaling,M1,1,0
1,-5.1,GO:0030522,intracellular receptor signaling pathway,M1,1,0
1,-4.4,GO:0032868,response to insulin,M1,1,0
1,-3.5,WP453,Inflammatory response pathway,M1,1,0
1,-3.3,GO:0141193,nuclear receptor-mediated signaling pathway,M1,1,0
1,-2.5,GO:0051129,negative regulation of cellular component organization,M1,1,0
1,-2.9,GO:0052548,regulation of endopeptidase activity,M1,1,0
1,-2,GO:0007189,adenylate cyclase-activating G protein-coupled receptor signaling pathway,M1,1,0
1,-3.4,GO:0022405,hair cycle process,M1,1,0
1,-2.2,GO:0071384,cellular response to corticosteroid stimulus,M1,1,0
1,-4.8,GO:0006874,intracellular calcium ion homeostasis,M1,1,0
1,-2.3,GO:0044319,"wound healing, spreading of cells",M1,1,0
1,-4.4,GO:0090497,mesenchymal cell migration,M1,1,0
1,-3,GO:0060391,positive regulation of SMAD protein signal transduction,M1,1,0
1,-7.8,GO:0001945,lymph vessel development,M1,1,0
1,-5.6,GO:0036293,response to decreased oxygen levels,M1,1,0
1,-2.7,hsa05131,Shigellosis,M1,1,0
1,-4.4,GO:0001890,placenta development,M1,1,0
1,-2.8,R-HSA-416476,G alpha (q) signalling events,M1,1,0
1,-3.1,GO:0042303,molting cycle,M1,1,0
1,-3.3,hsa04976,Bile secretion,M1,1,0
1,-2.1,GO:0045823,positive regulation of heart contraction,M1,1,0
1,-2.9,WP4823,Genes controlling nephrogenesis,M1,1,0
1,-2.6,GO:2000736,regulation of stem cell differentiation,M1,1,0
1,-4,M53,PID INTEGRIN3 PATHWAY,M1,1,0
1,-3.6,GO:0021537,telencephalon development,M1,1,0
1,-6.8,GO:0015718,monocarboxylic acid transport,M1,1,0
1,-4.1,GO:0001974,blood vessel remodeling,M1,1,0
1,-3.1,GO:0035850,epithelial cell differentiation involved in kidney development,M1,1,0
1,-2.8,GO:0051052,regulation of DNA metabolic process,M1,1,0
1,-2,GO:0045661,regulation of myoblast differentiation,M1,1,0
1,-2.5,GO:0048812,neuron projection morphogenesis,M1,1,0
1,-2.4,GO:0061180,mammary gland epithelium development,M1,1,0
1,-4.6,GO:0043085,positive regulation of catalytic activity,M1,1,0
1,-4.2,hsa05202,Transcriptional misregulation in cancer,M1,1,0
1,-2.4,hsa04915,Estrogen signaling pathway,M1,1,0
1,-4.8,GO:0043114,regulation of vascular permeability,M1,1,0
1,-3.8,GO:0071900,regulation of protein serine/threonine kinase activity,M1,1,0
1,-2.4,R-HSA-204998,"Cell death signalling via NRAGE, NRIF and NADE",M1,1,0
1,-4.5,GO:1903825,organic acid transmembrane transport,M1,1,0
1,-4.3,WP4336,ncRNAs in Wnt signaling in hepatocellular carcinoma,M1,1,0
1,-6.5,GO:0030336,negative regulation of cell migration,M1,1,0
1,-3.1,GO:0061572,actin filament bundle organization,M1,1,0
1,-3.4,GO:0042330,taxis,M1,1,0
1,-3.4,GO:2001056,positive regulation of cysteine-type endopeptidase activity,M1,1,0
1,-8.4,GO:0098657,import into cell,M1,1,0
1,-2.3,hsa05418,Fluid shear stress and atherosclerosis,M1,1,0
1,-2.3,GO:0015914,phospholipid transport,M1,1,0
1,-2.1,GO:0031016,pancreas development,M1,1,0
1,-4.8,GO:0060411,cardiac septum morphogenesis,M1,1,0
1,-9.7,GO:0010232,vascular transport,M1,1,0
1,-6.2,M255,PID HIF1 TFPATHWAY,M1,1,0
1,-4.6,GO:0001938,positive regulation of endothelial cell proliferation,M1,1,0
1,-5.9,GO:0007423,sensory organ development,M1,1,0
1,-2.1,GO:0098742,cell-cell adhesion via plasma-membrane adhesion molecules,M1,1,0
1,-3.4,R-HSA-500792,GPCR ligand binding,M1,1,0
1,-3.7,GO:0035790,platelet-derived growth factor receptor-alpha signaling pathway,M1,1,0
1,-10,GO:0040017,positive regulation of locomotion,M1,1,0
1,-6.7,GO:0007179,transforming growth factor beta receptor signaling pathway,M1,1,0
1,-9.8,GO:0070848,response to growth factor,M1,1,0
1,-6.4,GO:0048754,branching morphogenesis of an epithelial tube,M1,1,0
1,-3.2,GO:0150118,negative regulation of cell-substrate junction organization,M1,1,0
1,-5,GO:0044703,multi-organism reproductive process,M1,1,0
1,-2.2,GO:0001893,maternal placenta development,M1,1,0
1,-2.4,hsa04925,Aldosterone synthesis and secretion,M1,1,0
1,-2.2,GO:0010765,positive regulation of sodium ion transport,M1,1,0
1,-2.3,GO:0090504,epiboly,M1,1,0
1,-2.7,GO:0048608,reproductive structure development,M1,1,0
1,-3.1,GO:1990266,neutrophil migration,M1,1,0
1,-2.4,GO:0050866,negative regulation of cell activation,M1,1,0
1,-2.3,GO:0045137,development of primary sexual characteristics,M1,1,0
1,-2.2,GO:0032409,regulation of transporter activity,M1,1,0
1,-3.4,GO:0051497,negative regulation of stress fiber assembly,M1,1,0
1,-5.7,GO:0007498,mesoderm development,M1,1,0
1,-8,WP5475,Hallmark of cancer sustaining proliferative signaling,M1,1,0
1,-4.9,WP4239,Epithelial to mesenchymal transition in colorectal cancer,M1,1,0
1,-4.9,CORUM:2319,ITGA6-ITGB4-Laminin10/12 complex,M1,1,0
1,-2.6,GO:0016925,protein sumoylation,M1,1,0
1,-2.8,GO:0062013,positive regulation of small molecule metabolic process,M1,1,0
1,-3.5,GO:0042327,positive regulation of phosphorylation,M1,1,0
1,-2.9,GO:0043116,negative regulation of vascular permeability,M1,1,0
1,-3.1,GO:0032350,regulation of hormone metabolic process,M1,1,0
1,-2.5,GO:1903829,positive regulation of protein localization,M1,1,0
1,-6.2,GO:0050678,regulation of epithelial cell proliferation,M1,1,0
1,-2.6,GO:2001236,regulation of extrinsic apoptotic signaling pathway,M1,1,0
1,-3.4,GO:0001503,ossification,M1,1,0
1,-2.5,GO:0055001,muscle cell development,M1,1,0
1,-2.2,hsa05414,Dilated cardiomyopathy,M1,1,0
1,-3.8,GO:0003281,ventricular septum development,M1,1,0
1,-9,GO:0043009,chordate embryonic development,M1,1,0
1,-3.9,R-HSA-216083,Integrin cell surface interactions,M1,1,0
1,-3,GO:0032328,alanine transport,M1,1,0
1,-11,GO:0030335,positive regulation of cell migration,M1,1,0
1,-10,WP306,Focal adhesion,M1,1,0
1,-6.2,GO:0009611,response to wounding,M1,1,0
1,-6.3,GO:0007369,gastrulation,M1,1,0
1,-4.8,R-HSA-9913351,Formation of the dystrophin-glycoprotein complex (DGC),M1,1,0
1,-3.2,GO:0002763,positive regulation of myeloid leukocyte differentiation,M1,1,0
1,-2.8,R-HSA-425366,"Transport of bile salts and organic acids, metal ions and amine compounds",M1,1,0
1,-2.2,WP3529,Zinc homeostasis,M1,1,0
1,-3.2,R-HSA-9634597,GPER1 signaling,M1,1,0
1,-2.6,hsa04530,Tight junction,M1,1,0
1,-2.8,GO:0031401,positive regulation of protein modification process,M1,1,0
1,-2.4,hsa05010,Alzheimer disease,M1,1,0
1,-23,GO:0001568,blood vessel development,M1,1,0
1,-2.3,GO:1904064,positive regulation of cation transmembrane transport,M1,1,0
1,-2.6,GO:0002026,regulation of the force of heart contraction,M1,1,0
1,-8.3,M3008,NABA ECM GLYCOPROTEINS,M1,1,0
1,-2.9,GO:0060322,head development,M1,1,0
1,-2.6,GO:0051152,positive regulation of smooth muscle cell differentiation,M1,1,0
1,-4.5,hsa04066,HIF-1 signaling pathway,M1,1,0
1,-3.8,GO:0010950,positive regulation of endopeptidase activity,M1,1,0
1,-13,hsa05200,Pathways in cancer,M1,1,0
1,-5.8,GO:0003231,cardiac ventricle development,M1,1,0
1,-4.6,WP4149,White fat cell differentiation,M1,1,0
1,-8.1,GO:0008283,cell population proliferation,M1,1,0
1,-4.3,R-HSA-6806834,Signaling by MET,M1,1,0
1,-3.3,GO:0001952,regulation of cell-matrix adhesion,M1,1,0
1,-2.3,GO:0098868,bone growth,M1,1,0
1,-2.5,WP4217,Ebola virus infection in host,M1,1,0
1,-5.8,GO:0030324,lung development,M1,1,0
1,-3.1,GO:0010812,negative regulation of cell-substrate adhesion,M1,1,0
1,-2.1,GO:0030858,positive regulation of epithelial cell differentiation,M1,1,0
1,-2.1,GO:0030832,regulation of actin filament length,M1,1,0
1,-2.4,GO:0008360,regulation of cell shape,M1,1,0
1,-2.8,hsa04971,Gastric acid secretion,M1,1,0
1,-2.4,GO:0046328,regulation of JNK cascade,M1,1,0
1,-4.3,GO:0043408,regulation of MAPK cascade,M1,1,0
1,-4.1,GO:0043269,regulation of monoatomic ion transport,M1,1,0
1,-3.4,GO:0140352,export from cell,M1,1,0
1,-2.6,hsa04022,cGMP-PKG signaling pathway,M1,1,0
1,-2.5,WP3613,Photodynamic therapy induced unfolded protein response,M1,1,0
1,-2.7,GO:0061005,cell differentiation involved in kidney development,M1,1,0
1,-3.3,hsa04010,MAPK signaling pathway,M1,1,0
1,-6.2,GO:0141091,transforming growth factor beta receptor superfamily signaling pathway,M1,1,0
1,-5,M239,PID A6B1 A6B4 INTEGRIN PATHWAY,M1,1,0
1,-2.3,hsa05217,Basal cell carcinoma,M1,1,0
1,-2.8,GO:0098662,inorganic cation transmembrane transport,M1,1,0
1,-3.3,GO:0018212,peptidyl-tyrosine modification,M1,1,0
1,-11,GO:0060249,anatomical structure homeostasis,M1,1,0
1,-6.3,R-HSA-1474244,Extracellular matrix organization,M1,1,0
1,-3.1,GO:0003333,amino acid transmembrane transport,M1,1,0
1,-2.2,GO:0090303,positive regulation of wound healing,M1,1,0
1,-3.5,GO:0019725,cellular homeostasis,M1,1,0
1,-2.3,GO:0060603,mammary gland duct morphogenesis,M1,1,0
1,-5.8,M44,PID HIF2PATHWAY,M1,1,0
1,-2.9,GO:0060412,ventricular septum morphogenesis,M1,1,0
1,-12,GO:0045765,regulation of angiogenesis,M1,1,0
1,-2.2,hsa04924,Renin secretion,M1,1,0
1,-2.3,GO:1901186,positive regulation of ERBB signaling pathway,M1,1,0
1,-4.1,GO:0010811,positive regulation of cell-substrate adhesion,M1,1,0
1,-3.9,GO:0035024,negative regulation of Rho protein signal transduction,M1,1,0
1,-8.4,GO:0042325,regulation of phosphorylation,M1,1,0
1,-3.2,GO:0051017,actin filament bundle assembly,M1,1,0
1,-3.3,GO:0032352,positive regulation of hormone metabolic process,M1,1,0
1,-2.2,GO:0051924,regulation of calcium ion transport,M1,1,0
1,-4.9,GO:0006897,endocytosis,M1,1,0
1,-2.8,M5885,NABA MATRISOME ASSOCIATED,M1,1,0
1,-2.2,GO:0002027,regulation of heart rate,M1,1,0
1,-3.2,GO:0043410,positive regulation of MAPK cascade,M1,1,0
1,-4.8,GO:0050900,leukocyte migration,M1,1,0
1,-4.5,GO:0048562,embryonic organ morphogenesis,M1,1,0
1,-2.5,GO:0048333,mesodermal cell differentiation,M1,1,0
1,-4.3,GO:0036303,lymph vessel morphogenesis,M1,1,0
1,-2.5,GO:0014812,muscle cell migration,M1,1,0
1,-6.8,GO:0015711,organic anion transport,M1,1,0
1,-2.5,GO:0045662,negative regulation of myoblast differentiation,M1,1,0
1,-4.3,GO:0098773,skin epidermis development,M1,1,0
1,-3.8,GO:1903034,regulation of response to wounding,M1,1,0
1,-4.2,GO:1990778,protein localization to cell periphery,M1,1,0
1,-11,GO:0048871,multicellular organismal-level homeostasis,M1,1,0
1,-4.7,GO:0071407,cellular response to organic cyclic compound,M1,1,0
1,-3,GO:0060419,heart growth,M1,1,0
1,-2.7,hsa04020,Calcium signaling pathway,M1,1,0
1,-2.4,hsa04970,Salivary secretion,M1,1,0
1,-2,GO:0051954,positive regulation of amine transport,M1,1,0
1,-3,GO:0022612,gland morphogenesis,M1,1,0
1,-2.9,GO:0021543,pallium development,M1,1,0
1,-2.1,GO:0050728,negative regulation of inflammatory response,M1,1,0
1,-5.9,GO:0048332,mesoderm morphogenesis,M1,1,0
1,-3.6,GO:0036215,response to stem cell factor,M1,1,0
1,-2.1,GO:0043124,negative regulation of canonical NF-kappaB signal transduction,M1,1,0
1,-2.7,GO:0042157,lipoprotein metabolic process,M1,1,0
1,-2.1,GO:0071674,mononuclear cell migration,M1,1,0
1,-2.8,GO:0042789,mRNA transcription by RNA polymerase II,M1,1,0
1,-5.4,R-HSA-8874081,MET activates PTK2 signaling,M1,1,0
1,-4.4,GO:0045785,positive regulation of cell adhesion,M1,1,0
1,-4.1,GO:0003228,atrial cardiac muscle tissue development,M1,1,0
1,-9.5,GO:0035633,maintenance of blood-brain barrier,M1,1,0
1,-3.4,GO:0120192,tight junction assembly,M1,1,0
1,-4.6,GO:0019221,cytokine-mediated signaling pathway,M1,1,0
1,-2.5,WP1533,Vitamin B12 metabolism,M1,1,0
1,-4.6,WP244,Alpha 6 beta 4 signaling,M1,1,0
1,-3.1,GO:0006469,negative regulation of protein kinase activity,M1,1,0
1,-4,GO:0030003,intracellular monoatomic cation homeostasis,M1,1,0
1,-5.5,GO:0098609,cell-cell adhesion,M1,1,0
1,-3.6,GO:0044057,regulation of system process,M1,1,0
1,-2.6,GO:0060326,cell chemotaxis,M1,1,0
1,-2,WP2526,PDGF pathway,M1,1,0
1,-2.2,GO:0007599,hemostasis,M1,1,0
1,-2.4,GO:0007015,actin filament organization,M1,1,0
1,-2.1,hsa05211,Renal cell carcinoma,M1,1,0
1,-3.3,GO:0002683,negative regulation of immune system process,M1,1,0
1,-3,GO:0007411,axon guidance,M1,1,0
1,-6.7,GO:0030855,epithelial cell differentiation,M1,1,0
1,-2.8,GO:0044089,positive regulation of cellular component biogenesis,M1,1,0
1,-2.1,GO:0003382,epithelial cell morphogenesis,M1,1,0
1,-3.7,GO:0060669,embryonic placenta morphogenesis,M1,1,0
1,-2.6,GO:0051348,negative regulation of transferase activity,M1,1,0
1,-4.1,GO:0050729,positive regulation of inflammatory response,M1,1,0
1,-3.1,GO:0050673,epithelial cell proliferation,M1,1,0
1,-6.7,GO:1902532,negative regulation of intracellular signal transduction,M1,1,0
1,-2.5,GO:0002011,morphogenesis of an epithelial sheet,M1,1,0
1,-6.5,GO:0035050,embryonic heart tube development,M1,1,0
1,-4.9,GO:0072011,glomerular endothelium development,M1,1,0
1,-2.7,GO:0070830,bicellular tight junction assembly,M1,1,0
1,-3.8,WP3658,Wnt beta catenin signaling in leukemia,M1,1,0
1,-4.9,GO:0003143,embryonic heart tube morphogenesis,M1,1,0
1,-2.7,GO:0048644,muscle organ morphogenesis,M1,1,0
1,-2.5,GO:0090287,regulation of cellular response to growth factor stimulus,M1,1,0
1,-2,hsa05417,Lipid and atherosclerosis,M1,1,0
1,-3.2,GO:0051492,regulation of stress fiber assembly,M1,1,0
1,-2.3,GO:0072073,kidney epithelium development,M1,1,0
1,-3,WP2880,Glucocorticoid receptor pathway,M1,1,0
1,-2.8,GO:0048675,axon extension,M1,1,0
1,-3.7,GO:0010563,negative regulation of phosphorus metabolic process,M1,1,0
1,-5.8,R-HSA-425407,SLC-mediated transmembrane transport,M1,1,0
1,-2.5,GO:0048286,lung alveolus development,M1,1,0
1,-4.5,GO:0050727,regulation of inflammatory response,M1,1,0
1,-4.9,GO:0003209,cardiac atrium morphogenesis,M1,1,0
1,-4,R-HSA-9619665,EGR2 and SOX10-mediated initiation of Schwann cell myelination,M1,1,0
1,-2.4,GO:0030518,nuclear receptor-mediated steroid hormone signaling pathway,M1,1,0
1,-3.7,GO:0031623,receptor internalization,M1,1,0
1,-3.8,GO:0150063,visual system development,M1,1,0
1,-2.4,GO:0120039,plasma membrane bounded cell projection morphogenesis,M1,1,0
1,-3.6,GO:0001885,endothelial cell development,M1,1,0
1,-2.1,WP2034,Leptin signaling,M1,1,0
1,-2.4,GO:0008544,epidermis development,M1,1,0
1,-3.3,R-HSA-373080,Class B/2 (Secretin family receptors),M1,1,0
1,-5.1,GO:0062012,regulation of small molecule metabolic process,M1,1,0
1,-9.9,GO:0009792,embryo development ending in birth or egg hatching,M1,1,0
1,-4.5,GO:0034329,cell junction assembly,M1,1,0
1,-3.1,M124,PID CXCR4 PATHWAY,M1,1,0
1,-7.8,GO:0060537,muscle tissue development,M1,1,0
1,-6,GO:0031589,cell-substrate adhesion,M1,1,0
1,-2.2,GO:0042472,inner ear morphogenesis,M1,1,0
1,-2.1,GO:0006882,intracellular zinc ion homeostasis,M1,1,0
1,-3.5,GO:0051149,positive regulation of muscle cell differentiation,M1,1,0
1,-2.9,GO:0060415,muscle tissue morphogenesis,M1,1,0
1,-4.8,hsa05146,Amoebiasis,M1,1,0
1,-5.8,GO:0001666,response to hypoxia,M1,1,0
1,-2.5,GO:0070169,positive regulation of biomineral tissue development,M1,1,0
1,-11,GO:0048598,embryonic morphogenesis,M1,1,0
1,-3.5,GO:0014823,response to activity,M1,1,0
1,-2.1,GO:0003180,aortic valve morphogenesis,M1,1,0
1,-3.2,GO:0061099,negative regulation of protein tyrosine kinase activity,M1,1,0
1,-2.1,GO:0071901,negative regulation of protein serine/threonine kinase activity,M1,1,0
1,-4.6,GO:0030856,regulation of epithelial cell differentiation,M1,1,0
1,-4.3,GO:0007389,pattern specification process,M1,1,0
1,-2.5,GO:0001706,endoderm formation,M1,1,0
1,-3.3,GO:0045117,azole transmembrane transport,M1,1,0
1,-2.4,R-HSA-446728,Cell junction organization,M1,1,0
1,-5.2,GO:0003272,endocardial cushion formation,M1,1,0
1,-2.7,GO:0045332,phospholipid translocation,M1,1,0
1,-2.9,GO:0030501,positive regulation of bone mineralization,M1,1,0
1,-2.8,GO:0008286,insulin receptor signaling pathway,M1,1,0
1,-3.4,R-HSA-196849,Metabolism of water-soluble vitamins and cofactors,M1,1,0
1,-2.5,hsa04310,Wnt signaling pathway,M1,1,0
1,-5,GO:0007566,embryo implantation,M1,1,0
1,-3.2,GO:0097529,myeloid leukocyte migration,M1,1,0
1,-2.8,GO:0046890,regulation of lipid biosynthetic process,M1,1,0
1,-3,GO:0042594,response to starvation,M1,1,0
1,-19,GO:0003013,circulatory system process,M1,1,0
1,-2,GO:0016049,cell growth,M1,1,0
1,-6.3,GO:2000146,negative regulation of cell motility,M1,1,0
1,-3.9,GO:0045937,positive regulation of phosphate metabolic process,M1,1,0
1,-2.3,GO:0097035,regulation of membrane lipid distribution,M1,1,0
1,-2.9,GO:0072089,stem cell proliferation,M1,1,0
1,-2.5,GO:0042984,regulation of amyloid precursor protein biosynthetic process,M1,1,0
1,-6,GO:0060541,respiratory system development,M1,1,0
1,-2.6,R-HSA-9730414,MITF-M-regulated melanocyte development,M1,1,0
1,-2.6,GO:2000810,regulation of bicellular tight junction assembly,M1,1,0
1,-7.2,R-HSA-8957275,Post-translational protein phosphorylation,M1,1,0
1,-2.3,GO:0090398,cellular senescence,M1,1,0
1,-2.2,GO:0035909,aorta morphogenesis,M1,1,0
1,-2.6,GO:0009299,mRNA transcription,M1,1,0
1,-5.4,GO:0090066,regulation of anatomical structure size,M1,1,0
1,-3.4,hsa04514,Cell adhesion molecules,M1,1,0
1,-3.6,GO:0042311,vasodilation,M1,1,0
1,-2.3,GO:0071577,zinc ion transmembrane transport,M1,1,0
1,-5.7,GO:0048589,developmental growth,M1,1,0
1,-3,R-HSA-425393,Transport of inorganic cations/anions and amino acids/oligopeptides,M1,1,0
1,-2.8,WP4758,Nephrotic syndrome,M1,1,0
1,-2.2,GO:0150116,regulation of cell-substrate junction organization,M1,1,0
1,-3.4,GO:0006935,chemotaxis,M1,1,0
1,-3.2,GO:0007043,cell-cell junction assembly,M1,1,0
1,-3.2,GO:1904062,regulation of monoatomic cation transmembrane transport,M1,1,0
1,-2.7,GO:0007492,endoderm development,M1,1,0
1,-4,GO:0062043,positive regulation of cardiac epithelial to mesenchymal transition,M1,1,0
1,-3.7,GO:0048880,sensory system development,M1,1,0
1,-8.3,GO:0071363,cellular response to growth factor stimulus,M1,1,0
1,-4,GO:0150115,cell-substrate junction organization,M1,1,0
1,-3.2,GO:0140115,export across plasma membrane,M1,1,0
1,-2.6,GO:0034762,regulation of transmembrane transport,M1,1,0
1,-3.6,WP2643,Nanoparticle mediated activation of receptor signaling,M1,1,0
1,-2.6,M118,PID INTEGRIN A9B1 PATHWAY,M1,1,0
1,-2.1,GO:0051098,regulation of binding,M1,1,0
1,-2.1,hsa04960,Aldosterone-regulated sodium reabsorption,M1,1,0
1,-3.7,GO:0045936,negative regulation of phosphate metabolic process,M1,1,0
1,-7.3,hsa04512,ECM-receptor interaction,M1,1,0
1,-5.2,R-HSA-388396,GPCR downstream signalling,M1,1,0
1,-3.9,GO:0007368,determination of left/right symmetry,M1,1,0
1,-7.6,GO:0030029,actin filament-based process,M1,1,0
1,-3.1,WP3614,Photodynamic therapy induced HIF 1 survival signaling,M1,1,0
1,-4.4,GO:0048864,stem cell development,M1,1,0
1,-4.9,GO:2000181,negative regulation of blood vessel morphogenesis,M1,1,0
1,-3.2,GO:0001934,positive regulation of protein phosphorylation,M1,1,0
1,-2.3,GO:0046777,protein autophosphorylation,M1,1,0
1,-2.1,R-HSA-418346,Platelet homeostasis,M1,1,0
1,-3.2,GO:0052547,regulation of peptidase activity,M1,1,0
1,-3.9,GO:0010720,positive regulation of cell development,M1,1,0
1,-2.9,GO:0062197,cellular response to chemical stress,M1,1,0
1,-2.2,R-HSA-3858494,Beta-catenin independent WNT signaling,M1,1,0
1,-3.5,hsa04934,Cushing syndrome,M1,1,0
1,-2.5,GO:2000116,regulation of cysteine-type endopeptidase activity,M1,1,0
1,-4.5,GO:0032103,positive regulation of response to external stimulus,M1,1,0
1,-3.3,GO:0120193,tight junction organization,M1,1,0
1,-10,GO:0060562,epithelial tube morphogenesis,M1,1,0
1,-2.9,GO:0120161,regulation of cold-induced thermogenesis,M1,1,0
1,-4.4,GO:0035023,regulation of Rho protein signal transduction,M1,1,0
1,-2.7,GO:0046822,regulation of nucleocytoplasmic transport,M1,1,0
1,-3.9,GO:0051384,response to glucocorticoid,M1,1,0
1,-3.4,hsa04727,GABAergic synapse,M1,1,0
1,-9.3,GO:0008015,blood circulation,M1,1,0
1,-3,WP5083,Neuroinflammation and glutamatergic signaling,M1,1,0
1,-2.8,GO:0043555,regulation of translation in response to stress,M1,1,0
1,-24,GO:0035239,tube morphogenesis,M1,1,0
1,-2.2,GO:0080135,regulation of cellular response to stress,M1,1,0
1,-3.6,GO:0051897,positive regulation of phosphatidylinositol 3-kinase/protein kinase B signal transduction,M1,1,0
1,-2.6,hsa04935,"Growth hormone synthesis, secretion and action",M1,1,0
1,-2.2,GO:0022604,regulation of cell morphogenesis,M1,1,0
1,-5.7,GO:0040007,growth,M1,1,0
1,-5.4,GO:0032835,glomerulus development,M1,1,0
1,-2.1,GO:0019218,regulation of steroid metabolic process,M1,1,0
1,-3.4,GO:0038063,collagen-activated tyrosine kinase receptor signaling pathway,M1,1,0
1,-6.4,GO:0071559,response to transforming growth factor beta,M1,1,0
1,-2.6,GO:0009952,anterior/posterior pattern specification,M1,1,0
1,-3.8,GO:0072006,nephron development,M1,1,0
1,-2.1,GO:0007009,plasma membrane organization,M1,1,0
1,-3.9,GO:0006873,intracellular monoatomic ion homeostasis,M1,1,0
1,-3.2,GO:0032232,negative regulation of actin filament bundle assembly,M1,1,0
1,-5.3,GO:0061440,kidney vasculature development,M1,1,0
1,-4.5,GO:0045165,cell fate commitment,M1,1,0
1,-3,GO:0030575,nuclear body organization,M1,1,0
1,-11,WP3932,Focal adhesion PI3K Akt mTOR signaling,M1,1,0
1,-3.2,GO:0042471,ear morphogenesis,M1,1,0
1,-4.5,GO:0003151,outflow tract morphogenesis,M1,1,0
1,-5.6,GO:0003230,cardiac atrium development,M1,1,0
1,-5.7,GO:0007162,negative regulation of cell adhesion,M1,1,0
1,-4.4,hsa04670,Leukocyte transendothelial migration,M1,1,0
1,-7.3,GO:0015849,organic acid transport,M1,1,0
1,-3.2,GO:0006525,arginine metabolic process,M1,1,0
1,-5.3,GO:0042060,wound healing,M1,1,0
1,-4.1,GO:0098739,import across plasma membrane,M1,1,0
1,-8.1,GO:0007167,enzyme-linked receptor protein signaling pathway,M1,1,0
1,-2.9,GO:0016055,Wnt signaling pathway,M1,1,0
1,-2.3,GO:0006767,water-soluble vitamin metabolic process,M1,1,0
1,-3.3,WP2355,Corticotropin releasing hormone signaling,M1,1,0
1,-2.5,GO:0007159,leukocyte cell-cell adhesion,M1,1,0
1,-2.5,GO:0034204,lipid translocation,M1,1,0
1,-6.7,GO:0030036,actin cytoskeleton organization,M1,1,0
1,-4.1,GO:0035924,cellular response to vascular endothelial growth factor stimulus,M1,1,0
1,-4.6,WP5115,Network map of SARS CoV 2 signaling,M1,1,0
1,-3.3,GO:0010959,regulation of metal ion transport,M1,1,0
1,-2.6,GO:0003014,renal system process,M1,1,0
1,-4.7,GO:0071496,cellular response to external stimulus,M1,1,0
1,-4.6,GO:0071375,cellular response to peptide hormone stimulus,M1,1,0
1,-3.7,GO:0044403,biological process involved in symbiotic interaction,M1,1,0
1,-2.4,GO:0060135,maternal process involved in female pregnancy,M1,1,0
1,-3.4,WP2840,Hair follicle development cytodifferentiation stage 3 of 3,M1,1,0
1,-3.2,WP474,Endochondral ossification,M1,1,0
1,-4.6,WP2884,NRF2 pathway,M1,1,0
1,-4.2,GO:0006814,sodium ion transport,M1,1,0
1,-3.1,GO:2001212,regulation of vasculogenesis,M1,1,0
1,-4.1,GO:0030097,hemopoiesis,M1,1,0
1,-3,GO:0045445,myoblast differentiation,M1,1,0
1,-2.6,R-HSA-109582,Hemostasis,M1,1,0
1,-4.1,hsa04611,Platelet activation,M1,1,0
1,-2.3,hsa01522,Endocrine resistance,M1,1,0
1,-7.5,GO:0045446,endothelial cell differentiation,M1,1,0
1,-3.8,GO:0009855,determination of bilateral symmetry,M1,1,0
1,-2.8,GO:0007188,adenylate cyclase-modulating G protein-coupled receptor signaling pathway,M1,1,0
1,-5.4,GO:0071774,response to fibroblast growth factor,M1,1,0
1,-2.4,GO:0051668,localization within membrane,M1,1,0
1,-3.2,GO:0051895,negative regulation of focal adhesion assembly,M1,1,0
1,-5.3,CORUM:2383,ITGA5-ITGB1-FN1-TGM2 complex,M1,1,0
1,-3.8,GO:0035265,organ growth,M1,1,0
1,-2.2,GO:0045940,positive regulation of steroid metabolic process,M1,1,0
1,-2.1,hsa04150,mTOR signaling pathway,M1,1,0
1,-2.9,GO:0042886,amide transport,M1,1,0
1,-3.5,GO:0036302,atrioventricular canal development,M1,1,0
1,-3.6,GO:0062042,regulation of cardiac epithelial to mesenchymal transition,M1,1,0
1,-2.8,WP428,Wnt signaling,M1,1,0
1,-2,WP5474,Catabolism of skeletal muscle in cachexia,M1,1,0
1,-5.5,R-HSA-372790,Signaling by GPCR,M1,1,0
1,-2,R-HSA-76002,"Platelet activation, signaling and aggregation",M1,1,0
1,-6.1,WP2857,Mesodermal commitment pathway,M1,1,0
1,-3,GO:1903706,regulation of hemopoiesis,M1,1,0
1,-2.1,GO:0002695,negative regulation of leukocyte activation,M1,1,0
1,-3.1,GO:0045637,regulation of myeloid cell differentiation,M1,1,0
1,-2.6,GO:0060324,face development,M1,1,0
1,-4.5,GO:0001649,osteoblast differentiation,M1,1,0
1,-2.6,GO:1902904,negative regulation of supramolecular fiber organization,M1,1,0
1,-4.1,GO:0048732,gland development,M1,1,0
1,-4.6,GO:0060972,left/right pattern formation,M1,1,0
1,-2.6,GO:0098660,inorganic ion transmembrane transport,M1,1,0
1,-3,R-HSA-418555,G alpha (s) signalling events,M1,1,0
1,-13,GO:1901342,regulation of vasculature development,M1,1,0
1,-2.3,GO:1902742,apoptotic process involved in development,M1,1,0
1,-2.4,WP2806,Complement system,M1,1,0
1,-4.5,GO:0003279,cardiac septum development,M1,1,0
1,-3.1,WP3680,Physico chemical features and toxicity associated pathways,M1,1,0
1,-2.4,GO:0006865,amino acid transport,M1,1,0
1,-2.8,R-HSA-193704,p75 NTR receptor-mediated signalling,M1,1,0
1,-11,GO:0001894,tissue homeostasis,M1,1,0
1,-3.6,GO:0031547,brain-derived neurotrophic factor receptor signaling pathway,M1,1,0
1,-2.2,WP2324,AGE RAGE pathway,M1,1,0
1,-7.7,GO:0003206,cardiac chamber morphogenesis,M1,1,0
1,-4,GO:0001709,cell fate determination,M1,1,0
1,-2.7,GO:0006929,substrate-dependent cell migration,M1,1,0
1,-3.1,WP3859,TGF beta signaling in thyroid cells for epithelial mesenchymal transition,M1,1,0
1,-4.8,GO:0007517,muscle organ development,M1,1,0
1,-4.4,GO:0032956,regulation of actin cytoskeleton organization,M1,1,0
1,-3.7,GO:0090100,positive regulation of transmembrane receptor protein serine/threonine kinase signaling pathway,M1,1,0
1,-2.8,R-HSA-193648,NRAGE signals death through JNK,M1,1,0
1,-2.7,WP410,Exercise induced circadian regulation,M1,1,0
1,-2.4,GO:0007420,brain development,M1,1,0
1,-2.5,GO:1901654,response to ketone,M1,1,0
1,-3.3,GO:0051336,regulation of hydrolase activity,M1,1,0
1,-2.3,GO:0003073,regulation of systemic arterial blood pressure,M1,1,0
1,-2.1,WP5269,Genetic causes of porto sinusoidal vascular disease,M1,1,0
1,-4.8,GO:0048545,response to steroid hormone,M1,1,0
1,-2.7,hsa05160,Hepatitis C,M1,1,0
1,-3.4,hsa05205,Proteoglycans in cancer,M1,1,0
1,-2.2,GO:1901889,negative regulation of cell junction assembly,M1,1,0
1,-3.7,GO:0043542,endothelial cell migration,M1,1,0
1,-8.1,GO:0043068,positive regulation of programmed cell death,M1,1,0
1,-5.2,GO:0032964,collagen biosynthetic process,M1,1,0
1,-4.2,GO:0015734,taurine transmembrane transport,M1,1,0
1,-3.1,GO:0120035,regulation of plasma membrane bounded cell projection organization,M1,1,0
1,-7.1,GO:0003197,endocardial cushion development,M1,1,0
1,-3.1,GO:0040011,locomotion,M1,1,0
1,-3.6,GO:0038109,Kit signaling pathway,M1,1,0
1,-2.9,GO:0031344,regulation of cell projection organization,M1,1,0
1,-3,M167,PID AP1 PATHWAY,M1,1,0
1,-3.3,WP313,Hepatocyte growth factor receptor signaling,M1,1,0
1,-2.4,GO:0061041,regulation of wound healing,M1,1,0
1,-7.3,GO:0071345,cellular response to cytokine stimulus,M1,1,0
1,-2.5,GO:0010460,positive regulation of heart rate,M1,1,0
1,-2.2,GO:0032673,regulation of interleukin-4 production,M1,1,0
1,-3,GO:0045926,negative regulation of growth,M1,1,0
1,-2.8,GO:0051054,positive regulation of DNA metabolic process,M1,1,0
1,-5.9,GO:0001570,vasculogenesis,M1,1,0
1,-3.9,GO:0071396,cellular response to lipid,M1,1,0
1,-3.9,GO:0007160,cell-matrix adhesion,M1,1,0
1,-4.2,GO:0031960,response to corticosteroid,M1,1,0
1,-3.6,R-HSA-196854,Metabolism of vitamins and cofactors,M1,1,0
1,-3.3,GO:0003012,muscle system process,M1,1,0
1,-3.1,GO:1903522,regulation of blood circulation,M1,1,0
1,-4.9,GO:0030001,metal ion transport,M1,1,0
1,-2.7,GO:0061484,hematopoietic stem cell homeostasis,M1,1,0
1,-2.2,R-HSA-3769402,Deactivation of the beta-catenin transactivating complex,M1,1,0
1,-5.4,M158,PID INTEGRIN4 PATHWAY,M1,1,0
1,-3.9,GO:0010562,positive regulation of phosphorus metabolic process,M1,1,0
1,-3.1,GO:0071392,cellular response to estradiol stimulus,M1,1,0
1,-5.1,GO:0035296,regulation of tube diameter,M1,1,0
1,-4,WP366,TGF beta signaling pathway,M1,1,0
1,-2.5,GO:0006937,regulation of muscle contraction,M1,1,0
1,-2.5,GO:0060317,cardiac epithelial to mesenchymal transition,M1,1,0
1,-3.1,GO:0089718,amino acid import across plasma membrane,M1,1,0
1,-5.5,WP2911,miRNA targets in ECM and membrane receptors,M1,1,0
1,-2.2,GO:0090132,epithelium migration,M1,1,0
1,-5.3,R-HSA-9012999,RHO GTPase cycle,M1,1,0
