_MEMBER_hits,_LogP_hits,GO,Description,_PATTERN_,_RANK_,CHILD_GO_hits
1,-25.087559236231485,GO:0032502,developmental process,M1,1,GO:0001944 vasculature development
1,-18.765266707885914,GO:0032501,multicellular organismal process,M1,1,GO:0003013 circulatory system process
1,-11.308690140542492,GO:0042592,homeostatic process,M1,1,GO:0048871 multicellular organismal-level homeostasis
1,-10.741361024528354,GO:0040011,locomotion,M1,1,GO:2000147 positive regulation of cell motility
1,-9.797690008394168,GO:0050896,response to stimulus,M1,1,GO:0070848 response to growth factor
1,-9.707492693495109,GO:0051179,localization,M1,1,GO:0150104 transport across blood-brain barrier
1,-8.947529993512887,GO:0048519,negative regulation of biological process,M1,1,GO:0008285 negative regulation of cell population proliferation
1,-8.44609022771885,GO:0050789,regulation of biological process,M1,1,GO:0042325 regulation of phosphorylation
1,-8.323737407242286,GO:0048518,positive regulation of biological process,M1,1,GO:0043065 positive regulation of apoptotic process
1,-8.126666423087926,GO:0009987,cellular process,M1,1,GO:0008283 cell population proliferation
1,-6.436618951617167,GO:0040007,growth,M1,1,GO:0040008 regulation of growth
1,-5.441991962061944,GO:0022414,reproductive process,M1,1,GO:0007565 female pregnancy
1,-5.424375313779268,GO:0065007,biological regulation,M1,1,GO:0090066 regulation of anatomical structure size
1,-4.821625087482025,GO:0002376,immune system process,M1,1,GO:0050900 leukocyte migration
1,-3.7349183466488567,GO:0044419,biological process involved in interspecies interaction between organisms,M1,1,GO:0044403 biological process involved in symbiotic interaction
1,-3.428589824966758,GO:0016032,viral process,M1,1,GO:0050792 regulation of viral process
1,-2.223147599514707,GO:0098754,detoxification,M1,1,GO:0098754 detoxification
