Network,Annotation
hits,GO:0001944|vasculature development|-27.4;GO:0035239|tube morphogenesis|-27.0;GO:0001568|blood vessel development|-25.8
hits_MCODE_ALL,M18|PID INTEGRIN1 PATHWAY|-16.2;hsa04512|ECM-receptor interaction|-15.1;WP306|Focal adhesion|-14.3
hits_SUB1_MCODE_1,M18|PID INTEGRIN1 PATHWAY|-21.5;hsa04512|ECM-receptor interaction|-20.4;WP306|Focal adhesion|-17.5
hits_SUB1_MCODE_2,M44|PID HIF2PATHWAY|-7.6;GO:0001525|angiogenesis|-6.6;GO:0048514|blood vessel morphogenesis|-6.2
hits_SUB1_MCODE_4,R-HSA-416476|G alpha (q) signalling events|-6.6;GO:0003018|vascular process in circulatory system|-6.1;R-HSA-373076|Class A/1 (Rhodopsin-like receptors)|-5.9
