Cluster,Score,Type,Gene,Symbol,Network
1,3.5,Clustered,3672,ITGA1,hits_SUB1
1,3.5,Seed,3910,LAMA4,hits_SUB1
1,3.5,Clustered,3911,LAMA5,hits_SUB1
1,3.5,Clustered,3915,LAMC1,hits_SUB1
1,3.5,Clustered,22801,ITGA11,hits_SUB1
1,3.5,Clustered,3908,LAMA2,hits_SUB1
1,3.5,Clustered,3913,LAMB2,hits_SUB1
1,3.5,Clustered,3688,ITGB1,hits_SUB1
3,1.5,Clustered,10155,TRIM28,hits_SUB1
3,1.5,Clustered,26136,TES,hits_SUB1
3,1.5,Clustered,2275,FHL3,hits_SUB1
3,1.5,Clustered,5371,PML,hits_SUB1
2,1.1666666666666667,Clustered,2113,ETS1,hits_SUB1
2,1.1666666666666667,Clustered,2034,EPAS1,hits_SUB1
2,1.1666666666666667,Clustered,2321,FLT1,hits_SUB1
2,1.1666666666666667,Clustered,94,ACVRL1,hits_SUB1
2,1.1666666666666667,Clustered,8848,TSC22D1,hits_SUB1
2,1.1666666666666667,Clustered,90,ACVR1,hits_SUB1
4,1.0,Clustered,1909,EDNRA,hits_SUB1
4,1.0,Clustered,2828,GPR4,hits_SUB1
4,1.0,Clustered,1908,EDN3,hits_SUB1
